,/amdcpu/0/load/2,/amdcpu/0/load/3,/amdcpu/0/load/4,/amdcpu/0/load/5,/amdcpu/0/load/6,/amdcpu/0/load/7,/amdcpu/0/load/8,/amdcpu/0/load/9,/amdcpu/0/load/10,/amdcpu/0/load/11,/amdcpu/0/load/12,/amdcpu/0/load/13,/amdcpu/0/load/0,/amdcpu/0/load/1,/amdcpu/0/power/0,/amdcpu/0/clock/1,/amdcpu/0/clock/2,/amdcpu/0/clock/3,/amdcpu/0/clock/4,/amdcpu/0/factor/0,/amdcpu/0/power/1,/amdcpu/0/voltage/2,/amdcpu/0/clock/5,/amdcpu/0/clock/6,/amdcpu/0/factor/1,/amdcpu/0/power/2,/amdcpu/0/voltage/3,/amdcpu/0/clock/7,/amdcpu/0/clock/8,/amdcpu/0/factor/2,/amdcpu/0/power/3,/amdcpu/0/voltage/4,/amdcpu/0/clock/9,/amdcpu/0/clock/10,/amdcpu/0/factor/3,/amdcpu/0/power/4,/amdcpu/0/voltage/5,/amdcpu/0/clock/11,/amdcpu/0/clock/12,/amdcpu/0/factor/4,/amdcpu/0/power/5,/amdcpu/0/voltage/6,/amdcpu/0/clock/13,/amdcpu/0/clock/14,/amdcpu/0/factor/5,/amdcpu/0/power/6,/amdcpu/0/voltage/7,/amdcpu/0/temperature/2,/amdcpu/0/voltage/0,/amdcpu/0/voltage/1,/amdcpu/0/clock/0
Time,"CPU Core #1","CPU Core #2","CPU Core #3","CPU Core #4","CPU Core #5","CPU Core #6","CPU Core #7","CPU Core #8","CPU Core #9","CPU Core #10","CPU Core #11","CPU Core #12","CPU Total","CPU Core Max","Package","Cores (Average)","Cores (Average Effective)","Core #1","Core #1 (Effective)","Core #1","Core #1 (SMU)","Core #1 VID","Core #2","Core #2 (Effective)","Core #2","Core #2 (SMU)","Core #2 VID","Core #3","Core #3 (Effective)","Core #3","Core #3 (SMU)","Core #3 VID","Core #4","Core #4 (Effective)","Core #4","Core #4 (SMU)","Core #4 VID","Core #5","Core #5 (Effective)","Core #5","Core #5 (SMU)","Core #5 VID","Core #6","Core #6 (Effective)","Core #6","Core #6 (SMU)","Core #6 VID","Core (Tctl/Tdie)","Core (SVI2 TFN)","SoC (SVI2 TFN)","Bus Speed"
09/07/2026 14:01:42,9.38,6.25,25,25,28.12,23.44,9.38,10.94,12.5,14.06,40.62,46.88,20.96,46.88,16.3082428,3980,823,4042,366,40.5,0.8040147,1.35,4042,1009,40.5,2.41453862,1.35,4042,1022.5,40.5,2.42691326,1.35,3918,406,39.25,0.9848185,1.26875,3918,485,39.25,1.093604,1.26875,3918,1650.5,39.25,3.60077786,1.26875,85.125,1.55,1.55,99.8092041
09/07/2026 14:01:44,25,10.77,26.15,24.62,14.06,7.81,48.44,42.19,26.56,20,18.75,21.88,23.85,48.44,16.5810833,2992,862,1752,518,17.5555553,1.20971441,1.275,3643,1064.5,36.5,2.634077,1.19375,3643,359.5,36.5,0.8720804,1.19375,3643,1609.5,36.5,3.463577,1.19375,3643,859.5,36.5,1.90784848,1.19375,1630,758.5,16.333334,1.74819052,1.19375,85.375,1.55,1.55,99.80915
09/07/2026 14:01:46,26.09,7.35,34.78,32.35,21.74,13.24,46.38,39.71,20.29,17.39,8.7,23.19,24.27,46.38,16.610445,3269,858,4017,485,40.25,1.13484693,1.3625,1785,1324.5,17.88889,3.12237215,1.3625,4017,623.5,40.25,1.44731164,1.3625,1785,1520.5,17.88889,3.32678,1.3625,3992,622,40,1.29181886,1.3625,4017,575.5,40.25,1.56441534,1.3625,85.5,1.55,1.55,99.80917
09/07/2026 14:01:48,25,12.5,23.44,40.62,23.44,18.75,43.75,43.75,7.81,12.5,6.25,9.38,22.27,43.75,16.5584431,3628,815,3992,690.5,40,1.71994913,1.3125,4017,1340.5,40.25,3.26730514,1.3375,4017,705,40.25,1.75014353,1.3375,1785,1510,17.88889,3.34847784,1.3375,4017,380.5,40.25,0.8377948,1.3375,3942,263,39.5,0.629743934,1.2875,85.375,1.55,1.55,99.80921
09/07/2026 14:01:50,13.85,7.69,9.23,13.85,4.62,12.31,27.69,21.54,10.77,18.46,21.54,30.77,16.03,30.77,14.4551239,3294,571,1797,347,18,1.00567365,1.3625,4042,343.5,40.5,1.13451147,1.3625,4042,533,40.5,1.6304189,1.35,1797,639.5,18,1.70922542,1.35,4042,584,40.5,1.86520672,1.3625,4042,976.5,40.5,2.944676,1.3625,85.125,1.55,1.55,99.8092
09/07/2026 14:01:52,12.5,9.38,4.69,0,25,17.19,26.56,6.25,18.75,17.46,14.29,25,14.75,26.56,14.8386459,2916,552,4042,448.5,40.5,1.37919188,1.3625,1797,167.5,18,0.39643985,1.3625,1785,719,17.88889,2.198555,1.35,1785,528.5,17.88889,1.65387952,1.35,4042,736,40.5,2.367837,1.35,4042,709.5,40.5,2.35047674,1.35,84.5,1.55,1.55,99.80919
09/07/2026 14:01:54,20.31,9.38,28.12,14.29,23.44,34.38,20.31,28.57,15.87,26.56,24.62,29.69,22.96,34.38,18.6973743,2531,985,1797,786,18,1.87388766,1.35625,4017,878,40.25,2.143899,1.36875,1785,998.5,17.88889,2.30502534,1.3625,1785,1104.5,17.88889,2.47879577,1.3625,1785,908,17.88889,2.32755733,1.3625,4017,1234.5,40.25,3.0211668,1.3625,84.25,1.55,1.55,99.80915
09/07/2026 14:01:56,21.88,18.75,14.06,12.5,15.62,32.81,17.19,10.94,12.5,21.88,18.75,14.06,17.58,32.81,16.3706646,2545,750,4042,900.5,40.5,2.40528679,1.35625,1797,471.5,18,0.9023287,1.35625,1797,1057.5,18,2.90304279,1.35625,1797,603,18,1.50541651,1.35625,1797,774.5,18,1.96383965,1.35625,4042,693,40.5,1.77544689,1.35625,84.375,1.55,1.55,99.80915
09/07/2026 14:01:58,39.06,12.5,35.94,18.75,37.5,23.44,50,18.75,25,14.06,23.44,18.75,26.43,50,20.9397354,3460,1091,3768,1047.5,37.75,2.561449,1.225,3768,1037,37.75,2.46691465,1.225,3768,1292,37.75,3.53086948,1.225,3768,1300.5,37.75,3.51785731,1.225,3793,930,38,2.2891643,1.225,1896,936.5,19,2.0974803,1.225,84.25,1.55,1.55,99.80923
09/07/2026 14:02:00,43.08,12.31,46.15,13.85,29.23,15.38,61.54,18.46,41.54,30.77,27.69,35.38,31.28,61.54,21.5771313,3224,1206,1763,1208,17.666666,3.52541566,1.31875,1763,974.5,17.666666,2.52917457,1.31875,3967,941,39.75,2.27929163,1.3,3967,1447.5,39.75,3.818506,1.3,3942,1354.5,39.5,3.3624742,1.28125,3942,1312,39.5,3.50454783,1.28125,85.125,1.55,1.55,99.80917
09/07/2026 14:02:02,12.5,9.38,7.81,9.38,12.5,7.81,29.69,50,14.06,12.5,0,10.94,14.71,50,13.9019184,3668,558,4042,239.5,40.5,0.6738472,1.375,1797,397.5,18,1.23504722,1.375,4042,476,40.5,1.4378252,1.375,4042,1537,40.5,4.67491436,1.375,4042,514,40.5,1.0551163,1.375,4042,183,40.5,0.382478684,1.3625,85.375,1.55,1.55,99.80919
09/07/2026 14:02:04,21.54,15.38,4.62,3.08,6.15,6.15,27.69,7.69,13.85,27.69,7.69,4.62,12.18,27.69,13.4893951,3140,518,1686,722,16.88889,2.408271,1.24375,1686,165,16.88889,0.374430954,1.24375,3818,312.5,38.25,0.887574136,1.24375,3818,687,38.25,2.092462,1.2375,3818,944,38.25,2.81687665,1.2375,4017,277.5,40.25,0.7646623,1.3125,85.125,1.55,1.55,99.80918
09/07/2026 14:02:06,15.87,3.12,7.81,9.52,9.52,12.7,25.4,37.1,19.05,31.25,18.46,28.57,18.2,37.1,14.70129,2904,687,1774,252.5,17.7777786,0.457083583,1.3625,1774,339.5,17.7777786,0.739079833,1.3625,3992,486.5,40,1.22528458,1.3625,4042,1198,40.5,3.42263269,1.35625,1797,949,18,2.51520157,1.36875,4042,896,40.5,2.66686964,1.36875,85.125,1.55,1.55,99.80919
09/07/2026 14:02:08,12.5,4.62,4.69,4.62,20.31,23.44,9.38,6.25,12.5,15.15,12.5,20,12.16,23.44,13.2210226,3294,484,4042,264.5,40.5,0.822882056,1.35625,1797,169,18,0.460655361,1.38125,4042,979.5,40.5,3.09177375,1.38125,1797,194.5,18,0.557223737,1.38125,4042,706.5,40.5,2.21300387,1.38125,4042,588,40.5,1.87912333,1.36875,84.75,1.55,1.55,99.80908
09/07/2026 14:02:10,9.52,9.52,20.63,26.98,15.87,9.52,66.67,53.97,9.52,9.52,14.29,22.22,22.35,66.67,16.1821518,2762,864,1397,325.5,14,0.7529268,1.2625,1697,855,17,2.00697756,1.25,3818,387.5,38.25,0.8563755,1.25,3818,2466,38.25,5.30373859,1.25,4042,387,40.5,0.9155658,1.36875,1797,761.5,18,1.75811338,1.36875,85,1.55,1.55,99.80922
09/07/2026 14:02:12,19.05,12.7,26.98,28.57,11.11,4.76,46.03,49.21,6.35,3.17,19.05,25.4,21.03,49.21,15.0873117,3179,754,1708,504,17.11111,1.20877731,1.24375,3843,966.5,38.5,2.26585364,1.24375,1921,281.5,19.25,0.6263972,1.24375,3843,1783.5,38.5,3.83144641,1.24375,3843,197,38.5,0.419621229,1.24375,3918,792,39.25,1.75750947,1.2875,85.375,1.55,1.55,99.809166
09/07/2026 14:02:14,9.38,9.38,17.19,18.75,3.12,4.69,46.88,40.62,15.62,25,20.31,26.98,19.83,46.88,14.60321,3198,737,1708,405,17.11111,0.9650734,1.25,1708,711,17.11111,1.69297659,1.25,3843,121,38.5,0.277013749,1.25,3843,1672,38.5,3.47529554,1.25,4042,647,40.5,1.37308359,1.35625,4042,868,40.5,1.934826,1.35625,85.5,1.55,1.55,99.809166
09/07/2026 14:02:16,13.64,13.64,22.73,40.3,6.06,4.48,34.85,36.36,37.88,34.85,18.18,31.82,24.56,40.3,15.6628237,2756,818,3768,409,37.75,0.9745425,1.25,1675,897,16.7777786,2.21751618,1.25,1675,276,16.7777786,0.6965298,1.25,3768,1088,37.75,2.4605968,1.25,3768,1315.5,37.75,2.79374862,1.25,1884,920.5,18.875,2.00274825,1.25,85.625,1.55,1.55,99.80925
09/07/2026 14:02:18,9.38,6.15,7.69,9.38,9.23,3.08,17.19,18.75,32.81,33.85,40.62,43.75,19.32,43.75,14.9409275,2889,744,1710,232.5,17.88889,0.5111438,1.3625,4017,371.5,40.25,0.8984826,1.3625,4017,289,40.25,0.7084542,1.3625,4042,704.5,40.5,1.40493536,1.3625,1774,1300.5,17.7777786,2.813498,1.33125,1774,1563.5,17.7777786,3.59105325,1.33125,85.5,1.55,1.55,99.80914
09/07/2026 14:02:20,18.46,1.52,13.64,13.64,14.93,7.46,27.69,21.54,26.15,27.69,21.74,32.31,18.9,32.31,15.0388441,2893,685,1774,308.5,17.7777786,0.7679129,1.31875,1774,512.5,17.7777786,1.417566,1.31875,3992,411,40,1.04510391,1.31875,4017,920,40.25,2.65476155,1.35,1785,957,17.88889,1.990101,1.35,4017,1003.5,40.25,2.99118066,1.35,85.25,1.55,1.55,99.80917
09/07/2026 14:02:22,9.23,0,6.25,6.25,15.62,40,9.23,12.31,3.03,15.38,1.56,23.08,11.83,40,13.5346117,2345,475,1397,130,14,0.3650775,1.35,1397,236,14,0.7652609,1.35,1397,1261.5,14,4.424363,1.35,1797,395,18,1.13756132,1.35,4042,400,40.5,1.41192436,1.375,4042,430,40.5,1.28113151,1.375,84.75,1.55,1.55,99.80916
09/07/2026 14:02:24,7.81,4.55,6.25,3.08,3.08,3.12,25,28.12,20.31,40,17.19,29.69,15.68,40,13.6367216,2842,520,3967,208,39.75,0.5472843,1.31875,1699,90,17.666666,0.215502292,1.31875,3942,125,39.5,0.2787169,1.31875,3942,908.5,39.5,2.65989757,1.31875,1752,969.5,17.5555553,3.052653,1.31875,1752,817.5,17.5555553,2.61513877,1.31875,84.75,1.55,1.55,99.80922
09/07/2026 14:02:26,17.46,9.52,11.11,7.94,15.87,17.46,41.27,34.92,22.22,31.75,12.7,12.7,19.58,41.27,14.2614994,3171,632,1397,195.5,14,0.436324328,1.35625,1763,233,17.666666,0.5425867,1.31875,3967,476.5,39.75,1.406233,1.31875,3967,1370.5,39.75,3.649104,1.31875,3967,1049,39.75,3.02042937,1.31875,3967,467.5,39.75,1.22889769,1.31875,84.875,1.55,1.55,99.809166
09/07/2026 14:02:28,15.62,6.25,4.69,1.56,4.69,1.56,21.88,14.29,23.44,64.06,1.56,62.5,18.51,64.06,18.8573971,2272,742,1976,367,19.8,1.00415337,1.24375,1235,275.5,12.375,0.6459127,1.24375,1235,222,12.375,0.5087276,1.24375,1697,702,17,2.134518,1.24375,3743,1529,37.5,4.573342,1.2375,3743,1353.5,37.5,5.269043,1.2375,85.125,1.55,1.55,99.80916
09/07/2026 14:02:30,51.56,25,50,14.06,39.06,28.12,51.56,28.12,28.12,29.69,29.69,26.56,33.46,51.56,23.9953365,3232,1290,3967,1526,39.75,4.54097033,1.325,1763,1180,17.666666,3.12916636,1.325,3967,1354,39.75,3.3313067,1.325,3967,1456,39.75,3.196884,1.325,1763,1169,17.666666,2.77676177,1.325,3967,1055,39.75,2.41740823,1.3125,85.25,1.55,1.55,99.80923
09/07/2026 14:02:32,15.38,12.31,24.62,12.5,21.88,21.54,38.46,49.23,30.77,28.12,12.31,29.23,24.7,49.23,16.4785252,2327,660,1313,154,14,0.380617082,1.30625,1397,404,14,1.11905694,1.30625,1397,748.5,14,2.35056686,1.30625,3942,1416.5,39.5,3.79605913,1.3,1971,741.5,19.75,1.96160674,1.3,3942,493,39.5,1.15827644,1.3,85.375,1.55,1.55,99.80918
09/07/2026 14:02:34,6.25,1.56,17.19,53.12,1.56,25,4.69,9.38,3.12,9.38,0,15.62,12.24,53.12,15.6905222,3642,503,1659,80.5,17.88889,0.206320882,1.36875,4042,1490,40.5,5.256741,1.3625,4042,624.5,40.5,2.13535452,1.3625,4025,263.5,40.5,0.7346381,1.3625,4042,268.5,40.5,0.752431631,1.3625,4042,291,40.5,0.747912049,1.36875,85,1.55,1.55,99.8092
09/07/2026 14:02:36,12.5,3.12,14.06,14.06,32.81,12.5,14.06,21.88,12.5,26.56,9.38,21.88,16.28,32.81,16.5539227,2277,632,1397,257.5,14,0.63817215,1.35625,1397,542.5,14,1.49038541,1.35625,1797,902.5,18,2.94037437,1.375,1235,820.5,12.375,2.18774533,1.375,3918,789,39.25,2.24095821,1.29375,3918,477,39.25,1.16830313,1.29375,84.75,1.55,1.55,99.8091
09/07/2026 14:02:38,3.08,7.69,16.92,12.31,4.62,7.69,12.31,20,18.46,18.46,24.62,13.85,13.33,24.62,16.0188713,2920,542,4042,270.5,40.5,0.8059414,1.375,1797,707,18,2.18114948,1.375,1797,233.5,18,0.6332009,1.375,1797,613.5,18,1.92006087,1.375,4042,623,40.5,1.93183625,1.38125,4042,804.5,40.5,2.42369175,1.38125,84.75,1.55,1.55,99.80923
09/07/2026 14:02:40,17.46,7.94,12.7,15.87,33.33,23.81,39.68,36.51,19.05,25.4,4.76,25.4,21.83,39.68,17.2462082,2666,802,1397,261.5,14,0.5807293,1.21875,1397,476.5,14,1.18591487,1.21875,1397,1083.5,14,2.53538918,1.21875,3768,1330,37.75,2.88405681,1.21875,4017,915.5,40.25,1.90081632,1.28125,4017,747.5,40.25,1.70096564,1.28125,85,1.55,1.55,99.80915
09/07/2026 14:02:42,20.63,12.7,19.05,26.98,12.7,14.29,34.92,33.33,39.68,31.75,33.33,42.86,26.85,42.86,17.31673,2298,862,1397,340.5,14,0.7426573,1.33125,3718,814,37.25,1.94738257,1.2,1652,345.5,16.5555553,0.7061387,1.2,3718,1130,37.25,2.425071,1.2,1652,1208.5,16.5555553,2.44992185,1.2,1652,1330.5,16.5555553,2.86858559,1.2,85.5,1.55,1.55,99.80911
09/07/2026 14:02:44,6.25,0,23.44,18.75,10.94,9.38,32.81,26.56,12.5,21.88,37.5,46.88,20.57,46.88,16.67937,2872,772,1624,188,17.5555553,0.378707141,1.28125,3942,677.5,39.5,1.56784487,1.28125,1971,394,19.75,0.906746,1.28125,1763,1113,17.666666,2.31077528,1.3,3967,706,39.75,1.44257975,1.3,3967,1552,39.75,3.300018,1.3,85.625,1.55,1.55,99.80914
09/07/2026 14:02:46,39.06,37.5,42.19,39.06,42.19,35.94,59.38,46.88,37.5,29.69,40.62,35.94,40.49,59.38,23.4168224,3772,1446,3793,1448.5,38,2.79679513,1.2375,3793,1510.5,38,2.91236067,1.2375,3793,1343.5,38,2.637987,1.2375,3793,1614.5,38,3.25144744,1.2375,3793,1153,38,2.292362,1.2375,3668,1603,36.75,3.244826,1.2,85.75,1.55,1.55,99.809166
09/07/2026 14:02:48,24.24,14.06,37.88,36.36,36.36,31.82,16.92,16.67,6.06,10.61,18.18,24.24,22.78,37.88,17.9016323,2520,789,3818,603.5,38.25,1.5153172,1.25,1909,1328.5,19.125,3.151542,1.25,1708,1254.5,17.11111,3.00850081,1.24375,1921,477.5,19.25,1.1263634,1.24375,3843,424.5,38.5,0.9133813,1.24375,1921,643,19.25,1.49222541,1.24375,85.75,1.55,1.55,99.8092
09/07/2026 14:02:50,9.23,3.08,12.31,4.62,10.77,4.69,43.08,18.46,12.31,29.23,4.92,26.15,14.9,43.08,15.1660948,2304,552,1397,175.5,14,0.446120322,1.30625,1397,314.5,14,0.843909,1.30625,1397,228,14,0.6102987,1.30625,3942,1190.5,39.5,3.45714712,1.30625,1752,717,17.5555553,2.01895881,1.30625,3942,688,39.5,1.876201,1.3,85.5,1.55,1.55,99.80921
09/07/2026 14:02:52,15.38,23.44,9.23,7.69,10.77,12.31,21.54,35.94,15.38,23.44,31.25,35.38,20.15,35.94,16.513,3537,721,1785,474.5,17.88889,1.36295724,1.375,4017,226,40.25,0.5572252,1.375,4017,375,40.25,1.018135,1.375,3818,1139.5,38.25,3.078801,1.26875,3793,694.5,38,1.70101821,1.26875,3793,1415.5,38,3.53431273,1.24375,85.5,1.55,1.55,99.80916
09/07/2026 14:02:54,15.38,7.94,21.54,32.31,23.81,28.12,23.08,14.06,18.46,23.08,4.76,35.94,20.71,35.94,16.706398,2316,627,1397,278.5,14,0.6578336,1.25,1397,872,14,2.20774245,1.25,1708,796.5,17.11111,2.51593947,1.25625,1708,416.5,17.11111,1.01037776,1.25625,3843,714,38.5,1.93480849,1.25625,3843,686.5,38.5,1.99747944,1.25625,85.25,1.55,1.55,99.80911
09/07/2026 14:02:56,22.73,16.67,12.12,7.58,22.73,27.27,33.33,41.54,18.18,16.67,16.67,30.3,22.15,41.54,16.8247051,2539,672,4017,575,40.25,1.486947,1.35625,1785,336,17.88889,0.7455268,1.35625,1797,729.5,18,2.091924,1.36875,1797,1051,18,2.91660857,1.36875,4042,593,40.5,1.618008,1.36875,1797,750,18,2.11515141,1.36875,85.125,1.55,1.55,99.8092
09/07/2026 14:02:58,26.56,23.44,10.94,23.08,17.19,12.5,32.81,71.88,26.56,23.44,15.38,31.25,26.25,71.88,16.7164879,3277,719,1785,561,17.88889,1.46431935,1.36875,1785,464.5,17.88889,1.25754881,1.36875,4017,346,40.25,0.919704437,1.36875,4017,1758,40.25,4.620847,1.36875,4017,606,40.25,1.50809336,1.36875,4042,577.5,40.5,1.50143576,1.3625,85.25,1.55,1.55,99.80918
09/07/2026 14:03:00,20.31,10.94,21.88,9.52,10.94,25,9.23,7.81,23.08,29.69,9.38,20,16.48,29.69,15.96252,2920,553,4042,450,40.5,1.47343707,1.36875,1797,576.5,18,1.94460082,1.36875,1797,599.5,18,1.92570293,1.36875,1797,302.5,18,0.729376256,1.36875,4042,936,40.5,2.6597352,1.35625,4042,453,40.5,1.18792045,1.35625,85,1.55,1.55,99.8091354
09/07/2026 14:03:02,14.06,15.62,9.38,9.38,12.5,7.81,34.38,25,20.31,15.62,39.06,37.5,20.05,39.06,16.355175,2529,647,1785,318.5,17.88889,0.8208829,1.35,4017,399,40.25,1.22113466,1.35,1785,294,17.88889,0.799328864,1.35,1785,989,17.88889,2.66804481,1.35,4017,641,40.25,1.44761193,1.35625,1785,1238.5,17.88889,3.256524,1.35625,85,1.55,1.55,99.80921
09/07/2026 14:03:04,17.19,6.25,7.81,14.29,12.5,14.06,14.06,25,12.5,28.57,28.12,23.44,16.98,28.57,15.4946861,3655,516,4017,248,40.25,0.805268466,1.36875,4017,441.5,40.25,1.33319676,1.3625,4017,352,40.25,1.14537823,1.3625,4042,517.5,40.5,1.50417173,1.375,1797,581,18,1.65521121,1.375,4042,955,40.5,2.987072,1.375,85,1.55,1.55,99.80915
09/07/2026 14:03:06,10.77,9.38,16.92,36.92,18.46,24.62,15.38,15.62,13.85,16.67,6.25,40,18.74,40,17.09096,3200,734,1797,431.5,18,0.949184954,1.3625,4042,1223,40.5,3.74950361,1.3625,4042,689.5,40.5,1.602787,1.375,1235,473.5,12.375,1.06277418,1.375,4042,636.5,40.5,1.3396349,1.375,4042,947.5,40.5,2.49526668,1.36875,84.875,1.55,1.55,99.8092041
09/07/2026 14:03:08,10.94,3.03,10.94,17.19,12.5,12.5,42.19,35.94,9.38,30.77,7.81,21.88,17.92,42.19,16.1065388,3196,670,3942,339.5,39.5,0.8244307,1.30625,1741,411.5,17.4444447,1.13820791,1.2875,1741,458.5,17.4444447,1.20836139,1.2875,3918,1462.5,39.25,3.7776742,1.2875,3918,863.5,39.25,2.32015657,1.2875,3918,487.5,39.25,1.23393321,1.28125,85.125,1.55,1.55,99.80919
09/07/2026 14:03:10,15.87,7.81,19.05,14.29,25.4,28.12,65.08,50,30.16,34.92,10.94,28.57,27.52,65.08,15.7631006,3418,783,3818,277.5,38.25,0.5349811,1.2375,3693,506,37,1.1586827,1.2125,1846,382,18.5,0.7558381,1.2125,3718,2230.5,37.25,4.4044857,1.21875,3718,971,37.25,1.94676447,1.21875,3718,331.5,37.25,0.655486166,1.21875,85.375,1.55,1.55,99.80919
09/07/2026 14:03:12,28.12,23.44,17.19,23.44,31.25,28.12,32.81,31.25,20.31,15.62,15.62,29.69,24.74,32.81,19.0015488,2340,915,1675,1120,16.7777786,2.74078512,1.21875,3793,893.5,38,1.98992336,1.225,1641,839.5,16.4444447,1.90997934,1.2125,3668,1141.5,36.75,2.38059,1.2125,1630,736,16.333334,1.73441565,1.20625,1630,761,16.333334,1.69892967,1.20625,85.5,1.55,1.55,99.80918
09/07/2026 14:03:14,9.38,3.12,17.19,18.75,7.81,9.38,71.88,57.81,15.62,9.38,7.81,23.44,20.96,71.88,16.1408,2760,775,1585,254,16.5555553,0.5411325,1.20625,1663,528,16.666666,1.23417246,1.20625,3768,412.5,37.75,0.939321339,1.23125,3743,2404.5,37.5,4.75396824,1.2375,4017,513,40.25,1.07488441,1.375,1785,536.5,17.88889,1.1305902,1.375,85.75,1.55,1.55,99.80918
09/07/2026 14:03:16,13.85,13.85,4.62,10.77,32.31,30.77,38.46,40,20,16.92,26.15,27.69,22.95,40,18.13714,3414,896,3718,581,37.25,1.25178,1.20625,3718,452,37.25,1.04580426,1.20625,3718,1193,37.25,2.70501375,1.20625,3718,1444,37.25,3.04920983,1.20625,3743,632.5,37.5,1.239818,1.20625,1871,1076.5,18.75,2.43058586,1.2125,85.75,1.55,1.55,99.80924
09/07/2026 14:03:18,10.94,10.94,21.88,29.69,31.25,31.25,51.56,60.94,20.31,26.56,31.25,34.38,30.08,60.94,18.2457066,2643,1007,1708,499,17.11111,0.9173372,1.2625,3843,784.5,38.5,1.68064773,1.2625,3568,1043,35.75,2.14296126,1.1625,3568,1890,35.75,3.784126,1.1625,1586,819,15.8888893,1.559219,1.1625,1586,1007,15.8888893,2.117739,1.1625,85.875,1.55,1.55,99.80919
09/07/2026 14:03:20,15.38,3.12,12.5,9.23,21.88,35.94,42.19,21.54,10.94,18.46,12.7,38.46,20.19,42.19,16.3193817,2703,574,1397,298,14,0.7987392,1.325,1397,285.5,14,0.836585462,1.3125,1397,824.5,14,2.5228796,1.3125,3992,923,40,2.73655939,1.3125,4017,402.5,40.25,1.06675887,1.35,4017,712,40.25,2.14364767,1.35,85.5,1.55,1.55,99.80917
09/07/2026 14:03:22,9.38,7.81,20.31,15.62,25,10.94,42.19,20.31,17.19,25,10.94,14.06,18.23,42.19,17.0784111,3229,693,1752,451,17.5555553,1.16073394,1.325,1752,534,17.5555553,1.51870155,1.325,3967,590,39.75,1.50512588,1.325,3967,1162,39.75,3.21633935,1.30625,3967,845.5,39.75,2.254364,1.30625,3967,577.5,39.75,1.37168038,1.30625,85.25,1.55,1.55,99.8092
09/07/2026 14:03:24,40.62,21.88,18.75,14.06,21.88,48.44,50,42.19,25,31.25,28.12,50,32.68,50,19.6238918,3967,1150,3967,944,39.75,1.99528992,1.31875,3967,541.5,39.75,0.9520758,1.31875,3967,1327,39.75,2.303099,1.31875,3967,1579,39.75,3.4548378,1.31875,3967,983.5,39.75,2.08447576,1.31875,3967,1522,39.75,2.66438055,1.31875,85.375,1.55,1.55,99.80912
09/07/2026 14:03:26,21.54,6.15,24.62,15.38,30.77,10.77,24.62,24.62,15.38,13.85,27.69,12.31,18.97,30.77,17.4785786,2911,672,3992,470.5,40,1.15333831,1.34375,1797,596.5,18,1.58016038,1.36875,4042,557,40.5,1.67427075,1.36875,4042,934.5,40.5,2.581536,1.36875,1797,576.5,18,1.51359391,1.36875,1797,897.5,18,2.50591683,1.36875,85.125,1.55,1.55,99.80919
09/07/2026 14:03:28,36.92,18.46,24.62,24.62,18.46,18.46,43.08,40,23.08,15.38,53.85,44.62,30.13,53.85,20.1497154,2732,1178,3693,1019,37,1.88327444,1.2125,1641,882.5,16.4444447,1.52818465,1.2125,3718,840.5,37.25,1.64112031,1.2125,1859,1508.5,18.625,2.992448,1.2,1686,893,16.88889,1.92154419,1.2125,3793,1923.5,38,3.47811651,1.2125,85.125,1.55,1.55,99.8092041
09/07/2026 14:03:30,16.92,6.15,10.77,7.69,15.38,21.54,26.15,16.92,24.62,35.38,15.38,20,18.08,35.38,17.3643818,3257,736,1763,468,17.666666,0.9877856,1.325,1763,345,17.666666,0.848592639,1.325,3967,793,39.75,2.00939822,1.325,3967,903.5,39.75,2.28782463,1.325,4042,1137,40.5,3.0799427,1.375,4042,771.5,40.5,1.96494,1.375,85.25,1.55,1.55,99.8092
09/07/2026 14:03:32,17.19,6.15,9.38,9.23,7.81,1.56,32.81,26.15,12.5,12.5,14.06,17.19,13.88,32.81,16.1370525,3645,586,4017,400.5,40.25,1.08976912,1.3125,1785,559,17.88889,1.67675519,1.3125,4017,212.5,40.25,0.5054583,1.35,4017,1254.5,40.25,3.81181931,1.35,4017,501.5,40.25,1.2440213,1.35,4017,585,40.25,1.508068,1.35,85.125,1.55,1.55,99.80919
09/07/2026 14:03:34,12.12,9.09,9.09,10.61,6.06,13.64,28.79,24.24,19.7,18.18,16.67,30.3,16.54,30.3,15.934268,3603,609,3893,295.5,39,0.722147,1.28125,1730,411.5,17.333334,1.158642,1.28125,3893,321.5,39,0.952153146,1.28125,4042,998.5,40.5,2.76128554,1.36875,4042,738,40.5,2.157887,1.36875,4017,887,40.25,2.41550326,1.38125,85.25,1.55,1.55,99.80914
09/07/2026 14:03:36,23.44,15.62,32.31,12.7,9.52,12.5,39.06,29.23,17.19,21.54,20.31,26.98,21.7,39.06,17.4668579,2289,683,1397,488.5,14,1.33111,1.275,1397,822,14,2.371533,1.28125,1397,350,14,0.89822644,1.28125,3818,1095,38.25,3.22463655,1.2625,3818,620,38.25,1.49521613,1.2625,1909,721.5,19.125,1.9467032,1.2625,85.125,1.55,1.55,99.80918
09/07/2026 14:03:38,17.19,9.38,10.94,14.06,7.81,6.15,39.06,28.12,26.56,20.31,12.5,23.44,17.96,39.06,17.1891842,2856,692,4042,542.5,40.5,1.552472,1.3625,4042,541,40.5,1.45608914,1.3625,1797,317,18,0.7327418,1.3625,1976,1266,19.8,3.65703,1.3625,1235,951,12.375,2.53253675,1.3625,4042,536.5,40.5,1.2946974,1.3625,85.125,1.55,1.55,99.80917
09/07/2026 14:03:40,34.38,29.69,51.56,49.21,35.94,22.22,48.44,42.19,29.69,15.62,23.44,29.69,34.34,51.56,21.7802086,3290,1212,3693,1049,37,2.217245,1.2125,3718,1749,37.25,3.82569242,1.2125,3718,914.5,37.25,2.01243973,1.20625,3518,1747,35.25,3.66079354,1.14375,3518,857.5,35.25,1.8160156,1.14375,1575,954.5,15.7777777,1.98272419,1.15625,85.375,1.55,1.55,99.8091354
09/07/2026 14:03:42,15.62,4.69,17.19,24.62,17.19,21.88,60.94,53.12,18.75,17.19,10.94,26.56,24.06,60.94,17.146944,3029,858,3618,314.5,36.25,0.631293,1.175,3743,725.5,37.5,1.67331433,1.2125,1663,587.5,16.666666,1.17271042,1.2125,3743,1974,37.5,3.84748888,1.2125,3743,669,37.5,1.34053755,1.2125,1663,876,16.666666,1.96624935,1.2125,85.625,1.55,1.55,99.80914
09/07/2026 14:03:44,9.23,9.23,18.46,23.08,23.08,18.46,35.38,32.31,15.38,10.77,27.69,38.46,21.79,38.46,17.57516,3394,819,3718,407.5,37.25,0.838329554,1.21875,3743,801,37.5,1.85571241,1.21875,3743,847,37.5,1.99216187,1.21875,3743,1277,37.5,2.64805031,1.21875,3743,396,37.5,0.8008689,1.21875,1675,1184.5,16.7777786,2.70534849,1.21875,85.625,1.55,1.55,99.80903
09/07/2026 14:03:46,14.06,15.62,24.62,29.23,9.38,6.25,42.19,37.5,20.31,12.31,29.69,29.69,22.57,42.19,17.9093018,3088,852,1630,524.5,16.333334,1.23626626,1.175,1630,973.5,16.333334,2.322892,1.175,3668,379,36.75,0.90015316,1.175,3668,1447,36.75,2.94505835,1.19375,3967,622.5,39.75,1.30553317,1.325,3967,1168.5,39.75,2.56094551,1.3125,85.625,1.55,1.55,99.80921
09/07/2026 14:03:48,15.62,18.46,29.69,40.62,21.88,12.31,35.94,29.69,35.94,26.15,25,39.06,27.53,40.62,18.5861988,3484,910,1663,480,16.666666,1.05502713,1.19375,3743,1302.5,37.5,3.08877468,1.21875,3743,573,37.5,1.31205189,1.21875,3743,1102,37.5,2.25161147,1.21875,3967,912.5,39.75,1.7765069,1.28125,4042,1091,40.5,2.36358929,1.3,85.75,1.55,1.55,99.80918
09/07/2026 14:03:50,20.31,10.45,13.85,6.25,10.94,7.69,57.81,50,4.69,12.31,4.69,21.54,18.38,57.81,15.5453148,2905,551,1785,338.5,17.88889,1.01872337,1.36875,1785,165.5,17.88889,0.3562902,1.36875,4017,290,40.25,0.8363092,1.36875,4017,1690,40.25,4.962524,1.36875,4042,413.5,40.5,1.150925,1.34375,1785,410.5,17.88889,1.044692,1.34375,85.5,1.55,1.55,99.8092
09/07/2026 14:03:52,14.06,12.31,13.85,4.62,35.94,29.23,28.12,13.85,14.06,15.62,6.25,28.12,18,35.94,15.9370623,2912,544,1752,409.5,17.5555553,1.06360674,1.28125,1797,170,18,0.41966176,1.36875,4042,1033.5,40.5,3.38976955,1.36875,4042,582.5,40.5,1.65989482,1.3625,4042,528.5,40.5,1.56684041,1.3625,1797,542.5,18,1.60443592,1.3625,85.125,1.55,1.55,99.80917
09/07/2026 14:03:54,16.92,10.77,21.54,20.9,16.42,17.91,35.38,36.92,21.54,49.23,15.38,27.69,24.22,49.23,16.850359,3294,752,4042,508,40.5,1.21837652,1.30625,4042,529.5,40.5,0.8944439,1.30625,1797,534,18,1.32192707,1.30625,4042,1044.5,40.5,2.68478012,1.3625,1797,1248,18,3.255447,1.3625,4042,649,40.5,1.39089143,1.3625,85,1.55,1.55,99.80926
09/07/2026 14:03:56,4.69,1.56,9.38,6.25,17.74,20.63,31.25,7.94,10.94,26.56,11.11,17.19,13.77,31.25,15.845294,2462,554,1708,194.5,17.11111,0.52384156,1.24375,3843,330,38.5,0.9397853,1.24375,1708,758.5,17.11111,2.421914,1.24375,1708,699.5,17.11111,2.05024362,1.24375,4017,848,40.25,2.402336,1.35625,1785,491.5,17.88889,1.34208274,1.35625,84.875,1.55,1.55,99.80917
09/07/2026 14:03:58,12.7,11.11,15.87,11.11,14.29,22.22,41.27,31.75,23.81,17.46,7.94,22.22,19.31,41.27,17.4810486,3660,781,4042,451,40.5,1.031567,1.3625,4042,542,40.5,1.14703679,1.3625,4042,866.5,40.5,2.3396554,1.3625,1797,1560.5,18,4.119212,1.3625,4017,771.5,40.25,1.77278256,1.35625,4017,494,40.25,1.1387552,1.35625,85,1.55,1.55,99.80913
09/07/2026 14:04:00,15.38,13.85,15.38,15.38,15.38,18.46,33.85,33.85,24.62,32.31,7.69,24.62,20.9,33.85,17.9903812,2159,816,1797,702,18,1.55710137,1.375,1785,691.5,17.88889,1.63204873,1.35,1785,691,17.88889,1.70190537,1.3625,4017,1321,40.25,2.9780612,1.3625,1785,824.5,17.88889,2.192261,1.3625,1785,664.5,17.88889,1.51011944,1.3625,84.875,1.55,1.55,99.80921
09/07/2026 14:04:02,6.35,9.52,6.35,0,7.94,1.59,22.58,19.35,9.68,43.55,12.9,25.4,13.77,43.55,15.5150661,2526,558,1797,413.5,18,1.28831387,1.3625,4042,210,40.5,0.488,1.3625,1774,299.5,17.7777786,0.7895695,1.3375,1774,683.5,17.7777786,1.93197143,1.3375,3992,1001,40,2.90377855,1.3375,1774,740.5,17.7777786,2.07693672,1.3375,84.875,1.55,1.55,99.80916
09/07/2026 14:04:04,6.35,7.94,7.94,20.31,3.17,3.12,11.11,25.4,12.7,25.76,9.23,17.46,12.54,25.76,15.3658571,3668,521,4042,346.5,40.5,1.066703,1.35625,4042,600.5,40.5,2.00281215,1.35625,1797,88.5,18,0.192641377,1.35625,4042,842,40.5,2.49053144,1.35625,4042,722,40.5,2.14393449,1.35625,4042,525.5,40.5,1.52266061,1.35625,84.75,1.55,1.55,99.80914
09/07/2026 14:04:06,20,16.92,20,26.56,21.54,21.88,10.77,18.46,9.23,9.38,10.77,20.31,17.15,26.56,16.6592026,2429,580,1397,492.5,14,1.5164516,1.28125,1397,819,14,2.5664196,1.28125,1976,800.5,19.8,2.484185,1.29375,3967,563.5,39.75,1.59936237,1.29375,4042,283,40.5,0.789373755,1.36875,1797,523,18,1.48987317,1.36875,84.5,1.55,1.55,99.80918
09/07/2026 14:04:08,20,12.31,9.23,15.38,10.77,26.15,15.38,16.92,6.15,9.23,26.15,33.85,16.79,33.85,15.8655787,2545,529,1797,351,18,0.98947984,1.35,4042,351,40.5,1.13986242,1.35,1797,684.5,18,2.19427133,1.35,1797,491.5,18,1.46565139,1.35,4042,314.5,40.5,0.902275264,1.35625,1797,983.5,18,2.98725843,1.36875,84.5,1.55,1.55,99.80916
09/07/2026 14:04:11,35.94,14.06,34.38,37.5,37.5,32.81,35.94,37.5,25,26.56,28.12,37.5,31.9,37.5,18.1241512,2883,828,3992,431,40,0.9756091,1.36875,3992,986.5,40,2.32084,1.36875,1774,1095.5,17.7777786,2.64203358,1.36875,1774,698.5,17.7777786,1.54382944,1.36875,1774,549.5,17.7777786,1.09321022,1.36875,3992,1208,40,2.63673329,1.36875,84.875,1.55,1.55,99.8092
09/07/2026 14:04:13,20,15.38,33.85,41.54,35.38,33.85,24.62,29.69,13.85,13.85,13.85,16.92,24.4,41.54,18.2259026,3232,823,1752,681,17.5555553,1.61160934,1.275,3942,1199.5,39.5,2.92432642,1.275,1971,1311,19.75,3.08975816,1.275,3942,943,39.5,1.988578,1.29375,3918,446.5,39.25,1.05837679,1.3,3868,355.5,38.75,0.825420439,1.26875,85.25,1.55,1.55,99.80923
09/07/2026 14:04:15,31.75,28.57,19.05,20.63,38.1,39.68,26.98,26.98,31.75,33.33,33.33,25.4,29.63,39.68,20.1631126,2453,999,1697,965,17,2.3074224,1.2375,3843,709,38.5,1.67559028,1.24375,1921,1413,19.25,3.13264251,1.24375,1708,753.5,17.11111,1.66973007,1.24375,1708,1083,17.11111,2.31453156,1.25,3843,1070,38.5,2.381918,1.25,85.5,1.55,1.55,99.8092
09/07/2026 14:04:17,17.19,12.5,12.5,25,20.31,18.75,46.88,48.44,18.75,21.88,15.62,34.38,24.35,48.44,17.4747639,3539,836,4042,412.5,40.5,0.8668603,1.34375,4042,460,40.5,1.11967742,1.375,3818,603.5,38.25,1.43607783,1.24375,3818,1966,38.25,4.057948,1.24375,1697,618.5,17,1.29579675,1.24375,3818,956,38.25,2.107152,1.24375,85.625,1.55,1.55,99.8092
09/07/2026 14:04:18,48.44,26.56,48.44,51.56,45.31,35.94,42.19,31.25,23.44,25,28.12,29.69,36.33,51.56,23.53109,3242,1331,3942,1191.5,39.5,2.86220622,1.31875,3992,1716,40,3.86561346,1.34375,3992,1498.5,40,3.38890123,1.34375,3992,1303.5,40,2.74681783,1.34375,1774,979,17.7777786,2.070319,1.34375,1763,1299.5,17.666666,2.82572675,1.34375,85.75,1.55,1.55,99.80919
09/07/2026 14:04:21,33.85,9.23,23.08,13.85,13.85,10.77,50.77,15.38,40,36.92,16.92,47.69,26.03,50.77,20.7768364,3248,1008,4017,797,40.25,2.21909857,1.33125,1797,653,18,1.62947834,1.31875,4042,496,40.5,1.13114643,1.31875,1797,1352,18,3.438427,1.31875,3918,1449,39.25,3.73472023,1.2875,3918,1298,39.25,3.94424987,1.2875,85.875,1.55,1.55,99.8092
09/07/2026 14:04:23,4.69,4.69,15.87,14.29,6.35,11.11,14.06,14.06,17.19,15.87,12.31,23.44,12.83,23.44,15.7799559,2694,555,1397,241,14,0.646433651,1.34375,1397,746.5,14,2.33015227,1.34375,1397,325.5,14,0.9172467,1.34375,3992,533,40,1.5900501,1.33125,3992,705.5,40,1.991738,1.33125,3992,777,40,2.225402,1.33125,85.375,1.55,1.55,99.8092041
09/07/2026 14:04:25,17.46,19.05,4.76,1.59,12.7,6.35,19.05,14.29,17.46,30.16,17.46,30.16,15.87,30.16,16.7374687,2866,681,1741,756,17.4444447,2.0426867,1.28125,1741,237,17.4444447,0.46726945,1.28125,1959,413.5,19.625,1.00237525,1.28125,3918,742,39.25,2.023306,1.28125,3918,817,39.25,2.00137663,1.28125,3918,1120.5,39.25,3.18099761,1.28125,85.25,1.55,1.55,99.80915
09/07/2026 14:04:26,15.87,4.69,9.52,14.06,19.05,6.25,20.63,34.38,26.98,22.22,36.51,35.94,20.51,36.51,17.0085449,2478,700,1774,395,17.7777786,0.7941421,1.34375,1741,427,17.4444447,1.04472959,1.275,3918,407,39.25,1.04692435,1.275,1741,856,17.4444447,2.2484827,1.275,1752,765,17.5555553,1.852432,1.2875,3942,1350.5,39.5,3.72848582,1.2875,85.125,1.55,1.55,99.8092
09/07/2026 14:04:29,10.77,4.62,4.62,3.08,6.15,7.69,46.15,27.69,9.23,23.08,3.08,27.69,14.49,46.15,15.8213358,2661,578,1235,229,12.375,0.6284797,1.30625,1235,200,12.375,0.5498272,1.30625,1741,291.5,17.4444447,0.797028959,1.28125,3918,1464,39.25,4.32841158,1.28125,3918,617,39.25,1.547868,1.28125,3918,666,39.25,1.87447023,1.28125,85,1.55,1.55,99.809166
09/07/2026 14:04:31,18.75,14.06,6.25,10.94,6.25,3.12,25,21.88,17.19,20.31,17.19,42.19,16.93,42.19,16.3631172,3294,612,4042,573,40.5,1.6887213,1.3625,4042,242,40.5,0.649410248,1.3625,1797,166,18,0.365452439,1.3625,1797,862.5,18,2.4999373,1.3625,4042,630.5,40.5,1.48044133,1.375,4042,1199,40.5,3.56159329,1.375,85,1.55,1.55,99.80918
09/07/2026 14:04:33,11.11,3.17,3.17,4.76,9.52,23.81,28.57,17.46,19.05,25.4,6.35,20.63,14.42,28.57,15.888237,2284,568,1397,233.5,14,0.696564138,1.26875,1397,225,14,0.6157316,1.26875,1397,628,14,2.08466077,1.26875,1730,909,17.333334,2.33839583,1.26875,3893,938.5,39,2.72539759,1.26875,3893,477,39,1.18480122,1.26875,84.875,1.55,1.55,99.80924
09/07/2026 14:04:35,21.54,16.92,33.85,24.24,31.82,25.76,32.31,32.31,23.08,26.15,49.23,52.31,30.79,52.31,19.0436077,2788,978,1619,614,16.2222214,1.14012778,1.175,1976,788,19.8,1.91729569,1.18125,1976,781.5,19.8,1.5663873,1.18125,3693,1149,37,2.39325666,1.18125,3693,867.5,37,1.85296845,1.18125,3768,1665.5,37.75,3.99122524,1.2,84.875,1.55,1.55,99.80917
09/07/2026 14:04:37,11.11,6.35,4.76,11.11,17.46,11.11,14.29,4.76,14.29,26.98,20.63,31.75,14.55,31.75,16.1847858,3277,569,1797,311.5,18,0.899238169,1.3625,1797,241,18,0.6761976,1.3625,4017,545.5,40.25,1.66553593,1.3625,4017,386.5,40.25,1.06775129,1.3625,4017,816.5,40.25,2.26453018,1.3625,4017,1113.5,40.25,3.42937469,1.3625,84.875,1.55,1.55,99.80917
09/07/2026 14:04:39,16.92,0,6.15,9.23,3.08,7.69,43.08,17.91,10.77,18.46,16.92,33.85,15.34,43.08,16.2372017,3253,584,1774,285,17.7777786,0.803925157,1.325,1774,328,17.7777786,1.05298364,1.325,3992,303.5,40,0.828743,1.325,3992,1187.5,40,3.34042382,1.325,3992,426,40,0.9716936,1.325,3992,973.5,40,3.00469112,1.325,84.875,1.55,1.55,99.8092041
09/07/2026 14:04:41,9.38,9.23,15.62,18.46,16.92,16.92,34.38,29.69,21.88,15.38,23.44,35.94,20.6,35.94,17.7862911,2865,799,1235,401,12.375,1.01728082,1.28125,1976,588,19.8,1.44654953,1.28125,1976,648,19.8,1.632195,1.28125,3918,1158.5,39.25,2.73798919,1.28125,4042,727.5,40.5,1.59709466,1.34375,4042,1269.5,40.5,2.94582367,1.34375,85.25,1.55,1.55,99.80918
09/07/2026 14:04:43,20,9.23,9.23,12.31,16.92,13.85,38.46,29.23,40,31.25,16.92,24.62,21.83,40,17.0364742,2478,793,1752,417.5,17.5555553,0.9053278,1.29375,1752,410,17.5555553,0.9597024,1.28125,3942,507.5,39.5,1.17155468,1.28125,1752,1174.5,17.5555553,2.49371839,1.28125,1752,1332,17.5555553,2.81101131,1.28125,3918,914.5,39.25,2.099562,1.275,85.5,1.55,1.55,99.8092346
09/07/2026 14:04:45,9.38,9.38,45.31,40.62,9.38,9.38,18.75,15.62,23.44,23.44,14.06,34.38,21.09,45.31,17.9852982,3464,796,3818,339.5,38.25,0.792410433,1.25,1697,1642.5,17,3.81425357,1.25,3818,299,38.25,0.81372875,1.25,3818,648.5,38.25,1.41421115,1.25,3818,910.5,38.25,1.9834373,1.25,3818,935.5,38.25,2.13165426,1.25,85.625,1.55,1.55,99.8092041
09/07/2026 14:04:47,23.44,12.5,17.19,21.88,17.19,17.19,54.69,58.73,26.56,17.19,35.94,46.88,29.11,58.73,18.807457,2776,1083,1708,633.5,17.11111,1.08616,1.25625,1708,777,17.11111,1.57029927,1.25625,3843,740.5,38.5,1.21768439,1.25625,1708,2188,17.11111,4.1337285,1.25625,3843,779.5,38.5,1.4320873,1.25625,3843,1378,38.5,2.86865473,1.2625,85.75,1.55,1.55,99.8092346
09/07/2026 14:04:49,12.5,4.69,21.88,20.31,26.56,21.88,53.12,46.88,18.75,14.06,4.69,21.88,22.27,53.12,17.7396927,3196,833,4042,344.5,40.5,0.797377646,1.3875,3818,841.5,38.25,2.03294182,1.2625,1921,970,19.25,2.31609,1.26875,3843,1690.5,38.5,3.3612144,1.26875,1708,548.5,17.11111,1.17989588,1.26875,3843,601,38.5,1.31969225,1.26875,85.75,1.55,1.55,99.80921
09/07/2026 14:04:51,26.15,10.77,20,13.85,27.69,12.31,29.23,21.54,21.54,33.85,21.54,23.08,21.79,33.85,17.6159248,2900,725,1774,572.5,17.7777786,1.56437826,1.35625,1774,568.5,17.7777786,1.40900958,1.35625,4042,637,40.5,1.76375067,1.31875,4042,824.5,40.5,2.257783,1.31875,3992,1034.5,40,2.69656754,1.3375,1774,712,17.7777786,1.74396455,1.33125,85.375,1.55,1.55,99.80915
09/07/2026 14:04:53,7.81,0,14.06,10.94,1.56,4.69,31.25,32.81,17.19,20,9.38,31.25,15.08,32.81,15.6957016,2818,580,1753,171.5,18,0.3919443,1.35625,4042,577.5,40.5,1.86969638,1.35625,1797,162.5,18,0.346431464,1.35625,1235,1136,12.375,3.04709983,1.35625,4042,714.5,40.5,1.98140955,1.3625,4042,715,40.5,2.07200122,1.3625,85.375,1.55,1.55,99.80921
09/07/2026 14:04:55,23.44,10.94,35.94,12.5,28.12,14.06,46.88,37.5,28.12,31.25,32.81,29.69,27.6,46.88,20.8745785,3880,1076,3942,669,39.5,1.44823611,1.275,3942,1021.5,39.5,2.38857031,1.275,3942,787.5,39.5,1.76050746,1.275,3818,1693,38.25,4.31690836,1.25,3818,1087,38.25,2.54055977,1.25,3818,1199,38.25,2.71900654,1.25,85.25,1.55,1.55,99.8092346
09/07/2026 14:04:57,19.7,27.27,24.24,19.7,24.24,18.18,46.97,31.82,30.3,21.21,18.18,33.33,26.26,46.97,19.1226482,1959,992,1397,785,14,1.66297972,1.34375,1397,646.5,14,1.33569062,1.34375,1397,887,14,1.863677,1.34375,1774,1534,17.7777786,3.83851075,1.34375,1774,1068,17.7777786,2.26574826,1.31875,4017,1032,40.25,2.26725841,1.34375,85.25,1.55,1.55,99.80917
09/07/2026 14:04:59,11.11,12.7,17.46,14.29,11.11,22.22,39.68,31.75,23.81,20.63,15.87,28.57,20.77,39.68,17.3167439,2825,766,1741,408,17.4444447,0.788451731,1.26875,1741,612.5,17.4444447,1.425988,1.26875,3918,512.5,39.25,1.23335,1.26875,1741,1412,17.4444447,3.86409545,1.26875,3918,785.5,39.25,1.950053,1.26875,3893,868.5,39,2.07225037,1.2625,85.25,1.55,1.55,99.80917
09/07/2026 14:05:01,6.25,4.69,1.56,1.56,9.23,1.59,56.25,20.31,12.5,12.5,9.38,26.56,13.53,56.25,15.4925976,2706,547,1397,261.5,14,0.8119758,1.2625,1304,194,14,0.431033969,1.2625,3893,148,39,0.3446682,1.2625,1730,1506,17.333334,4.53903961,1.26875,3893,426,39,1.04562771,1.26875,4017,744.5,40.25,2.263677,1.35625,85,1.55,1.55,99.8092
09/07/2026 14:05:03,4.69,9.38,4.69,4.69,3.12,6.25,23.44,18.46,15.62,32.81,8.82,23.44,12.95,32.81,15.2895308,2694,522,1235,343.5,12.375,1.04540122,1.275,1130,97,12.375,0.22347407,1.275,1976,246.5,19.8,0.899842739,1.275,3942,763,39.5,2.30296731,1.28125,3942,997,39.5,2.78094673,1.28125,3942,684.5,39.5,2.0320437,1.28125,84.875,1.55,1.55,99.80917
09/07/2026 14:05:05,7.81,6.25,9.38,4.76,12.5,3.17,21.88,39.06,17.19,28.12,22.58,17.19,15.82,39.06,16.4319763,2304,641,1397,317,14,0.85134697,1.26875,1397,309,14,0.816002131,1.26875,1397,296,14,0.7502635,1.26875,3942,1166,39.5,3.35432172,1.3375,3942,980,39.5,2.62101054,1.3375,1752,777,17.5555553,2.1267035,1.3375,84.875,1.55,1.55,99.80916
09/07/2026 14:05:07,10.94,4.62,12.5,10.94,3.17,0,42.19,17.19,20.31,15.62,10,25,14.37,42.19,15.7935705,2545,557,1797,164,18,0.417028725,1.36875,4042,420.5,40.5,1.38510787,1.36875,1797,109.5,18,0.222132131,1.36875,1797,1198,18,3.572195,1.36875,4042,767.5,40.5,2.21999526,1.3625,1797,681,18,1.98643327,1.36875,85.125,1.55,1.55,99.8092041
09/07/2026 14:05:09,10.77,23.08,7.69,6.15,21.54,32.31,40,23.08,26.15,19.7,16.92,23.08,20.87,40,19.4245243,3462,882,3843,716.5,38.5,2.1131413,1.26875,1708,266.5,17.11111,0.6182027,1.26875,3843,1219,38.5,3.42650628,1.26875,3793,1351.5,38,3.44161463,1.2375,3793,952.5,38,2.512617,1.2375,3793,785.5,38,2.12047863,1.2375,85,1.55,1.55,99.80925
09/07/2026 14:05:11,19.05,7.94,42.86,42.86,23.81,17.46,47.62,36.51,33.33,31.75,31.75,44.44,31.61,47.62,18.5791454,3454,954,3818,515,38.25,1.0639807,1.24375,3768,1110.5,37.75,2.443069,1.225,1884,542.5,18.875,1.15906608,1.225,3768,1280.5,37.75,2.69388175,1.225,3743,1011.5,37.5,2.1133697,1.2125,3743,1265.5,37.5,2.79974723,1.21875,85.5,1.55,1.55,99.80919
09/07/2026 14:05:13,28.12,23.44,26.56,29.69,34.38,25,56.25,40.62,20.31,18.75,21.88,28.12,29.43,56.25,19.9538345,3511,978,3942,814,39.5,1.802234,1.30625,1752,792.5,17.5555553,1.70321059,1.30625,3918,897.5,39.25,1.88221586,1.30625,3818,1694.5,38.25,3.60438776,1.24375,3818,809,38.25,2.02033734,1.24375,3818,858.5,38.25,2.194823,1.24375,85.5,1.55,1.55,99.809166
09/07/2026 14:05:15,12.5,7.81,20.31,28.12,20.31,20.31,60.94,43.08,12.5,6.25,6.25,20.31,21.56,60.94,16.8498573,3095,806,4042,372,40.5,0.800614655,1.3625,3743,923,37.5,2.126891,1.2375,1663,702,16.666666,1.60407019,1.2375,3743,2063,37.5,4.170441,1.2375,1663,273,16.666666,0.5099675,1.2375,3718,504,37.25,1.096154,1.225,85.625,1.55,1.55,99.80921
09/07/2026 14:05:17,10.94,10.94,60.94,64.06,20.31,6.25,10.94,9.38,21.88,20.31,12.5,21.88,22.53,64.06,17.9630089,3250,844,3967,462.5,39.75,1.10625207,1.28125,3967,2367,39.75,5.35903,1.28125,3967,420,39.75,0.9184161,1.28125,1763,412.5,17.666666,0.817981,1.28125,4042,698,40.5,1.37982154,1.3625,1797,705.5,18,1.52186728,1.3625,85.625,1.55,1.55,99.809166
09/07/2026 14:05:19,9.38,4.69,53.12,48.44,23.44,21.88,25,31.25,6.25,12.5,0,18.75,21.22,53.12,17.5750637,3602,819,1752,215,17.5555553,0.4465437,1.275,3967,1984,39.75,4.533277,1.3,3967,913.5,39.75,2.22342682,1.3,3967,1043.5,39.75,2.15845656,1.3,3967,394,39.75,0.830164969,1.3,3992,366.5,40,0.7302094,1.325,85.625,1.55,1.55,99.80915
09/07/2026 14:05:21,20,4.62,10.77,13.64,10.77,12.31,58.46,27.69,13.85,15.38,12.12,29.23,19.07,58.46,17.6582813,2920,738,1797,402,18,1.05416417,1.375,4042,472,40.5,1.30138969,1.375,4042,499,40.5,1.30467236,1.375,1797,1668.5,18,4.5302515,1.375,1797,579,18,1.39779878,1.375,4042,805,40.5,2.19549656,1.375,85.5,1.55,1.55,99.8092
09/07/2026 14:05:23,3.12,1.56,12.5,18.46,10.94,28.12,20.31,26.15,9.38,10.94,4.69,20.31,13.87,28.12,16.3393478,2946,560,1785,226.5,17.88889,0.6375255,1.35625,4017,628.5,40.25,2.03605461,1.35625,4017,816,40.25,2.65113854,1.35625,3918,773,39.25,2.37163281,1.3,1971,458,19.75,1.28040934,1.29375,1971,459.5,19.75,1.23542964,1.29375,85,1.55,1.55,99.8092
09/07/2026 14:05:25,23.81,20.97,22.22,17.46,11.11,15.87,25.4,53.97,20.63,31.75,13.11,31.75,24,53.97,17.1088428,2700,694,1235,494,12.375,1.27950728,1.2875,1235,613.5,12.375,1.67947876,1.2875,1976,397.5,19.8,0.9790154,1.2875,3918,1366.5,39.25,3.89481139,1.2875,3918,631.5,39.25,1.51612568,1.2875,3918,659,39.25,1.58635736,1.28125,84.875,1.55,1.55,99.8092
09/07/2026 14:05:27,13.85,4.41,7.69,6.06,4.62,9.23,29.23,64.62,12.31,12.31,9.23,23.08,16.39,64.62,16.003727,2845,612,1774,252,17.7777786,0.7032123,1.36875,1774,174,17.7777786,0.554311752,1.36875,3992,273.5,40,0.8537304,1.36875,3992,1746.5,40,4.95817947,1.36875,1846,555.5,18.5,1.45096684,1.1875,3693,670,37,1.741037,1.1875,85,1.55,1.55,99.8091354
09/07/2026 14:05:29,4.69,3.17,6.25,1.56,24.62,39.06,26.56,16.92,9.38,9.52,6.35,14.06,13.51,39.06,15.7801561,2820,534,3843,139.5,40.5,0.315686017,1.3625,1797,178,18,0.481124431,1.3625,1397,1263,14,4.269646,1.3625,4042,958.5,40.5,2.91324639,1.3625,1797,250,18,0.645852745,1.3625,4042,417,40.5,1.02297211,1.3625,84.875,1.55,1.55,99.80925
09/07/2026 14:05:31,18.46,16.67,10.77,25.76,15.38,7.69,18.46,33.85,13.85,16.67,16.92,29.23,18.64,33.85,17.1973724,3275,661,1741,548.5,17.4444447,1.597419,1.28125,1741,659.5,17.4444447,1.999792,1.28125,4042,486,40.5,1.314149,1.3625,4042,1056.5,40.5,3.07977462,1.36875,4042,562,40.5,1.3988564,1.36875,4042,652,40.5,1.79132819,1.36875,84.75,1.55,1.55,99.80917
09/07/2026 14:05:33,6.06,3.03,6.06,12.31,10.61,12.12,36.36,18.18,10.61,24.24,13.64,28.79,15.17,36.36,16.2723942,2545,570,1797,207,18,0.5629295,1.38125,4042,317,40.5,1.04885232,1.375,1797,487,18,1.54911447,1.375,4042,946.5,40.5,2.84816575,1.375,1797,652.5,18,1.79037166,1.35,1797,812,18,2.27629328,1.35,84.75,1.55,1.55,99.8092041
09/07/2026 14:05:35,9.52,6.35,20.63,11.11,3.17,19.05,23.81,14.29,9.52,22.22,1.59,14.29,12.96,23.81,15.5873632,2741,543,1235,286,12.375,0.7312774,1.33125,1235,585,12.375,1.938549,1.33125,1976,488.5,19.8,1.606476,1.33125,3967,762,39.75,2.28177476,1.33125,4017,756.5,40.25,2.14199114,1.36875,4017,379,40.25,0.973525643,1.36875,84.625,1.55,1.55,99.809166
09/07/2026 14:05:37,15.62,7.81,18.75,6.25,17.19,21.88,23.44,35.94,14.06,31.25,21.88,28.12,20.18,35.94,17.269083,2725,706,1790,238,18,0.5933376,1.35625,4042,445,40.5,1.27000177,1.35625,1797,680.5,18,2.269771,1.35625,3568,1035,35.75,2.404107,1.16875,3568,986.5,35.75,2.7034626,1.16875,1586,848,15.8888893,2.15658855,1.16875,84.625,1.55,1.55,99.80919
09/07/2026 14:05:39,10.94,1.56,21.88,17.19,12.5,4.69,40,40.62,15.62,17.19,18.75,35.38,19.69,40.62,16.61095,3181,604,1235,205,12.375,0.5052267,1.34375,1785,482.5,17.88889,1.547773,1.375,4017,155,40.25,0.386738747,1.375,4017,1391,40.25,4.10459042,1.35625,4017,574,40.25,1.61300921,1.35625,4017,816,40.25,2.27945566,1.35625,84.875,1.55,1.55,99.80918
09/07/2026 14:05:41,12.7,10.94,14.29,17.19,9.52,7.81,68.25,68.75,20.63,7.81,7.94,26.98,22.73,68.75,17.1573162,3893,825,3992,394,40,0.867693663,1.35625,3992,575,40,1.25325859,1.35625,3843,360,38.5,0.852961659,1.2625,3843,2365.5,38.5,4.87394667,1.2625,3843,672.5,38.5,1.35879767,1.2625,3843,580.5,38.5,1.21045721,1.2625,85.125,1.55,1.55,99.80917
09/07/2026 14:05:43,15.38,9.23,12.31,26.15,27.69,29.23,44.62,50.77,15.38,10.77,10.77,35.38,23.97,50.77,17.9244881,2772,818,3743,350,37.5,0.7899421,1.23125,1871,689.5,18.75,1.73279178,1.23125,1663,883.5,16.666666,2.151197,1.23125,3743,1670.5,37.5,3.525275,1.23125,3743,508,37.5,1.1570307,1.23125,1871,807.5,18.75,1.78882074,1.23125,85.5,1.55,1.55,99.80927
09/07/2026 14:05:45,20.31,20.31,12.5,18.75,14.06,20.31,43.75,28.12,21.88,23.44,6.25,26.56,21.35,43.75,17.4314117,2909,799,1785,698,17.88889,1.67890847,1.35,4017,530.5,40.25,1.26322281,1.35,1785,643.5,17.88889,1.52747941,1.35,1785,1521,17.88889,3.19236279,1.35,4042,769,40.5,1.69385636,1.35,4042,632,40.5,1.37082553,1.35625,85.5,1.55,1.55,99.80914
09/07/2026 14:05:47,26.56,18.75,46.88,40.62,26.56,18.75,50,37.5,23.44,21.88,15.62,25,29.3,50,20.2824078,3926,1012,3893,870,39,2.08335447,1.275,3893,1392,39,3.33771443,1.275,3942,682,39.5,1.79163349,1.275,3942,1518.5,39.5,3.30942154,1.275,3942,840,39.5,1.906657,1.275,3942,768,39.5,1.6869092,1.275,85.625,1.55,1.55,99.80918
09/07/2026 14:05:49,9.52,6.35,14.29,12.7,1.59,3.17,73.02,82.54,19.05,14.29,1.59,17.46,21.3,82.54,16.385664,2767,814,1675,305,16.7777786,0.613157153,1.2375,1675,570.5,16.7777786,1.29709,1.2375,3768,131.5,37.75,0.270778269,1.2375,3793,2849,38,5.71133375,1.2375,3793,571,38,1.10087478,1.2375,1896,459,19,0.858396232,1.2375,85.625,1.55,1.55,99.809166
09/07/2026 14:05:51,10.77,3.08,10.77,10.77,12.31,0,35.38,9.23,13.85,40,12.31,18.46,14.74,40,15.2125578,3252,536,1797,179.5,18,0.454242259,1.35,1797,238,18,0.636331737,1.35,4042,190.5,40.5,0.5004315,1.3625,4042,878,40.5,2.61156964,1.3625,3918,1102,39.25,3.25719428,1.275,3918,630,39.25,1.79157841,1.275,85.375,1.55,1.55,99.809166
09/07/2026 14:05:53,38.46,18.46,23.08,18.46,9.23,9.23,26.15,15.38,32.31,12.31,24.62,38.46,22.18,38.46,19.78317,3592,875,3918,999.5,39.25,2.75535917,1.3125,1741,760.5,17.4444447,2.23437619,1.3125,3918,391,39.25,1.01762629,1.3125,3992,1015,40,2.68207932,1.34375,3992,835,40,2.15508938,1.34375,3992,1247,40,3.32194734,1.34375,85.25,1.55,1.55,99.8092041
09/07/2026 14:05:55,9.38,11.11,31.25,14.06,15.62,9.38,43.75,20.31,18.75,23.81,17.19,23.44,19.84,43.75,16.1691761,2893,581,1774,277,17.7777786,0.809036255,1.3125,1774,665.5,17.7777786,2.21743274,1.3125,3992,147.5,40,0.301186,1.3125,1785,1024,17.88889,2.82775331,1.325,4017,707,40.25,1.98246086,1.34375,4017,663,40.25,1.95832682,1.34375,85,1.55,1.55,99.80921
09/07/2026 14:05:57,4.76,9.52,31.75,17.46,11.11,15.87,20.63,17.46,17.46,30.16,6.35,26.98,17.46,31.75,18.18494,3260,737,3992,485,40,1.23661351,1.3375,3992,988,40,3.01939774,1.3375,4017,687.5,40.25,1.87229562,1.34375,1785,634.5,17.88889,1.67984653,1.34375,1785,869.5,17.88889,2.396796,1.34375,3992,755.5,40,2.05089664,1.34375,84.625,1.55,1.55,99.80919
09/07/2026 14:05:59,18.46,7.69,12.31,7.69,15.38,16.92,40,18.46,10.94,16.92,10.77,23.08,16.55,40,15.9745674,2543,552,1797,282.5,18,0.804391265,1.36875,1797,327.5,18,1.00734365,1.36875,4042,643.5,40.5,1.99134576,1.35625,1797,1033.5,18,3.00656247,1.35625,4042,447,40.5,1.24324071,1.35625,1785,576.5,17.88889,1.76715314,1.375,84.75,1.55,1.55,99.80919
09/07/2026 14:06:01,14.29,17.46,15.87,19.05,7.94,14.29,46.03,28.57,20.63,19.05,6.35,25.4,19.58,46.03,15.8275175,2482,572,1752,420.5,17.5555553,1.21210372,1.3,1752,384.5,17.5555553,1.06735814,1.3,3942,333,39.5,0.85050106,1.2875,3942,1452.5,39.5,4.414513,1.2875,1752,487.5,17.5555553,1.35217583,1.2875,1752,354,17.5555553,0.8661825,1.2875,84.75,1.55,1.55,99.80916
09/07/2026 14:06:03,23.08,9.23,15.38,4.62,18.46,13.85,32.31,23.08,23.08,29.23,27.69,40,21.67,40,17.91181,2880,742,1797,498.5,18,1.27266312,1.33125,4042,347,40.5,0.823741555,1.33125,4042,548,40.5,1.39526236,1.3625,1741,1068,17.4444447,2.80110359,1.275,3918,957.5,39.25,2.58064032,1.275,1741,1034,17.4444447,2.99371266,1.275,85,1.55,1.55,99.80918
09/07/2026 14:06:05,13.85,7.69,29.23,15.38,38.46,13.85,6.15,20.31,9.23,10.94,4.62,15.38,15.42,38.46,16.2482929,2545,541,1797,457.5,18,1.46887541,1.35625,1797,807.5,18,2.50311756,1.35625,4042,782.5,40.5,2.48052382,1.35625,1797,383.5,18,1.13417137,1.35625,1797,412.5,18,1.19511914,1.35,4042,401.5,40.5,1.12310612,1.35,84.5,1.55,1.55,99.8092
09/07/2026 14:06:07,9.52,1.54,6.35,14.06,22.22,15.87,47.62,17.19,15.87,16.13,1.59,19.05,15.58,47.62,15.7544127,2920,531,1797,150.5,18,0.423554718,1.38125,4042,344,40.5,1.11088741,1.375,4042,713,40.5,2.23939562,1.375,4042,1167.5,40.5,3.69735122,1.375,1797,500.5,18,1.40276563,1.375,1797,310.5,18,0.843098044,1.375,84.5,1.55,1.55,99.80926
09/07/2026 14:06:09,7.81,6.25,10.94,6.25,40.62,25,31.25,20.31,23.44,9.38,14.06,28.12,18.62,40.62,17.2603626,3649,620,4017,211,40.25,0.643075,1.3375,4017,169,40.25,0.423327774,1.3375,1785,1118.5,17.88889,3.51689529,1.3375,4017,771.5,40.25,2.50554276,1.3375,4017,634,40.25,1.86525452,1.3375,4042,818.5,40.5,2.6194067,1.3625,84.5,1.55,1.55,99.80923
09/07/2026 14:06:11,20.31,12.5,14.06,15.62,25,18.75,45.31,42.19,14.06,10.94,23.44,39.06,23.44,45.31,17.399107,2632,812,3818,266.5,38.25,0.5815026,1.25625,3718,441,37.25,1.00803959,1.21875,1652,664.5,16.5555553,1.60487378,1.21875,3718,1751.5,37.25,3.607683,1.21875,1652,529.5,16.5555553,1.13909328,1.21875,1235,1220,12.375,2.595337,1.21875,85,1.55,1.55,99.80918
09/07/2026 14:06:13,24.62,18.75,15.62,20,32.31,31.25,43.08,23.08,28.12,21.54,26.56,26.15,25.92,43.08,19.1940823,3145,935,1675,631,16.7777786,1.44282568,1.23125,1675,686.5,16.7777786,1.70755243,1.23125,3718,1050.5,37.25,2.5183413,1.225,3718,1338.5,37.25,2.9097805,1.225,4042,889.5,40.5,1.93773067,1.3625,4042,1016,40.5,2.35938644,1.3625,85.25,1.55,1.55,99.8092
09/07/2026 14:06:15,10.94,9.38,21.88,23.44,7.81,6.25,42.19,39.06,26.56,21.88,17.19,29.69,21.35,42.19,17.0920639,3602,797,4042,296.5,40.5,0.6553983,1.3875,4042,871.5,40.5,2.01271462,1.3875,4042,451,40.5,0.9770049,1.3875,1797,1455.5,18,3.03195119,1.3875,3843,948.5,38.5,1.99130285,1.2875,3843,760,38.5,1.63724732,1.2875,85.5,1.55,1.55,99.80915
09/07/2026 14:06:17,17.19,18.75,17.19,21.88,18.75,14.06,56.25,64.06,20.31,26.56,7.81,18.75,25.13,64.06,17.4083176,3131,868,1652,374,16.5555553,0.7267764,1.20625,1663,565,16.666666,1.31928611,1.2125,3743,537.5,37.5,1.22309852,1.2125,3743,2480,37.5,5.04557848,1.2125,3992,782.5,40,1.54593706,1.34375,3992,472,40,1.11030984,1.34375,85.625,1.55,1.55,99.80918
09/07/2026 14:06:19,17.19,7.94,15.62,25,23.44,23.44,53.12,51.56,32.81,32.81,20.31,29.69,27.74,53.12,17.5174,2845,867,1763,393.5,17.666666,0.9030172,1.3125,1763,543.5,17.666666,1.23058391,1.3125,3967,511.5,39.75,1.13115382,1.3125,3918,1706.5,39.25,3.62290621,1.30625,3918,1116.5,39.25,2.330566,1.30625,1741,930,17.4444447,1.90579152,1.30625,85.75,1.55,1.55,99.8092041
09/07/2026 14:06:21,9.52,1.61,4.76,3.17,7.94,25.4,28.57,7.94,14.29,34.92,10.94,23.81,14.41,34.92,16.0862961,3577,588,1752,185.5,17.5555553,0.530215144,1.275,3942,232,39.5,0.56177026,1.29375,3942,784.5,39.5,2.23306966,1.29375,3942,684,39.5,1.95187831,1.3125,3942,916.5,39.5,2.599542,1.3125,3942,725,39.5,2.08070612,1.3125,85.25,1.55,1.55,99.80918
09/07/2026 14:06:23,4.69,6.15,4.76,3.17,7.94,12.7,21.88,34.38,9.38,29.69,12.5,25,14.35,34.38,15.5218439,2304,530,1397,187.5,14,0.512237966,1.3,1397,99,14,0.23293376,1.3,1397,408,14,1.28710914,1.3,3942,930.5,39.5,2.88454866,1.325,3942,896,39.5,2.57282829,1.325,1752,661.5,17.5555553,1.95732117,1.325,85.125,1.55,1.55,99.80919
09/07/2026 14:06:25,17.19,10.94,17.19,10.94,20.31,17.19,29.69,25,21.88,45.31,25,45.31,23.83,45.31,17.6254482,4017,779,4017,498.5,40.25,1.06700361,1.35625,4017,371.5,40.25,0.880117655,1.35625,4017,500,40.25,1.12259924,1.35625,4017,943.5,40.25,2.42652249,1.35625,4017,1236.5,40.25,3.13215017,1.35625,4017,1122,40.25,2.8927598,1.35625,84.875,1.55,1.55,99.80919
09/07/2026 14:06:27,18.75,15.62,25,23.44,21.88,10.94,23.44,29.69,15.62,29.69,7.81,26.56,20.7,29.69,17.4089012,2371,766,1235,636.5,12.375,1.53426707,1.29375,1235,812.5,12.375,2.112326,1.29375,1976,732,19.8,1.69961011,1.29375,3942,939.5,39.5,2.37551522,1.29375,1797,840.5,18,2.11719871,1.375,4042,633,40.5,1.27141237,1.375,84.75,1.55,1.55,99.8092041
09/07/2026 14:06:29,4.62,7.94,3.08,4.76,16.92,12.31,23.08,40,15.38,16.92,7.69,15.38,14.01,40,15.7505932,2321,536,1148,163,12.375,0.474535733,1.29375,1235,175.5,12.375,0.4705479,1.29375,1976,573.5,19.8,1.84284866,1.29375,3942,1209.5,39.5,3.70081758,1.29375,3893,707,39,2.05018735,1.30625,1730,386.5,17.333334,0.9705262,1.30625,84.625,1.55,1.55,99.8092041
09/07/2026 14:06:31,12.7,9.52,22.22,15.87,15.87,7.94,44.44,19.05,23.81,17.46,34.92,25.4,20.77,44.44,18.2564983,3294,746,4042,429,40.5,1.16916752,1.36875,4042,664.5,40.5,2.04561138,1.36875,1797,436,18,1.06945014,1.35625,4042,1171,40.5,3.47806621,1.35625,1797,674,18,1.78128529,1.35625,4042,1098.5,40.5,3.08758163,1.35625,84.75,1.55,1.55,99.80918
09/07/2026 14:06:33,9.38,7.81,26.56,15.62,29.69,9.38,20.31,11.11,3.12,12.5,14.49,32.81,16.07,32.81,16.29574,2915,557,1797,162,18,0.445016444,1.3625,1797,726.5,18,2.3807013,1.3625,4017,844,40.25,2.72566271,1.3625,4042,473.5,40.5,1.38572669,1.3625,4042,467,40.5,1.35841417,1.3625,1797,667,18,2.03727484,1.3625,84.75,1.55,1.55,99.80916
09/07/2026 14:06:35,22.22,12.7,11.11,12.7,12.7,4.76,23.81,46.03,7.94,9.68,6.56,19.05,15.77,46.03,15.8340359,3294,538,4042,606.5,40.5,1.9709959,1.3625,1797,413.5,18,1.33089972,1.3625,4042,291,40.5,0.835288048,1.3625,1797,1177,18,3.70904469,1.3625,4042,327,40.5,0.85871464,1.3625,4042,412,40.5,1.07189524,1.3625,84.5,1.55,1.55,99.8092
09/07/2026 14:06:37,20.31,25,17.19,15.87,37.5,50,35.94,39.06,18.75,7.81,18.75,32.81,26.58,50,16.7814388,3142,613,1223,473,12.25,1.31926513,1.28125,3918,149.5,39.25,0.487041771,1.30625,3918,1213,39.25,3.93700361,1.30625,3918,1122,39.25,3.142942,1.30625,1959,240,19.625,0.615733445,1.30625,3918,480.5,39.25,1.39259446,1.30625,84.625,1.55,1.55,99.80925
09/07/2026 14:06:39,10.94,4.69,31.25,40.62,31.25,25,26.56,9.38,15.62,26.56,9.38,29.69,21.74,40.62,17.8947639,3167,736,1235,249.5,12.375,0.532151043,1.31875,3967,1196.5,39.75,3.26840878,1.3,1774,780.5,17.7777786,2.16530919,1.325,3992,623.5,40,1.47574389,1.325,4017,731,40.25,2.03623962,1.34375,4017,837.5,40.25,2.193209,1.34375,84.75,1.55,1.55,99.80917
09/07/2026 14:06:41,18.75,7.81,25,28.12,28.12,23.44,65.62,46.88,29.69,20.31,34.38,42.19,30.86,65.62,19.1264782,3747,972,3643,473,36.5,0.9556663,1.1875,3768,734.5,37.75,1.68083811,1.24375,3768,719.5,37.75,1.56442463,1.24375,3768,1810,37.75,3.88247037,1.24375,3768,761.5,37.75,1.67608333,1.24375,3768,1330.5,37.75,2.76274967,1.24375,85.25,1.55,1.55,99.80919
09/07/2026 14:06:43,11.11,6.35,7.94,9.52,11.11,7.94,53.97,53.97,34.92,23.81,23.81,42.86,23.94,53.97,17.2981033,2489,838,1774,323,17.7777786,0.6925645,1.29375,1774,325,17.7777786,0.7666519,1.29375,1774,273,17.7777786,0.571435332,1.33125,1774,1839,17.7777786,3.760445,1.33125,3918,921.5,39.25,1.9476819,1.2875,3918,1348.5,39.25,3.07754421,1.2875,85.5,1.55,1.55,99.80926
09/07/2026 14:06:45,26.15,26.56,20,32.81,26.15,26.15,26.15,26.15,16.92,10.77,18.46,43.08,24.95,43.08,18.4195843,3103,823,1686,974,16.88889,2.471913,1.24375,1686,1023,16.88889,2.57643843,1.24375,3793,635.5,38,1.531894,1.24375,3818,796.5,38.25,1.813255,1.225,3818,376.5,38.25,0.7935042,1.225,3818,1133,38.25,2.62899351,1.225,85.375,1.55,1.55,99.80915
09/07/2026 14:06:47,31.25,26.56,26.56,28.12,34.38,35.94,67.19,64.06,34.38,33.85,21.88,32.81,36.41,67.19,18.7115288,2673,957,3643,521.5,36.5,1.23552334,1.2,1619,675.5,16.2222214,1.55557489,1.2,3668,640.5,36.75,1.41460311,1.18125,3668,2161,36.75,4.44308043,1.18125,1822,930.5,18.25,1.85958016,1.19375,1619,814.5,16.2222214,1.76078272,1.19375,85.625,1.55,1.55,99.80925
09/07/2026 14:06:49,14.06,6.25,7.81,12.5,14.06,18.75,32.81,34.38,20.31,20.31,32.81,40.62,21.22,40.62,17.6852074,2863,810,1752,258,17.5555553,0.5348915,1.3,3967,435.5,39.75,1.06803882,1.31875,1763,761.5,17.666666,1.75486493,1.31875,3967,1326,39.75,2.96263,1.31875,1763,750,17.666666,1.569284,1.31875,3967,1327.5,39.75,3.02259421,1.31875,85.625,1.55,1.55,99.80911
09/07/2026 14:06:51,15.62,12.31,15.62,38.46,17.19,23.44,26.56,15.38,7.81,12.5,10.77,18.75,17.87,38.46,17.2400227,2370,646,1235,442.5,12.375,1.30788994,1.2875,1235,1072,12.375,3.315845,1.2875,1976,798.5,19.8,2.39049625,1.2875,1763,594.5,17.666666,1.51616931,1.2875,3992,412.5,40,1.02043688,1.30625,4017,555,40.25,1.52928662,1.36875,85.25,1.55,1.55,99.80915
09/07/2026 14:06:53,10.94,6.25,26.56,18.75,14.06,19.05,21.88,9.09,26.56,25,12.5,37.5,19.01,37.5,16.4431171,2920,572,1797,178.5,18,0.402739227,1.35625,1797,857.5,18,2.711274,1.35625,4042,440.5,40.5,1.3181808,1.35625,1797,393.5,18,1.04528582,1.35625,4042,752,40.5,2.23550057,1.35625,4042,813,40.5,2.42706347,1.35625,85,1.55,1.55,99.80923
09/07/2026 14:06:55,18.75,14.06,12.5,18.75,17.19,9.38,37.5,25,20.31,37.5,28.12,18.75,21.48,37.5,17.3868675,2772,849,1397,604.5,14,1.11511481,1.28125,1235,573.5,12.375,0.9610334,1.28125,1976,513.5,19.8,0.8440157,1.29375,3942,1194,39.5,2.84889841,1.29375,4042,1237,40.5,3.2786665,1.36875,4042,970,40.5,2.42611,1.36875,84.875,1.55,1.55,99.809166
09/07/2026 14:06:57,17.19,10.94,14.06,9.38,18.75,6.25,43.75,48.44,23.44,29.69,21.88,40.62,23.7,48.44,17.0844364,2772,722,1397,372,14,0.9247862,1.26875,1741,334.5,17.4444447,0.785039663,1.26875,3918,436,39.25,1.28643191,1.26875,1741,1388.5,17.4444447,3.987015,1.26875,3918,744.5,39.25,1.90597308,1.26875,3918,1057,39.25,2.3674624,1.26875,85,1.55,1.55,99.80918
09/07/2026 14:06:59,14.06,4.69,7.81,18.75,4.69,3.12,15.62,15.38,26.56,28.12,13.85,26.56,14.94,28.12,15.6334934,3187,537,1752,328.5,17.5555553,0.949124,1.29375,1752,538,17.5555553,1.80200064,1.29375,3942,140.5,39.5,0.398867667,1.29375,3942,433,39.5,1.11565948,1.29375,3868,1132,38.75,3.407426,1.2625,3868,651,38.75,1.89767718,1.2625,84.75,1.55,1.55,99.80919
09/07/2026 14:07:01,4.76,6.56,9.68,15.62,12.7,3.17,30.16,33.33,12.7,36.51,15.87,15.87,16.41,36.51,15.7879076,2732,555,1352,208.5,14,0.5846795,1.2625,1235,339.5,12.375,1.0125587,1.26875,1976,116.5,19.8,0.245160922,1.26875,3893,1238,39,3.7788763,1.26875,3893,849.5,39,2.29962373,1.26875,4042,579.5,40.5,1.59452069,1.36875,84.875,1.55,1.55,99.80925
09/07/2026 14:07:03,17.19,15.62,9.38,15.62,9.38,10.94,21.88,12.7,15.62,23.44,22.58,32.81,17.26,32.81,16.5624733,3294,613,4042,639.5,40.5,1.9072175,1.38125,1797,477.5,18,1.37,1.38125,4042,351,40.5,1.03189361,1.38125,1797,508,18,1.51902258,1.38125,4042,729.5,40.5,2.12841129,1.38125,4042,971,40.5,2.56534,1.38125,84.75,1.55,1.55,99.80921
09/07/2026 14:07:05,12.5,4.62,26.56,20.31,3.12,0,10.94,35.94,3.12,12.5,9.38,17.19,13.01,35.94,15.8741636,2920,541,1797,336.5,18,1.001489,1.3875,4042,1021,40.5,3.15977049,1.3875,1797,134,18,0.334837884,1.36875,1797,830,18,2.54132676,1.375,4042,415,40.5,1.1688112,1.375,4042,509.5,40.5,1.56122088,1.375,84.5,1.55,1.55,99.80924
09/07/2026 14:07:07,21.54,18.46,20,27.69,6.15,6.25,32.31,17.19,9.23,10.94,20.31,46.15,19.69,46.15,17.28051,3273,652,1785,605.5,17.88889,1.747696,1.375,4017,731,40.25,2.27686739,1.375,1785,275.5,17.88889,0.6556083,1.375,4017,661.5,40.25,1.83608282,1.3625,4017,524.5,40.25,1.45699871,1.36875,4017,1116,40.25,3.34334731,1.36875,84.375,1.55,1.55,99.8092
09/07/2026 14:07:09,9.38,6.25,12.5,9.38,29.69,12.5,39.06,35.38,10.77,21.88,7.81,25,18.3,39.06,15.9683475,3215,567,1595,170,17.333334,0.404533356,1.26875,3893,310,39,0.844037235,1.26875,4017,686,40.25,2.208012,1.34375,4017,1331,40.25,3.98836064,1.34375,1774,487,17.7777786,1.30169117,1.34375,3992,419,40,1.05754125,1.34375,84.625,1.55,1.55,99.80923
09/07/2026 14:07:11,34.38,29.69,42.19,45.31,29.69,28.12,35.94,29.69,34.38,26.56,32.81,29.69,33.2,45.31,23.44918,3485,1235,1896,1241,19,2.8150413,1.23125,3793,1586,38,3.539756,1.23125,3793,1202.5,38,2.72282028,1.23125,3793,895,38,2.04376316,1.23125,3818,1252,38.25,2.84044123,1.2625,3818,1234,38.25,2.711225,1.2625,85.125,1.55,1.55,99.8091354
09/07/2026 14:07:13,50,27.27,34.85,34.85,34.85,22.73,57.58,56.06,31.82,30.3,30.3,33.33,36.99,57.58,21.881485,3454,1289,3793,1318,38,2.60670614,1.2,1686,1291,16.88889,2.62332034,1.2,3793,1049,38,2.11684465,1.2,3818,1973.5,38.25,3.98711729,1.2,3818,1100,38.25,2.13484645,1.2375,3818,1000.5,38.25,2.07710814,1.2375,85.5,1.55,1.55,99.80919
09/07/2026 14:07:15,40.62,25,42.19,43.75,26.56,18.75,28.12,28.12,29.69,32.81,12.5,21.88,29.17,43.75,19.6627655,3275,959,1797,888,18,2.07972312,1.33125,4042,1315.5,40.5,3.072371,1.33125,3992,957.5,40,2.21312857,1.33125,4017,1090,40.25,2.3341167,1.375,1785,924,17.88889,1.94629812,1.375,4017,580,40.25,1.28045928,1.375,85.5,1.55,1.55,99.8092041
09/07/2026 14:07:17,46.03,22.22,31.75,19.05,28.57,14.29,36.51,33.33,28.57,25.4,46.03,47.62,31.61,47.62,20.264473,3554,1047,3967,1011.5,39.75,2.2476716,1.3125,3967,906.5,39.75,2.04663515,1.3125,3967,842.5,39.75,1.74218655,1.3125,3768,1109,37.75,2.350169,1.23125,3768,810,37.75,1.65132284,1.2375,1884,1601,18.875,3.6223073,1.2375,85.625,1.55,1.55,99.80916
09/07/2026 14:07:19,20.63,15.87,11.11,11.29,17.46,20.63,28.57,31.75,11.11,14.29,27.42,39.68,20.82,39.68,17.5256023,2539,791,1797,630,18,1.49544168,1.375,1797,411.5,18,0.926559448,1.375,4042,728.5,40.5,1.85413468,1.375,1797,1209.5,18,2.52890944,1.375,1785,533,17.88889,1.03952289,1.38125,4017,1233.5,40.25,2.64233565,1.38125,85.625,1.55,1.55,99.80918
09/07/2026 14:07:21,20,7.46,6.15,13.85,21.54,12.31,24.62,24.62,13.43,20.9,7.46,18.46,15.9,24.62,15.7081432,2529,533,1785,265,17.88889,0.71107924,1.3875,1785,400,17.88889,1.33060849,1.3875,4017,570.5,40.25,1.77848887,1.3875,1785,725,17.88889,2.19344831,1.3875,1785,686.5,17.88889,1.97077382,1.35625,4017,549.5,40.25,1.48321259,1.35625,85.125,1.55,1.55,99.80919
09/07/2026 14:07:23,14.06,21.88,14.06,33.33,29.69,39.06,31.25,37.5,18.75,12.5,15.62,21.88,24.13,39.06,18.3804016,2919,805,1976,544.5,19.8,1.40627575,1.325,1763,738.5,17.666666,2.27200317,1.30625,3967,1254,39.75,3.03661966,1.30625,3967,1114,39.75,2.79288387,1.30625,4042,421.5,40.5,1.05485129,1.375,1797,759,18,2.07215357,1.36875,85,1.55,1.55,99.80918
09/07/2026 14:07:25,15.38,7.58,7.69,21.54,16.92,7.69,27.69,56.92,18.46,13.85,7.81,24.62,18.85,56.92,16.6171551,3668,678,4042,348,40.5,0.6725055,1.375,1797,614,18,1.75695777,1.375,4042,388,40.5,0.9352348,1.38125,4042,1541,40.5,4.494266,1.36875,4042,649.5,40.5,1.61545587,1.36875,4042,529,40.5,1.18810749,1.36875,84.875,1.55,1.55,99.80916
09/07/2026 14:07:27,20.31,12.5,7.81,10.94,6.25,1.54,32.81,46.88,15.62,39.06,7.69,20.31,18.48,46.88,15.2737589,2448,556,1235,201,12.375,0.500231445,1.3625,4042,289,40.5,0.7968498,1.3625,1797,196,18,0.50515306,1.3625,1797,1271,18,3.68651128,1.3625,1797,958,18,2.7553246,1.3625,4017,419,40.25,1.004777,1.3625,85,1.55,1.55,99.80911
09/07/2026 14:07:29,28.12,15.62,23.44,18.46,12.5,28.12,25,28.12,15.62,39.06,15.62,34.38,23.67,39.06,16.8822422,3668,615,1797,388.5,18,1.197671,1.375,4042,651.5,40.5,1.9206059,1.375,4042,481.5,40.5,1.56453764,1.375,4042,646,40.5,1.7411586,1.375,4042,909.5,40.5,2.80162859,1.375,4042,613.5,40.5,1.76628685,1.38125,85,1.55,1.55,99.80917
09/07/2026 14:07:31,3.12,6.25,21.88,20.31,4.69,4.69,20.31,40.62,10.94,21.88,3.12,20.31,14.84,40.62,15.8060369,2334,549,1235,213,12.375,0.60289,1.35,1235,777.5,12.375,2.55515218,1.35,1957,77,19.8,0.17042245,1.35,3918,1168.5,39.25,3.50441527,1.2875,3918,599.5,39.25,1.7190702,1.2875,1741,461,17.4444447,1.15706,1.2875,84.875,1.55,1.55,99.80924
09/07/2026 14:07:33,12.7,6.25,7.94,9.52,24.62,20,31.75,38.1,17.46,20.31,7.81,21.88,18.19,38.1,17.11565,3660,671,1797,347,18,0.8766931,1.375,4042,274.5,40.5,0.6335957,1.375,4042,851.5,40.5,2.65054941,1.375,4017,1125.5,40.25,3.197627,1.3625,4017,765,40.25,2.0448997,1.3625,4042,661.5,40.5,1.703061,1.3625,84.75,1.55,1.55,99.80919
09/07/2026 14:07:35,10.94,15.62,29.69,9.38,21.88,9.38,35.94,15.38,10.94,23.44,1.56,15.62,16.65,35.94,15.8493013,2920,539,1797,266.5,18,0.701503932,1.38125,4042,754,40.5,2.38465333,1.375,4042,435.5,40.5,1.308558,1.3625,4042,870,40.5,2.61618567,1.3625,1797,602,18,1.7259717,1.3625,1797,307.5,18,0.7544459,1.3625,84.75,1.55,1.55,99.80917
09/07/2026 14:07:37,9.38,9.38,10.94,8.06,9.38,25,31.25,18.75,15.62,29.69,6.25,15.62,15.78,31.25,15.8218946,2770,540,1290,169,14,0.39030844,1.26875,1752,299.5,17.5555553,0.8691549,1.275,3942,640.5,39.5,2.13229322,1.275,1752,764.5,17.5555553,2.24250078,1.275,3942,837.5,39.5,2.51592255,1.275,3942,528.5,39.5,1.46518207,1.275,84.875,1.55,1.55,99.8092
09/07/2026 14:07:39,34.85,22.73,18.18,21.54,34.85,37.88,33.33,16.67,28.79,40.91,18.46,33.85,28.5,40.91,18.1097488,2830,722,3918,642,39.25,1.85685658,1.2875,3918,503.5,39.25,1.4168216,1.2875,1741,1080.5,17.4444447,3.15371084,1.2875,3918,567,39.25,1.60652483,1.2875,1741,765,17.4444447,2.10403442,1.2875,1741,771,17.4444447,1.95478451,1.2875,84.875,1.55,1.55,99.8092346
09/07/2026 14:07:41,21.88,21.54,14.06,21.54,9.38,9.38,57.81,53.85,15.62,23.44,23.44,37.5,25.79,57.81,17.0659676,2896,787,3992,485,40,1.1036402,1.3375,1774,498.5,17.7777786,1.29717648,1.3375,4042,189,40.5,0.534500659,1.38125,4042,1939,40.5,4.190664,1.38125,1763,481.5,17.666666,0.9414171,1.31875,1763,1127,17.666666,2.512543,1.31875,85.375,1.55,1.55,99.8092041
09/07/2026 14:07:43,26.15,13.85,26.15,32.31,26.15,20,36.92,32.31,23.08,27.69,33.85,35.38,27.82,36.92,19.6851273,2909,930,1959,580,19.625,1.38134861,1.30625,3918,1139.5,39.25,2.6633575,1.30625,3992,1021,40,2.410603,1.35,4017,1189.5,40.25,2.60937977,1.35,1785,564.5,17.88889,1.27616417,1.35,1785,1088,17.88889,2.489192,1.35,85.375,1.55,1.55,99.8092041
09/07/2026 14:07:45,13.64,7.58,12.12,15.15,12.12,12.12,56.06,40.91,18.18,22.73,24.24,48.48,23.61,56.06,17.5059223,3111,839,3818,323,38.25,0.6973589,1.25625,1697,394,17,0.9441315,1.25625,1697,399.5,17,0.884604156,1.25625,3818,1763,38.25,3.65684462,1.25625,3818,617.5,38.25,1.23584843,1.24375,3818,1537.5,38.25,3.52856278,1.24375,85.625,1.55,1.55,99.8092041
09/07/2026 14:07:47,26.56,14.06,20.31,21.88,9.38,6.25,25,31.25,45.31,39.06,14.06,18.75,22.66,45.31,17.3316956,4017,821,4017,703,40.25,1.63551342,1.34375,4017,792,40.25,1.8345933,1.34375,4017,338.5,40.25,0.728445351,1.34375,4017,868.5,40.25,1.77043724,1.34375,4017,1437.5,40.25,2.96702933,1.36875,4017,789,40.25,1.685699,1.36875,85.625,1.55,1.55,99.8092041
09/07/2026 14:07:49,20.63,7.94,31.75,41.27,25.4,17.46,36.51,33.33,26.98,22.22,42.86,34.92,28.44,42.86,19.0356,2952,907,3942,359,39.5,0.765904367,1.36875,1971,905.5,19.75,2.18514943,1.325,3942,601,39.5,1.59013009,1.325,1971,1129,19.75,2.68041158,1.325,1971,1049,19.75,2.27361727,1.325,3918,1397,39.25,3.23340368,1.30625,85.625,1.55,1.55,99.80915
09/07/2026 14:07:51,7.81,0,18.75,34.38,3.12,12.5,7.81,30.77,7.81,16.67,7.81,23.44,14.24,34.38,15.9311514,3918,566,3942,175.5,39.5,0.4692532,1.325,3942,1057,39.5,3.45982575,1.325,3942,282.5,39.5,0.7995834,1.325,3893,804.5,39,2.51031017,1.275,3893,423,39,1.08316016,1.275,3893,650.5,39,1.7837553,1.275,85.125,1.55,1.55,99.809166
09/07/2026 14:07:53,29.69,10.94,15.62,7.69,4.69,1.56,26.56,17.19,12.5,35.38,14.06,29.69,17.13,35.38,15.8603582,4013,546,4042,535.5,40.5,1.53149748,1.3625,4042,361.5,40.5,1.04434741,1.3625,4042,180.5,40.5,0.505465,1.3625,3992,652,40,1.96035826,1.36875,3992,813,40,2.41563821,1.36875,3967,734.5,39.75,2.19240141,1.36875,84.75,1.55,1.55,99.80921
09/07/2026 14:07:55,10.94,6.25,17.19,7.81,23.44,15.62,28.12,22.22,21.88,40.62,26.56,56.25,23.08,56.25,17.6080971,2816,820,1397,275.5,14,0.532347143,1.35,1763,519.5,17.666666,1.23104322,1.3375,3967,612.5,39.75,1.210082,1.3375,1763,817.5,17.666666,1.94242871,1.3375,3967,1241,39.75,3.215906,1.3375,4042,1451.5,40.5,3.58629727,1.375,85,1.55,1.55,99.80917
09/07/2026 14:07:57,17.19,7.81,10.94,15.62,7.81,26.56,34.38,29.69,26.56,16.92,23.44,25,20.16,34.38,15.9767914,3135,539,3868,175,38.75,0.48870036,1.275,1719,317,17.2222214,0.983573437,1.275,3868,549,38.75,1.783681,1.275,1719,894,17.2222214,2.73526859,1.275,3818,519,38.25,1.34836245,1.25625,3818,779,38.25,2.342969,1.25625,84.875,1.55,1.55,99.80918
09/07/2026 14:07:59,12.5,4.69,12.5,7.81,12.5,6.25,21.88,43.75,9.38,15.62,17.19,34.38,16.54,43.75,16.97061,2920,664,4042,327,40.5,0.8293636,1.38125,1797,471.5,18,1.2932893,1.38125,4042,450,40.5,1.10797358,1.38125,1797,1311,18,3.95071125,1.38125,4042,538.5,40.5,1.57142544,1.36875,1797,888,18,2.31608772,1.36875,84.875,1.55,1.55,99.80916
09/07/2026 14:08:01,14.06,7.69,17.19,12.5,20,9.38,15.87,49.23,15.62,31.75,10.94,28.12,19.36,49.23,15.4318609,2875,535,1774,202,17.7777786,0.6138673,1.31875,1774,198.5,17.7777786,0.5477449,1.31875,3992,336.5,40,1.06171155,1.31875,1774,1100,17.7777786,3.46854544,1.31875,3992,687.5,40,1.957311,1.31875,3942,685,39.5,1.71663892,1.31875,85,1.55,1.55,99.80915
09/07/2026 14:08:03,6.25,4.69,15.62,17.19,28.12,14.06,14.06,10.94,26.56,45.31,15.62,35.94,19.53,45.31,17.387167,2901,688,1785,196.5,17.88889,0.458987027,1.36875,1785,624.5,17.88889,1.83818042,1.36875,4017,773,40.25,2.21750975,1.34375,1785,293.5,17.88889,0.681439638,1.34375,4017,1283.5,40.25,3.42191744,1.34375,4017,959,40.25,2.65156627,1.34375,85,1.55,1.55,99.80922
09/07/2026 14:08:05,12.31,6.25,3.08,10.77,15.38,12.5,49.23,29.23,13.85,20,10.94,24.62,17.35,49.23,16.52966,2817,652,1397,303,14,0.730396152,1.30625,3967,326.5,39.75,0.8434494,1.31875,3918,685,39.25,2.24217319,1.2875,3918,1389.5,39.25,3.74751639,1.2875,1741,637.5,17.4444447,1.70413029,1.2875,1959,573.5,19.625,1.39217246,1.2875,85.125,1.55,1.55,99.8092041
09/07/2026 14:08:07,7.69,0,10.77,3.12,3.12,0,41.54,12.31,7.69,16.92,29.23,33.85,13.85,41.54,15.9702826,2711,548,1397,236,14,0.63854,1.33125,1397,172.5,14,0.3826488,1.3375,1397,126.5,14,0.3291933,1.3375,3992,1050.5,40,3.27822638,1.3375,4042,485,40.5,1.30045986,1.325,4042,1215.5,40.5,3.76913214,1.325,84.875,1.55,1.55,99.80912
09/07/2026 14:08:09,25,15.62,25,18.75,10.94,9.38,31.25,26.56,32.81,40.62,20.31,29.69,23.83,40.62,18.9320946,2820,868,1730,485,17.333334,1.06715226,1.25625,1730,800,17.333334,2.15892172,1.2625,3893,387,39,0.875865042,1.2625,1730,1136,17.333334,2.65328264,1.2625,3893,1306.5,39,3.349196,1.2625,3942,1095,39.5,2.50186563,1.30625,85,1.55,1.55,99.80921
09/07/2026 14:08:11,12.7,11.11,20.63,44.44,19.05,15.87,49.21,42.86,31.75,33.33,39.68,47.62,30.69,49.21,20.52378,3116,1102,3768,509,37.75,1.06492639,1.225,1675,1029,16.7777786,2.38771653,1.225,3768,814,37.75,1.76964653,1.225,3793,1594.5,38,3.36315942,1.23125,3793,1136.5,38,2.50589514,1.2375,1896,1532,19,3.54231215,1.2375,85.5,1.55,1.55,99.80924
09/07/2026 14:08:13,17.19,17.19,20.31,18.75,12.5,7.81,59.38,53.12,17.19,14.06,20.31,25,23.57,59.38,17.9223557,3218,860,1730,576,17.333334,1.3318795,1.25625,3918,633.5,39.25,1.4843843,1.26875,3918,318.5,39.25,0.6645181,1.26875,1959,2078,19.625,4.25800753,1.26875,3893,676,39,1.44602036,1.275,3893,878.5,39,1.9364202,1.2625,85.625,1.55,1.55,99.80918
09/07/2026 14:08:15,23.44,15.62,23.44,29.69,17.19,18.75,48.44,48.44,28.12,28.12,14.06,23.44,26.56,48.44,19.2976036,2555,954,3893,715,39,1.672015,1.2875,1946,886,19.5,2.017,1.2875,1946,628.5,19.5,1.4143517,1.2875,1946,1573.5,19.5,3.447828,1.2875,1730,1059,17.333334,2.26939225,1.2875,3868,860.5,38.75,1.98700523,1.275,85.75,1.55,1.55,99.80919
09/07/2026 14:08:17,6.25,6.25,31.25,35.94,28.12,23.44,34.38,18.75,31.25,20.31,9.38,28.12,22.79,35.94,17.95113,2829,826,3868,242.5,38.75,0.5752263,1.275,1934,1179,19.375,2.84681225,1.275,1719,912,17.2222214,2.144227,1.275,3868,996,38.75,2.19389224,1.275,1719,872.5,17.2222214,1.81154621,1.26875,3868,752,38.75,1.70396745,1.26875,85.75,1.55,1.55,99.8092346
09/07/2026 14:08:19,20.63,15.87,36.51,38.1,31.75,28.57,52.38,33.33,17.46,11.11,23.81,33.33,28.57,52.38,21.3161411,3616,1144,3918,723.5,39.25,1.49195886,1.325,1959,1441.5,19.625,3.18894815,1.3,3918,1307,39.25,2.519589,1.3,3918,1713.5,39.25,4.19894266,1.3,3992,603.5,40,1.47233248,1.3375,3992,1074.5,40,2.565126,1.3375,85.625,1.55,1.55,99.80913
09/07/2026 14:08:21,4.62,0,9.23,9.23,10.77,4.62,47.69,18.46,6.15,18.46,6.15,27.69,13.59,47.69,15.5681715,2903,539,4017,145.5,40.25,0.4270309,1.34375,4042,517,40.5,1.571063,1.35,1774,172,17.7777786,0.425193131,1.35,1785,1224,17.88889,3.64287281,1.375,4017,507,40.25,1.47635794,1.375,1785,667.5,17.88889,1.92274046,1.375,85.5,1.55,1.55,99.80926
09/07/2026 14:08:23,6.06,0,19.7,21.21,4.55,26.15,12.12,27.69,21.21,16.67,1.54,18.18,14.59,27.69,16.4325848,3294,588,4042,147.5,40.5,0.3879588,1.375,4042,837,40.5,2.20284867,1.375,1797,633,18,2.05039215,1.375,1797,782,18,2.44455647,1.375,4042,734.5,40.5,1.91161644,1.375,4042,395,40.5,0.9864475,1.375,85.125,1.55,1.55,99.80927
09/07/2026 14:08:25,52.31,41.54,50.77,36.92,40,30.77,61.54,36.92,40,32.31,38.46,38.46,41.67,61.54,23.21973,3537,1538,3843,1644.5,38.5,3.0262394,1.25625,1708,1555,17.11111,2.819585,1.25625,3843,1464.5,38.5,2.59610128,1.25625,3843,1779,38.5,3.40173078,1.25625,3992,1476,40,2.8113122,1.31875,3992,1306.5,40,2.479676,1.31875,85.25,1.55,1.55,99.80923
09/07/2026 14:08:27,10.94,3.17,11.11,3.12,0,3.08,20.31,14.06,20.31,37.5,16.92,26.56,13.92,37.5,15.5995922,2394,536,1397,242,14,0.724274635,1.34375,1235,278,12.375,0.870062,1.3625,1976,144,19.8,0.397247255,1.3625,3992,626.5,40,1.87806439,1.35,1774,1007,17.7777786,2.76986051,1.35,3992,920,40,2.86751461,1.35,85.25,1.55,1.55,99.8092
09/07/2026 14:08:29,13.85,6.15,6.15,1.54,7.69,9.23,33.85,32.31,20,38.46,9.23,36.92,17.95,38.46,15.9088011,3479,570,3868,186,38.75,0.4307696,1.25,1535,89,17.2222214,0.224176347,1.25,3868,410,38.75,1.28553283,1.26875,3868,1204,38.75,3.46649241,1.26875,3868,826.5,38.75,2.222427,1.26875,3868,702.5,38.75,1.9753201,1.26875,85,1.55,1.55,99.80921
09/07/2026 14:08:31,12.5,17.19,17.19,14.06,20.31,12.5,48.44,35.94,20.31,25,25,32.81,23.44,48.44,17.5741425,2892,748,1752,285,17.5555553,0.699493766,1.29375,1752,532.5,17.5555553,1.54989731,1.30625,1971,599,19.75,1.64124,1.30625,3942,1394.5,39.5,3.60545182,1.30625,3967,534,39.75,1.182981,1.30625,3967,1143.5,39.75,2.8571465,1.30625,85,1.55,1.55,99.80917
09/07/2026 14:08:33,14.06,12.5,9.38,10.94,4.69,10.94,18.75,12.5,29.69,35.94,14.06,35.94,17.45,35.94,15.8811,2920,557,1797,354,18,1.021326,1.3625,1797,332,18,0.9553798,1.3625,4042,123,40.5,0.267134279,1.35625,1797,444.5,18,1.241564,1.35625,4042,1300.5,40.5,3.66761065,1.35625,4042,789.5,40.5,2.28765225,1.35625,84.875,1.55,1.55,99.80916
09/07/2026 14:08:35,21.54,23.08,9.23,8.96,12.31,10.61,29.23,12.5,29.23,20,3.03,36.92,18.05,36.92,17.0816536,3627,670,4042,781.5,40.5,2.29098845,1.3625,4042,388,40.5,0.974968,1.3625,4042,317.5,40.5,0.738838434,1.36875,3942,753.5,39.5,2.0676434,1.31875,3942,941.5,39.5,2.59599876,1.31875,1752,837,17.5555553,2.47855377,1.29375,84.75,1.55,1.55,99.80916
09/07/2026 14:08:37,7.94,3.17,4.76,0,7.94,1.59,28.57,12.7,11.11,23.81,36.51,31.75,14.15,36.51,16.1640434,2884,576,3942,209,39.5,0.4921183,1.28125,1752,139.5,17.5555553,0.368062228,1.29375,1971,247.5,19.75,0.7081976,1.29375,1752,802.5,17.5555553,2.37000751,1.29375,3942,731.5,39.5,1.91113055,1.29375,3942,1324,39.5,3.97316337,1.29375,85,1.55,1.55,99.809166
09/07/2026 14:08:39,33.33,6.25,14.29,7.81,6.35,9.38,28.57,18.75,28.12,22.22,20.31,20.63,18,33.33,17.8945484,1971,704,1797,732.5,18,1.93201327,1.34375,1797,406,18,0.9574739,1.34375,4042,500,40.5,1.43128014,1.36875,1397,871.5,14,2.39937139,1.36875,1397,925,14,2.53344941,1.36875,1397,791.5,14,2.1445806,1.36875,84.875,1.55,1.55,99.80921
09/07/2026 14:08:41,34.92,19.05,23.81,28.57,25.4,22.22,50.79,47.62,23.81,23.81,20.63,34.92,29.63,50.79,20.0019226,2884,1041,1752,764.5,17.5555553,1.59700823,1.2875,1752,978,17.5555553,2.207334,1.2875,3992,948.5,40,2.18228269,1.3,3992,1769.5,40,3.991597,1.3,1774,848.5,17.7777786,1.72259533,1.3,4042,935,40.5,2.07668161,1.3,85.375,1.55,1.55,99.80917
09/07/2026 14:08:43,14.06,6.25,35.94,48.44,26.56,23.44,35.94,25,26.56,17.19,9.38,17.19,23.83,48.44,19.367733,3843,932,3743,470.5,37.5,1.0172801,1.21875,3743,1453,37.5,3.47770786,1.21875,3768,1029,37.75,2.460741,1.21875,3768,1280.5,37.75,2.83731079,1.25,4017,870,40.25,1.91882849,1.35,4017,486.5,40.25,1.02656281,1.35,85.625,1.55,1.55,99.80924
09/07/2026 14:08:45,34.38,21.88,25,23.44,21.88,21.88,62.5,39.06,25,31.25,21.88,31.25,29.95,62.5,19.4114075,3631,984,4042,808,40.5,1.680344,1.38125,1774,986,17.7777786,2.372657,1.36875,3992,674.5,40,1.54872441,1.36875,3992,1696.5,40,3.57971358,1.36875,3992,847,40,1.69271064,1.36875,3992,892,40,1.962299,1.31875,85.75,1.55,1.55,99.8092
09/07/2026 14:08:47,20.31,17.19,25,23.44,29.69,28.12,50,45.31,28.12,18.75,28.12,29.69,28.65,50,18.89399,4017,995,3992,646.5,40,1.25621152,1.325,4017,565,40.25,1.15239143,1.325,4017,1003.5,40.25,2.2019968,1.325,4042,1758.5,40.5,3.6346724,1.35,4017,842.5,40.25,1.61362863,1.35,4017,1153,40.25,2.51928926,1.3875,85.75,1.55,1.55,99.80919
09/07/2026 14:08:49,17.19,16.13,25,39.06,39.06,15.62,37.5,12.7,23.44,17.19,17.19,20.31,23.37,39.06,19.3215389,2920,907,1797,679.5,18,1.48233426,1.3625,4042,1206,40.5,2.98147845,1.3625,1797,862,18,2.03998065,1.3625,4042,939,40.5,2.193178,1.36875,4042,888,40.5,2.02369142,1.36875,1797,866,18,1.9493078,1.3375,85.625,1.55,1.55,99.80922
09/07/2026 14:08:51,12.5,3.03,14.06,10.94,15.62,15.62,14.06,6.25,7.81,7.81,17.19,54.69,14.97,54.69,16.0499859,3228,545,1774,232,17.7777786,0.606230259,1.3125,1752,463.5,17.5555553,1.54276991,1.28125,3942,607,39.5,2.06462121,1.28125,3967,262.5,39.75,0.641634345,1.29375,3967,296,39.75,0.621584237,1.29375,3967,1406.5,39.75,4.448177,1.29375,85.375,1.55,1.55,99.8092041
09/07/2026 14:08:53,15.62,9.38,20.31,6.25,20.31,12.5,15.62,12.5,9.38,21.88,9.38,20.31,14.45,21.88,16.3479748,3232,605,1785,501.5,17.88889,1.56041145,1.35,1785,535.5,17.88889,1.75072455,1.35,4017,554.5,40.25,1.67558551,1.35,4017,746,40.25,1.9196012,1.35,3893,710,39,1.89743459,1.275,3893,582.5,39,1.52824664,1.275,85,1.55,1.55,99.80926
09/07/2026 14:08:55,21.88,10.94,7.81,3.12,9.38,7.81,25,35.94,17.19,14.06,17.19,23.44,16.15,35.94,16.185873,3294,587,4042,637.5,40.5,1.985762,1.36875,1797,148.5,18,0.312003523,1.36875,4042,297.5,40.5,0.7649884,1.36875,1797,1180,18,3.40473723,1.36875,4042,499.5,40.5,1.24593782,1.36875,4042,757,40.5,2.151802,1.36875,84.875,1.55,1.55,99.80919
09/07/2026 14:08:57,4.69,6.25,23.44,17.19,1.56,1.56,21.88,12.31,12.5,25,9.23,23.08,13.22,25,15.7389631,3132,535,1340,141.5,14,0.488054663,1.26875,3893,867,39,2.896358,1.26875,3893,95.5,39,0.2134327,1.26875,1730,801.5,17.333334,2.39236259,1.26875,3893,666.5,39,1.83496487,1.26875,4042,639,40.5,1.88250232,1.3625,84.875,1.55,1.55,99.8092041
09/07/2026 14:08:59,10.94,15.62,29.69,42.19,3.12,1.56,14.06,6.15,7.81,7.81,0,20.31,13.27,42.19,16.2449818,2470,531,1785,635.5,17.88889,1.972944,1.35,4017,1527.5,40.25,5.13939238,1.35,1785,136.5,17.88889,0.303026736,1.35,1397,205.5,14,0.5057228,1.35,1797,215.5,18,0.5936267,1.34375,4042,463.5,40.5,1.29312944,1.34375,84.625,1.55,1.55,99.80919
09/07/2026 14:09:01,6.15,4.62,12.31,15.38,3.08,3.08,12.31,23.08,10.77,33.85,13.85,23.08,13.46,33.85,15.7886238,3651,561,1797,201,18,0.523490131,1.3875,4042,495,40.5,1.55342662,1.3875,4042,205.5,40.5,0.500476062,1.3875,4042,606,40.5,1.68366838,1.3875,3992,1059.5,40,3.01402378,1.3375,3992,799.5,40,2.33340359,1.3375,84.625,1.55,1.55,99.80919
09/07/2026 14:09:03,10.61,15.15,4.55,4.55,4.55,21.21,10.61,19.7,9.09,33.33,7.58,13.64,12.88,33.33,15.8359509,3562,532,3918,594.5,39.25,1.86467886,1.28125,3631,98.5,39.5,0.2259772,1.2875,3942,567.5,39.5,1.87029266,1.2875,4042,559,40.5,1.68638825,1.36875,1797,906.5,18,2.7558465,1.36875,4042,465.5,40.5,1.28196752,1.375,84.75,1.55,1.55,99.80921
09/07/2026 14:09:05,9.38,3.12,7.81,6.25,1.56,1.56,50,37.5,10.94,15.62,7.81,15.62,13.93,50,15.74013,3581,553,1752,316,17.5555553,0.9489829,1.29375,3942,137,39.5,0.308628261,1.29375,3942,90.5,39.5,0.294516534,1.29375,3942,1762,39.5,5.32662439,1.29375,3942,509,39.5,1.3704927,1.29375,3967,503,39.75,1.21291542,1.30625,84.875,1.55,1.55,99.8092041
09/07/2026 14:09:07,9.38,3.12,1.56,4.76,6.25,6.25,37.5,25,17.19,20.31,7.46,20.31,13.26,37.5,15.1936884,2862,527,1621,184.5,18,0.46242246,1.3625,1625,152.5,18,0.381014377,1.3625,4042,255.5,40.5,0.69095093,1.3625,1797,1216.5,18,3.7968688,1.3625,4042,837.5,40.5,2.51819277,1.3625,4042,515.5,40.5,1.41429591,1.3625,84.875,1.55,1.55,99.80912
09/07/2026 14:09:09,12.31,3.08,3.08,9.23,9.23,6.15,35.38,49.23,15.38,18.46,6.15,12.31,15,49.23,15.8404827,3822,560,3843,267.5,38.5,0.781284034,1.26875,3818,409,38.25,1.1931684,1.2625,3818,248.5,38.25,0.616239846,1.2625,3818,1531.5,38.25,4.72166729,1.2625,3818,516,38.25,1.32052672,1.2625,3818,385,38.25,1.091679,1.2625,84.75,1.55,1.55,99.80926
09/07/2026 14:09:11,13.64,9.23,24.24,30.3,12.31,12.12,60.61,60,21.54,18.18,4.55,16.67,23.61,60.61,16.9174824,3240,803,3918,394.5,39.25,0.931369662,1.26875,3918,864,39.25,1.9939456,1.26875,3918,304,39.25,0.636697948,1.26875,1959,2250.5,19.625,4.643416,1.26875,1763,671,17.666666,1.43245041,1.26875,3967,332,39.75,0.6630346,1.26875,85.25,1.55,1.55,99.80917
09/07/2026 14:09:13,17.19,17.19,23.44,21.88,14.06,4.69,35.94,32.81,29.69,37.5,4.69,15.62,21.22,37.5,17.038475,3406,811,1697,564,17,1.24947023,1.24375,3818,926,38.25,2.223273,1.24375,3818,315,38.25,0.704245567,1.24375,3818,1311.5,38.25,2.58245087,1.24375,3643,1370.5,36.5,2.699078,1.19375,3643,381.5,36.5,0.80957675,1.1875,85.375,1.55,1.55,99.80919
09/07/2026 14:09:15,14.06,11.11,35.94,36.51,26.56,29.69,37.5,28.12,17.46,9.52,12.7,26.56,23.81,37.5,18.5513077,2404,826,1946,364,19.5,0.870052636,1.29375,3743,1518.5,37.5,3.68975115,1.2125,1663,919,16.666666,2.2353828,1.2125,3743,1074,37.5,2.31516361,1.2125,1663,425,16.666666,0.9120383,1.2125,1663,657.5,16.666666,1.517414,1.2125,85.375,1.55,1.55,99.80917
09/07/2026 14:09:17,24.62,7.69,26.15,24.62,18.46,23.08,35.38,30.77,16.92,10.77,24.62,38.46,23.46,38.46,17.8905,2901,810,4017,408.5,40.25,0.9412763,1.29375,1785,895,17.88889,2.26497579,1.29375,4017,661,40.25,1.60368311,1.29375,4017,1161.5,40.25,2.47229958,1.29375,1785,517.5,17.88889,1.08248568,1.29375,1785,1219.5,17.88889,2.69192863,1.29375,85.5,1.55,1.55,99.80923
09/07/2026 14:09:19,9.23,13.64,42.42,20,40,27.69,6.15,4.62,6.15,4.55,7.58,21.54,16.96,42.42,17.72255,2491,675,3893,586,39,1.56114173,1.28125,1730,1271,17.333334,3.98550534,1.28125,3893,1248,39,3.141328,1.28125,1730,200.5,17.333334,0.4727179,1.28125,1959,208,19.625,0.5879012,1.28125,1741,535,17.4444447,1.32936227,1.28125,85.25,1.55,1.55,99.80922
09/07/2026 14:09:21,10.94,4.76,30.16,15.87,15.62,6.25,15.62,30.16,17.19,31.25,12.5,28.12,18.2,31.25,16.0495548,2420,536,1795,111.5,19.8,0.273955375,1.26875,1235,738.5,12.375,2.45648265,1.2625,1976,220.5,19.8,0.5814702,1.2625,1730,698,17.333334,2.151889,1.2625,3893,685,39,1.919641,1.2625,3893,763.5,39,2.19115949,1.2625,84.875,1.55,1.55,99.80921
09/07/2026 14:09:23,7.81,4.62,12.31,12.5,7.81,12.31,32.81,25,10.94,18.75,14.29,29.69,15.74,32.81,15.7550564,3248,537,3942,168.5,39.5,0.47796154,1.30625,1752,340,17.5555553,1.059708,1.30625,1971,269,19.75,0.7467274,1.30625,3942,1228.5,39.5,3.771574,1.30625,3942,506,39.5,1.38161123,1.30625,3942,708,39.5,2.07390475,1.30625,84.875,1.55,1.55,99.8092041
09/07/2026 14:09:25,15.87,6.15,23.81,17.19,7.94,9.52,26.98,36.51,15.87,29.69,7.46,26.98,18.67,36.51,17.2755375,3294,769,1797,407.5,18,0.727524936,1.38125,4042,746.5,40.5,1.73598242,1.38125,4042,573.5,40.5,1.34521484,1.35625,4042,1136,40.5,3.07004929,1.35625,1797,971,18,2.39787364,1.35625,4042,782,40.5,1.90423548,1.36875,84.75,1.55,1.55,99.80917
09/07/2026 14:09:27,3.12,0,6.25,1.56,3.12,21.88,21.88,12.5,15.62,42.19,9.38,20.31,13.15,42.19,15.5900593,2087,533,1318,115,14,0.2800632,1.3625,1797,188.5,18,0.553492367,1.36875,1797,548.5,18,1.75127172,1.36875,1797,607,18,1.83506215,1.36875,1797,1198.5,18,3.55589652,1.36875,4017,538,40.25,1.54071534,1.34375,84.75,1.55,1.55,99.80926
09/07/2026 14:09:29,7.94,8.06,7.94,3.17,30.16,19.05,9.52,6.35,14.29,30.16,12.7,22.22,14.3,30.16,16.2207642,2337,539,1235,394.5,12.375,1.252979,1.3,1235,207,12.375,0.6040822,1.3,1976,927,19.8,3.01549029,1.3,3918,268,39.25,0.6761676,1.2875,3918,799,39.25,2.54209638,1.2875,1741,638,17.4444447,1.92751,1.2875,84.5,1.55,1.55,99.8092
09/07/2026 14:09:31,17.19,11.11,7.81,6.25,0,22.22,14.06,9.38,17.19,37.5,4.69,14.06,13.45,37.5,15.802763,2303,539,1397,576.5,14,1.780273,1.3125,1397,171.5,14,0.471899062,1.3125,1397,589.5,14,1.8776691,1.3125,3967,442,39.75,1.3055681,1.3125,3918,1104,39.25,3.312765,1.30625,1741,351,17.4444447,0.8426415,1.30625,84.375,1.55,1.55,99.80913
09/07/2026 14:09:33,16.92,4.62,20,9.23,3.08,1.54,32.31,12.31,10.77,29.23,4.62,16.92,13.46,32.31,16.0819931,3177,564,1397,527.5,14,1.4669807,1.30625,3942,590,39.5,1.94407666,1.30625,3942,108.5,39.5,0.228427,1.30625,3942,1024,39.5,2.963332,1.30625,4042,754.5,40.5,2.29129124,1.3625,1797,382.5,18,0.9494712,1.375,84.5,1.55,1.55,99.8092346
09/07/2026 14:09:35,59.09,42.42,46.97,50,57.58,56.06,80.3,78.79,0,3.03,0,0,39.52,80.3,7.753016,1375,716,1623,902.5,18.8,0.516526639,0.7375,1597,880.5,18.8,0.497460335,0.7375,1641,1126,18.8,0.6399266,0.73125,1675,1350,18.8,0.783993542,0.73125,857,38.5,13.4285717,0.0237721819,0.73125,857,1,13.4285717,0.00158382533,0.75625,81.25,1.55,1.55,99.80921
09/07/2026 14:09:37,34.38,18.75,26.56,42.19,42.19,39.06,1.59,0,0,3.12,0,0,17.32,42.19,6.090261,1172,321,1066,477.5,13.4285717,0.314806134,0.73125,1557,676,18.8,0.436877221,0.7375,1617,731,18.8,0.5123715,0.7375,932,4,14,0.00210744049,0.73125,931,37.5,14,0.0242975485,0.73125,931,2,14,0.00147210911,0.73125,77.75001,1.55,1.55,99.80915
09/07/2026 14:09:39,28.79,13.64,24.24,27.27,40.91,56.06,0,0,0,0,0,0,15.91,56.06,6.0445056,1228,306,1457,407,18.8,0.2731162,0.7625,1477,489,18.8,0.315476567,0.7625,1638,898,18.8,0.646939933,0.7625,934,4,14,0.00174710713,0.7625,931,37.5,14,0.0228415765,0.7625,931,1,14,0.000409782428,0.7625,74.75001,1.55,1.55,99.80915
09/07/2026 14:09:41,27.69,21.54,36.92,40,49.23,47.69,25,40.62,0,0,0,0,24.06,49.23,6.825984,1215,462,1077,585.5,13.4285717,0.33120802,0.7375,1533,648.5,18.8,0.3840952,0.75625,1608,866,18.8,0.5030378,0.75625,1211,631.5,14,0.3723418,0.75625,937,37.5,14,0.0231765,0.75625,925,1.5,14,0.0005615786,0.7625,72.25001,1.55,1.55,99.809166
09/07/2026 14:09:43,41.54,29.23,36.92,40,50.77,44.62,64.62,50.77,6.15,15.38,0,0,31.67,64.62,7.1342597,1222,542,1066,566.5,13.4285717,0.342872024,0.75625,1103,713,13.4285717,0.420664251,0.75625,1570,760,18.8,0.425579429,0.75625,1619,1046.5,18.8,0.609890342,0.75625,1115,166.5,13.4285717,0.103217617,0.75625,857,1.5,13.4285717,0.00026009322,0.75625,70.12501,1.55,1.55,99.80924
09/07/2026 14:09:45,36.92,16.92,32.31,35.38,55.38,43.08,53.03,41.54,0,3.08,0,0,26.47,55.38,6.80164,1267,470,1449,433,18.8,0.255767852,0.75625,1537,608,18.8,0.381519616,0.75625,1620,955.5,18.8,0.558592,0.75625,1193,787,14,0.4691919,0.75625,901,38,14,0.02273134,0.73125,901,1.5,14,0.00050226046,0.73125,68.37501,1.55,1.55,99.80918
09/07/2026 14:09:47,38.46,29.23,44.62,40,58.46,58.46,23.44,21.88,0,3.08,0,0,26.47,58.46,6.67593431,1294,456,1484,567.5,18.8,0.316728383,0.7375,1501,588,18.8,0.354793161,0.73125,1363,1112.5,15.666667,0.654870152,0.7625,1645,428,18.8,0.258185953,0.75625,886,37.5,13.4285717,0.0231538955,0.75625,883,1,13.4285717,4.578885E-05,0.75625,66.75001,1.55,1.55,99.80919
09/07/2026 14:09:49,35.38,20,30.77,20,36.92,43.08,23.44,31.25,0,1.54,0,0,20.2,43.08,6.36800051,1280,389,1515,516,18.8,0.3197083,0.73125,1536,561.5,18.8,0.33613804,0.73125,1595,754,18.8,0.4931402,0.75625,1167,462.5,14,0.311709076,0.75625,940,38,14,0.0230988655,0.75625,926,1,14,0.0004483823,0.75625,65.37501,1.55,1.55,99.8092041
09/07/2026 14:09:51,32.81,17.19,32.81,32.81,45.31,40.62,0,0,0,1.61,0,1.59,17.06,45.31,5.90615034,1094,307,1028,422.5,13.4285717,0.2677506,0.7375,1121,631,13.4285717,0.428940862,0.7375,1619,779.5,18.8,0.5253879,0.7375,931,1,14,0.000580237247,0.7625,931,8,14,0.00497782463,0.7625,932,1,14,0.000687123043,0.7625,64.12501,1.55,1.55,99.8092041
09/07/2026 14:09:53,41.94,37.1,50,46.77,43.55,46.77,64.52,40.32,11.11,7.94,0,0,32.5,64.52,7.14785862,1277,627,1596,878,18.8,0.501281142,0.7625,1617,942.5,18.8,0.5848971,0.75625,1161,860,13.4285717,0.5166198,0.75625,1223,901.5,14,0.5553774,0.75625,1164,177.5,14,0.110256948,0.75625,899,3,14,0.001490951,0.75625,63.0000076,1.55,1.55,99.80917
09/07/2026 14:09:55,48.44,50,56.25,40.62,60.94,65.62,31.25,42.19,0,0,0,0,32.94,65.62,6.77657557,1309,545,1574,806.5,18.8,0.467218518,0.7375,1545,684,18.8,0.403723657,0.75625,1644,1137,18.8,0.704936445,0.75625,1215,638,14,0.417436749,0.7375,958,2.5,14,0.001027716,0.7375,917,3.5,14,0.001409058,0.7375,62.0000076,1.55,1.55,99.80919
09/07/2026 14:09:57,42.19,29.69,39.06,39.06,43.75,59.38,12.31,15.38,0,0,1.54,0,23.53,59.38,6.08870459,1290,394,1498,556.5,18.8,0.320401132,0.73125,1560,672.5,18.8,0.387824565,0.7625,1639,885.5,18.8,0.5862657,0.73125,1179,245,14,0.138976514,0.73125,931,1,14,0.000504413038,0.73125,931,1.5,14,0.000839845743,0.73125,61.1250076,1.55,1.55,99.80919
09/07/2026 14:09:59,31.75,19.05,34.92,41.27,36.51,44.44,0,0,0,0,0,0,17.33,44.44,5.830685,1238,311,1472,500.5,18.8,0.3240722,0.75625,1550,610,18.8,0.3811907,0.7375,1615,748.5,18.8,0.496377081,0.75625,931,1,14,4.580533E-05,0.75625,931,1.5,14,0.000183221317,0.75625,928,2,14,0.0005349294,0.75625,60.3750076,1.55,1.55,99.80922
09/07/2026 14:10:01,30.16,22.22,31.75,28.12,46.03,35.94,0,0,0,0,0,0,16.19,46.03,5.88020325,1240,319,1496,518,18.8,0.333410531,0.7375,1518,573.5,18.8,0.353543282,0.7375,1633,818.5,18.8,0.552836061,0.73125,931,1,14,3.07134142E-05,0.7375,931,1,14,0.00030713412,0.7375,931,1,14,3.07134142E-05,0.7375,59.7500076,1.55,1.55,99.80917
09/07/2026 14:10:03,31.75,14.29,23.81,34.92,38.1,33.33,17.46,4.76,0,0,0,0,16.53,38.1,5.941055,1192,327,1047,480,13.4285717,0.2844954,0.7375,1543,577.5,18.8,0.377655149,0.7375,1610,685,18.8,0.464949816,0.7375,1097,214,14,0.14342922,0.7375,930,2,14,0.0009712855,0.7375,925,2,14,0.00110787258,0.7375,59.1250076,1.55,1.55,99.80918
09/07/2026 14:10:05,45.16,29.03,38.71,30.65,53.23,54.84,0,1.59,0,0,0,0,21.1,54.84,5.7686677,1167,305,1027,421.5,13.4285717,0.246145457,0.7375,1540,562,18.8,0.367670059,0.73125,1639,843.5,18.8,0.605374157,0.73125,932,1,14,0.0005809146,0.73125,931,1,14,3.05744543E-05,0.7375,931,1.5,14,0.000901946332,0.7375,58.6250076,1.55,1.55,99.80918
09/07/2026 14:10:07,30.16,25.4,36.51,36.51,50.79,42.86,1.59,0,0,0,0,0,18.65,50.79,5.871098,1125,306,1049,469.5,13.4285717,0.3036161,0.75625,1261,582,15.666667,0.3816208,0.7375,1631,774.5,18.8,0.541194737,0.7375,945,5.5,14,0.00215533352,0.7375,931,1,14,0.00174509664,0.7375,931,1,14,0.00114224514,0.7375,58.1250076,1.55,1.55,99.80918
09/07/2026 14:10:09,35.94,17.19,35.94,32.81,42.19,42.19,4.69,4.55,1.52,1.52,0,0,18.21,42.19,6.701832,3343,384,3179,448,40.25,0.316374868,1.375,3571,695.5,40,0.6367237,1.34375,3516,809.5,40,0.6918549,1.34375,3992,244.5,40,0.545046747,1.34375,4017,67.5,40.25,0.134248748,1.34375,1785,39,17.88889,0.07733793,1.34375,58.6250076,1.55,1.55,99.80923
09/07/2026 14:10:11,25.81,14.29,29.03,42.86,20.63,17.46,51.61,40.32,19.05,22.22,14.29,22.22,26.65,51.61,20.6506462,2537,977,1797,514,18,1.17682683,1.3375,1797,1438,18,3.61037326,1.3375,4042,659.5,40.5,1.548517,1.3375,1785,1554.5,17.88889,3.80379057,1.35625,4017,968,40.25,2.30257988,1.35625,1785,726.5,17.88889,1.78374791,1.35625,77.75001,1.55,1.55,99.809166
09/07/2026 14:10:13,19.05,6.35,33.33,34.92,31.75,33.33,28.57,28.57,15.87,14.29,25.4,26.98,24.87,34.92,20.2888451,2912,925,3918,516.5,39.25,1.2305429,1.25625,1971,1232.5,19.75,3.03118443,1.275,1763,1082,17.666666,2.72267962,1.3,1785,998.5,17.88889,2.39823174,1.3125,4017,706.5,40.25,1.69947457,1.3125,4017,1016.5,40.25,2.55324149,1.3125,81.5,1.55,1.55,99.80919
09/07/2026 14:10:15,25,17.19,34.38,48.44,31.25,28.12,32.81,23.44,21.88,15.62,7.81,54.69,28.39,54.69,23.73188,3606,1112,3893,856.5,39,2.06257367,1.26875,3893,1540.5,39,3.78437424,1.26875,1946,1130,19.5,2.68018246,1.26875,3967,1069.5,39.75,3.06776714,1.3375,3967,753,39.75,1.90753233,1.31875,3967,1323.5,39.75,4.6069,1.31875,82.375,1.55,1.55,99.8092
09/07/2026 14:10:17,63.49,26.98,58.73,47.62,57.14,30.16,36.51,26.98,39.68,25.4,23.81,22.22,38.23,63.49,27.44624,3992,1487,3992,1709,40,5.135447,1.325,3992,1905.5,40,4.85116959,1.325,3992,1748.5,40,4.12251568,1.325,3992,1447.5,40,3.5678494,1.325,3992,1134,40,2.758022,1.325,3992,979.5,40,2.11421323,1.325,83.5,1.55,1.55,99.80914
09/07/2026 14:10:19,13.85,6.25,20,21.54,12.31,21.54,13.85,15.38,13.85,18.46,26.15,20,16.93,26.15,17.6508045,3967,676,3967,327,39.75,0.85588187,1.36875,3967,644.5,39.75,1.685838,1.36875,3967,772,39.75,1.99727881,1.36875,3967,643,39.75,1.89644682,1.3375,3967,744.5,39.75,2.13345814,1.31875,3967,928,39.75,2.61013222,1.31875,84.125,1.55,1.55,99.80915
09/07/2026 14:10:21,32.31,12.31,21.54,10.77,33.85,20,38.46,24.62,41.54,18.46,23.08,29.23,25.51,41.54,20.4589329,3600,921,3967,755,39.75,2.098215,1.325,3967,540,39.75,1.31459069,1.325,3967,1066,39.75,2.82733226,1.325,1763,1103,17.666666,3.07051015,1.325,3967,1060,39.75,3.27896,1.33125,3967,1002.5,39.75,2.811201,1.33125,84.125,1.55,1.55,99.80917
09/07/2026 14:10:23,23.44,12.5,31.25,17.19,14.06,15.62,17.19,25,9.38,4.69,14.06,15.62,16.67,31.25,16.4590683,3294,617,4042,697,40.5,2.1639092,1.35,1797,844,18,2.84288239,1.35,4042,548,40.5,1.529675,1.3875,4042,852,40.5,2.992484,1.3875,1797,332.5,18,0.959848166,1.3875,4042,427.5,40.5,1.26954651,1.38125,83.875,1.55,1.55,99.8092
09/07/2026 14:10:25,18.46,13.64,21.54,15.38,20,9.23,32.31,30.77,23.08,16.92,15.38,30.77,20.62,32.31,16.5704765,4042,765,4042,647.5,40.5,1.5575788,1.36875,4042,708,40.5,1.8224895,1.36875,4042,677.5,40.5,1.741255,1.3625,4042,1027,40.5,2.947909,1.3625,4042,646.5,40.5,1.6095376,1.3625,4042,881.5,40.5,2.42724657,1.3625,83.875,1.55,1.55,99.80917
09/07/2026 14:10:27,25,7.81,20.31,20.31,14.06,6.25,37.5,12.5,25,7.81,32.81,17.19,18.88,37.5,17.41243,2482,724,1774,616.5,17.7777786,1.727149,1.33125,1774,714,17.7777786,2.09246063,1.33125,3992,492.5,40,1.29738581,1.33125,3893,988.5,39,3.15796542,1.2875,1730,590.5,17.333334,1.65353084,1.2875,1730,940.5,17.333334,2.8731823,1.2875,83.75,1.55,1.55,99.80916
09/07/2026 14:10:29,31.25,12.5,26.56,21.88,17.19,7.81,26.56,57.81,23.44,7.81,23.44,14.06,22.53,57.81,18.63987,1971,893,1235,755,12.375,1.65003276,1.33125,4042,972,40.5,2.309205,1.375,1797,653.5,18,1.384859,1.375,1976,1670,19.8,5.27365971,1.375,1381,524,13.833333,1.21468234,1.375,1397,782,14,2.03200388,1.36875,84.125,1.55,1.55,99.809166
09/07/2026 14:10:31,9.23,1.52,12.31,21.54,7.69,3.08,9.23,1.52,9.23,32.31,23.08,26.15,13.07,32.31,14.5505552,2920,523,1797,215.5,18,0.532687,1.35625,4042,649,40.5,2.24122858,1.35625,4042,316,40.5,0.843346953,1.375,4042,234.5,40.5,0.67831105,1.375,1797,814.5,18,2.644317,1.375,1797,911,18,3.24675035,1.375,83.875,1.55,1.55,99.80922
09/07/2026 14:10:33,12.5,12.5,10.94,4.69,10.94,45.31,18.75,3.17,6.25,6.25,17.19,7.81,13.02,45.31,15.0639944,3294,538,4042,522,40.5,1.61376488,1.35,4042,242.5,40.5,0.6276107,1.35,4042,1140.5,40.5,3.90929437,1.35,1797,404.5,18,1.41025019,1.35,1797,327,18,1.00512278,1.35,4042,590.5,40.5,1.90811312,1.35,83.5,1.55,1.55,99.80918
09/07/2026 14:10:35,25.4,10.17,6.35,3.17,19.05,25.4,15.87,19.35,20.63,24.59,11.11,22.22,16.94,25.4,14.26606,3294,487,1797,445.5,18,1.535384,1.35,1797,151,18,0.384944469,1.35,4042,813,40.5,2.831335,1.3625,4042,505,40.5,1.59865487,1.36875,4042,511,40.5,1.714428,1.35,4042,497,40.5,1.62735629,1.35,83.375,1.55,1.55,99.80925
09/07/2026 14:10:37,16.92,4.62,3.08,6.15,32.31,13.85,7.69,9.23,10.77,21.54,7.69,20,12.82,32.31,14.740015,2156,524,1797,449.5,18,1.22738755,1.35,1797,211.5,18,0.5790829,1.35,4042,884.5,40.5,3.194618,1.35,1797,339.5,18,1.0285157,1.35,1752,659.5,17.5555553,2.24379683,1.29375,1752,598,17.5555553,1.85237229,1.29375,83.375,1.55,1.55,99.80918
09/07/2026 14:10:39,29.69,10.94,35.94,21.88,14.06,14.06,31.25,31.25,10.94,14.06,20.31,14.06,20.7,35.94,17.0622959,3574,771,3818,642.5,38.25,1.52245975,1.25,3818,991.5,38.25,2.503748,1.25,1909,530.5,19.125,1.36216342,1.25,3818,1234,38.25,3.25325656,1.25,4042,589.5,40.5,1.54730248,1.36875,4042,639,40.5,1.83831048,1.36875,84,1.55,1.55,99.8092
09/07/2026 14:10:41,18.75,6.25,14.06,18.75,32.81,18.75,29.69,31.25,20.31,12.5,26.56,32.81,21.88,32.81,16.9817181,3167,854,3843,530.5,38.5,1.26363194,1.26875,1921,717,19.25,1.81924748,1.25625,1708,801.5,17.11111,1.96882188,1.25625,3843,1298,38.5,2.81812239,1.25625,3843,648.5,38.5,1.4734149,1.25625,3843,1131,38.5,2.58401775,1.25625,84.75,1.55,1.55,99.8092
09/07/2026 14:10:43,46.15,27.69,58.46,40,56.92,30.77,60,38.46,44.62,30.77,40,20,41.15,60,24.0028858,3070,1592,3768,1476.5,37.75,2.87413478,1.2375,1675,1946,16.7777786,4.06174564,1.2375,1675,1739,16.7777786,3.74847317,1.2375,3768,1965,37.75,4.01205158,1.2375,3768,1261,37.75,2.62383151,1.2375,3768,1165.5,37.75,2.32301188,1.2375,85,1.55,1.55,99.80916
09/07/2026 14:10:45,39.68,30.16,33.33,26.98,36.51,33.33,38.1,31.75,25.4,34.92,47.62,49.21,35.58,49.21,20.2451687,3294,1170,4042,998,40.5,2.04399753,1.35625,1797,1005,18,2.13647413,1.35625,4042,1024.5,40.5,2.05972219,1.35625,4042,1143,40.5,2.41502714,1.375,1797,1086,18,2.25604153,1.375,4042,1760.5,40.5,4.11355925,1.375,85.125,1.55,1.55,99.80918
09/07/2026 14:10:47,38.46,24.62,40,44.62,40,32.31,47.69,36.92,29.23,29.23,43.08,36.92,36.92,47.69,20.4629135,2918,1191,4042,921,40.5,1.89751518,1.3625,1797,1428,18,3.05826283,1.3625,4042,1177.5,40.5,2.47046351,1.3625,1797,1397,18,2.82666945,1.3625,1785,932,17.88889,1.97317731,1.35625,4042,1292,40.5,2.631664,1.3375,85.25,1.55,1.55,99.8092
09/07/2026 14:10:49,15.87,3.17,12.7,19.05,11.11,19.05,22.22,14.29,4.76,7.94,26.98,33.33,15.87,33.33,14.3039961,2279,562,3457,189,39.5,0.461065322,1.29375,1752,508.5,17.5555553,1.28851569,1.3,4017,463.5,40.25,1.58077419,1.29375,1976,669.5,19.8,1.98160183,1.29375,1235,302.5,12.375,0.881248832,1.29375,1235,1241.5,12.375,3.613857,1.29375,85.125,1.55,1.55,99.80916
09/07/2026 14:10:51,23.44,0,17.19,6.25,10.94,4.69,18.75,9.38,9.38,23.44,15.62,7.81,12.24,23.44,14.2603922,3294,480,1797,323.5,18,1.07480526,1.36875,4042,475,40.5,1.56989908,1.36875,4042,298,40.5,0.9882388,1.36875,1797,629.5,18,2.16794276,1.36875,4042,674.5,40.5,2.10149312,1.35,4042,479,40.5,1.60200548,1.35,84.625,1.55,1.55,99.80923
09/07/2026 14:10:53,25.76,0,19.7,9.09,13.64,24.24,28.79,18.18,16.67,21.21,19.7,6.06,16.92,28.79,16.7687225,2895,657,1797,470.5,18,1.4362042,1.34375,4042,560,40.5,1.77481377,1.34375,4042,786.5,40.5,2.3973012,1.35625,1797,821.5,18,2.72317362,1.35625,3942,775.5,39.5,2.36734653,1.29375,1752,530,17.5555553,1.63785422,1.29375,84.5,1.55,1.55,99.809166
09/07/2026 14:10:55,10.94,4.69,17.19,12.5,10.94,6.25,23.44,34.38,14.06,18.75,37.5,18.75,17.45,37.5,15.6115332,2133,622,1797,278.5,18,0.6815052,1.3625,1797,460.5,18,1.29073346,1.3625,4017,512.5,40.25,1.44970632,1.35625,1976,1011,19.8,2.75073075,1.35625,1235,533,12.375,1.57413018,1.35625,1976,937,19.8,2.98542428,1.35625,84.5,1.55,1.55,99.809166
09/07/2026 14:10:57,14.29,4.55,4.76,3.17,3.12,3.12,26.56,15.87,9.52,17.46,23.81,15.87,11.84,26.56,14.2852812,2541,483,4042,356,40.5,1.16329467,1.375,1797,162,18,0.4354342,1.375,1797,171,18,0.4808284,1.375,1797,850,18,3.099859,1.3625,1797,611.5,18,2.05468488,1.3625,4017,746,40.25,2.47785568,1.375,84.375,1.55,1.55,99.80921
09/07/2026 14:10:59,25,10.77,12.5,6.25,3.08,4.69,32.81,15.62,20.31,26.56,21.88,14.06,16.13,32.81,15.763464,3992,626,3992,581,40,1.67828429,1.3375,3992,360,40,0.9681724,1.325,3992,226.5,40,0.48461014,1.325,3992,969,40,3.22969079,1.325,3992,947,40,2.69156981,1.325,3992,672,40,2.07777333,1.325,84.375,1.55,1.55,99.80922
09/07/2026 14:11:01,13.85,4.76,7.69,3.08,7.81,1.56,12.31,63.08,15.62,10.94,9.38,9.38,13.29,63.08,14.4550772,1636,512,1235,297,12.375,0.838554561,1.35625,1215,145,12.375,0.3528583,1.35625,1976,179.5,19.8,0.442087948,1.35625,1797,1477.5,18,5.219911,1.35625,1797,546.5,18,1.55231345,1.35625,1797,429,18,1.29390466,1.35625,84.625,1.55,1.55,99.80917
09/07/2026 14:11:03,23.44,9.38,23.44,26.56,15.62,12.5,28.12,12.5,15.62,40.62,20.31,10.94,19.92,40.62,16.4622879,2498,724,3967,462,39.75,0.987161338,1.325,1763,989.5,17.666666,2.9280827,1.325,1763,478,17.666666,1.00423217,1.325,3967,846,39.75,2.34126973,1.325,1763,912.5,17.666666,2.54783583,1.325,1763,653,17.666666,1.64087737,1.325,84.25,1.55,1.55,99.809166
09/07/2026 14:11:05,13.85,10.94,13.85,10.77,6.35,10.77,35.38,13.85,16.92,18.46,20,12.31,15.29,35.38,14.8653193,2454,531,1397,399.5,14,1.331906,1.3,3942,358,39.5,0.9689626,1.30625,1752,257.5,17.5555553,0.7809716,1.30625,4042,920,40.5,3.14332938,1.375,1797,623,18,1.85207486,1.38125,1797,628.5,18,2.097302,1.38125,84.25,1.55,1.55,99.80915
09/07/2026 14:11:07,9.52,6.35,7.94,0,23.81,11.11,52.38,3.17,6.35,1.59,1.59,19.05,11.9,52.38,14.7094812,2545,503,1797,310,18,0.9828918,1.35,4042,209,40.5,0.5067598,1.35,1797,759,18,2.71664524,1.35625,1797,1130.5,18,3.9543376,1.35625,4042,267,40.5,0.6740758,1.35625,1797,340.5,18,1.09983766,1.35625,84.375,1.55,1.55,99.80923
09/07/2026 14:11:09,20,3.08,12.31,12.31,27.69,10.77,46.15,26.15,10.77,16.92,7.69,21.54,17.95,46.15,15.1669264,4042,551,4042,205,40.5,0.5967436,1.3875,4042,339.5,40.5,0.8724898,1.3875,4042,772.5,40.5,2.45972133,1.3875,4042,1183,40.5,3.72983861,1.3875,4042,473.5,40.5,1.42770362,1.3875,4042,333,40.5,0.988488555,1.3875,84.25,1.55,1.55,99.8092041
09/07/2026 14:11:11,17.46,4.69,11.11,7.94,25.4,21.88,55.56,53.97,25.4,23.44,19.05,22.22,24.01,55.56,16.00485,3938,789,3942,288,39.5,0.6803886,1.29375,3942,366.5,39.5,0.8987626,1.29375,3942,775,39.5,1.92898548,1.29375,3942,2100.5,39.5,4.32711458,1.29375,3942,457.5,39.5,1.03326,1.29375,3918,746,39.25,1.77858818,1.26875,84.75,1.55,1.55,99.80919
09/07/2026 14:11:13,23.08,10.77,15.38,13.85,29.23,40,32.31,16.92,18.46,12.31,38.46,35.38,23.85,40,17.0684814,4025,821,4042,346,40.5,0.8980015,1.375,4042,565,40.5,1.47194707,1.375,4042,1242,40.5,3.13368177,1.375,4042,801,40.5,1.80964732,1.375,3992,534.5,40,1.22449243,1.34375,3992,1435.5,40,3.26229358,1.34375,84.875,1.55,1.55,99.80912
09/07/2026 14:11:15,17.19,9.38,42.19,46.88,40.62,42.19,17.19,12.5,9.38,10.94,4.69,15.62,22.4,46.88,17.2539444,3228,784,1763,453,17.666666,1.17508531,1.3375,3967,1623.5,39.75,3.99924254,1.3375,3967,1615,39.75,3.99958372,1.3375,3942,384.5,39.5,0.941850543,1.3,3967,442,39.75,1.045795,1.3,1763,183,17.666666,0.4218803,1.3,84.875,1.55,1.55,99.80922
09/07/2026 14:11:18,22.73,22.73,42.42,36.36,16.67,4.55,33.33,30.3,10.61,9.09,10.61,12.12,20.96,42.42,16.80796,3238,747,3942,778,39.5,2.129047,1.3,1752,1612.5,17.5555553,4.295849,1.3,3942,317.5,39.5,0.9223344,1.3,3992,1163.5,40,2.78858328,1.29375,4017,258,40.25,0.6532499,1.29375,1785,353.5,17.88889,0.9087348,1.29375,85,1.55,1.55,99.8092
09/07/2026 14:11:20,7.81,1.59,7.94,10.94,15.62,6.25,26.56,26.56,7.81,9.38,29.69,25,14.6,29.69,15.0773964,1963,559,1397,183.5,14,0.489944249,1.3625,1397,292.5,14,0.8007337,1.3625,1397,524,14,1.71134162,1.3625,4017,1025,40.25,3.49342561,1.35,1785,274,17.88889,0.6667519,1.35,1785,1056,17.88889,3.133735,1.35,84.875,1.55,1.55,99.80914
09/07/2026 14:11:21,6.25,1.56,4.69,10.94,1.56,20.31,23.44,29.69,9.38,18.75,6.25,12.5,12.11,29.69,13.6089287,3668,455,4042,184.5,40.5,0.677081048,1.3625,4042,211.5,40.5,0.655337632,1.3625,4042,495,40.5,1.73302984,1.3625,4042,1010,40.5,3.74101257,1.3625,4042,532,40.5,1.66963732,1.3625,1797,297,18,0.905714333,1.3625,84.5,1.55,1.55,99.80925
09/07/2026 14:11:24,20,7.58,4.62,24.62,24.62,3.08,13.85,1.54,20,20,0,10.77,12.55,24.62,14.1393833,3668,472,4042,449,40.5,1.354394,1.35625,1797,546.5,18,1.95332611,1.35625,4042,595,40.5,2.115291,1.35625,4042,211.5,40.5,0.7015296,1.35625,4042,801.5,40.5,2.80836415,1.35625,4042,227,40.5,0.6044483,1.35625,84.25,1.55,1.55,99.80921
09/07/2026 14:11:26,12.5,20.31,14.06,28.12,15.62,34.38,14.06,14.06,14.06,21.88,15.62,17.19,18.49,34.38,15.5710878,2545,711,4042,762.5,40.5,2.15950966,1.3625,1797,803,18,2.12905955,1.3625,1797,896,18,2.55938482,1.3625,1797,548,18,1.26652646,1.3625,1797,652.5,18,1.96159279,1.3625,4042,601.5,40.5,1.34758258,1.3375,83.875,1.55,1.55,99.8092041
09/07/2026 14:11:28,26.15,23.08,9.23,4.55,4.62,4.62,15.38,5.97,13.85,35.29,4.62,13.85,13.43,35.29,13.740303,2724,473,1235,820,12.375,2.8737247,1.26875,1235,269.5,12.375,0.824051142,1.28125,1976,164,19.8,0.466163218,1.28125,3942,387.5,39.5,1.18325245,1.28125,3942,929,39.5,3.27330232,1.28125,4017,266,40.25,0.780659437,1.33125,83.875,1.55,1.55,99.80918
09/07/2026 14:11:30,18.75,12.5,3.12,12.5,7.81,14.06,25,15.62,7.81,9.84,3.12,23.44,12.8,25,14.05713,2545,507,1797,411,18,1.2118783,1.35,1797,354,18,1.07269323,1.3625,4042,487,40.5,1.62331939,1.3625,1797,890.5,18,3.22537684,1.3625,1797,331.5,18,1.07212484,1.3625,4042,566.5,40.5,1.73832726,1.3625,84,1.55,1.55,99.8091354
09/07/2026 14:11:32,4.69,1.52,6.25,3.12,10.94,4.69,26.56,14.06,15.62,25,7.81,20.31,11.71,26.56,13.941287,2736,476,1320,142,14,0.3564441,1.31875,1243,152,14,0.455394834,1.31875,3992,273.5,40,0.9105015,1.33125,1774,762,17.7777786,2.77650547,1.33125,4042,1001.5,40.5,3.46185613,1.3625,4042,523.5,40.5,1.59733188,1.3625,84.125,1.55,1.55,99.8092041
09/07/2026 14:11:34,15.62,7.81,23.44,23.08,10.94,11.11,20.31,47.69,17.19,18.75,14.06,18.75,19.06,47.69,15.4086237,2915,707,1797,430.5,18,0.7625723,1.35625,4017,857.5,40.25,2.39944,1.34375,4042,355.5,40.5,0.6300773,1.34375,1797,1236.5,18,3.68765759,1.36875,1797,675,18,1.77394223,1.36875,4042,687,40.5,1.955704,1.36875,84,1.55,1.55,99.80927
09/07/2026 14:11:36,27.69,0,10.77,10.94,13.85,14.06,29.23,9.23,21.54,21.54,14.06,13.85,15.56,29.23,14.0769253,1983,483,1397,429.5,14,1.4736172,1.31875,1235,394.5,12.375,1.33170533,1.3375,1976,496,19.8,1.7211585,1.3375,1774,553,17.7777786,1.9785558,1.3375,3818,623,38.25,1.94923818,1.25,1697,400,17,1.29404354,1.25,83.625,1.55,1.55,99.8091354
09/07/2026 14:11:38,7.94,0,12.5,4.76,14.06,15.62,14.29,25.4,6.35,19.05,14.29,11.11,12.11,25.4,13.9465895,3514,485,1370,128,14,0.3653428,1.275,3918,281.5,39.25,0.905900359,1.28125,3918,632.5,39.25,2.09315825,1.28125,3918,822.5,39.25,2.67339516,1.28125,3918,492.5,39.25,1.61586916,1.28125,4042,554.5,40.5,1.86688149,1.35,83.5,1.55,1.55,99.80918
09/07/2026 14:11:40,32.26,27.42,12.9,8.06,3.23,6.45,40.32,24.19,16.13,4.84,1.61,9.68,15.59,40.32,14.8181915,3221,562,1976,1122.5,19.8,3.58050632,1.25625,1976,406,19.8,1.0640862,1.25625,3818,170.5,38.25,0.420296341,1.25,3818,1252,38.25,4.20505333,1.25,3818,250.5,38.25,0.5792528,1.25,3918,168,39.25,0.399597317,1.31875,83.625,1.55,1.55,99.8091354
09/07/2026 14:11:42,34.92,22.22,12.7,4.76,47.62,53.97,25.4,15.87,7.94,3.17,4.76,7.94,20.11,53.97,16.45029,3984,722,3992,1041,40,2.99271274,1.34375,3992,206,40,0.617517233,1.34375,3992,2013.5,40,5.58594942,1.35625,3992,691,40,1.91897142,1.35625,3945,158.5,40,0.36414966,1.35625,3992,219.5,40,0.573853552,1.35625,84.375,1.55,1.55,99.80919
09/07/2026 14:11:44,30.77,23.08,21.54,21.54,32.31,35.38,36.92,33.85,13.85,3.08,4.62,18.46,22.95,36.92,16.5640488,2523,742,4017,723.5,40.25,1.95424771,1.35,1785,616.5,17.88889,1.7986809,1.35,3992,1318,40,3.48753214,1.35,1774,1329.5,17.7777786,3.08876514,1.35625,1785,257,17.88889,0.577872336,1.35625,1785,208,17.88889,0.5241245,1.35625,84.75,1.55,1.55,99.80923
09/07/2026 14:11:46,12.31,7.69,12.31,18.46,36.92,37.5,44.62,49.23,18.46,10.77,16.92,13.85,23.25,49.23,15.8882055,2296,752,1235,186,12.375,0.468773037,1.2375,1235,449.5,12.375,1.18626606,1.2375,1976,1385,19.8,3.36813164,1.2375,3818,1881,38.25,4.34591,1.24375,1697,242,17,0.549423754,1.24375,3818,371,38.25,0.7646526,1.24375,85,1.55,1.55,99.80916
09/07/2026 14:11:48,20.63,12.7,22.22,14.29,58.73,58.73,17.46,9.68,30.16,11.11,15.87,20.63,24.35,58.73,18.9758682,2885,884,4017,720,40.25,1.91094494,1.36875,1785,546.5,17.88889,1.50326681,1.36875,4017,2108.5,40.25,5.13116026,1.36875,3967,590,39.75,1.617475,1.3375,1763,652,17.666666,1.60114372,1.3375,1763,684,17.666666,1.61426556,1.3375,85.125,1.55,1.55,99.8092
09/07/2026 14:11:50,23.44,6.25,20.31,12.5,15.62,12.5,35.94,31.25,18.75,23.44,31.25,20.31,20.96,35.94,16.4886189,3240,799,4042,463,40.5,0.9143239,1.35,4042,626,40.5,1.33374989,1.35,1797,537.5,18,1.19546723,1.35,4042,1376,40.5,3.97993016,1.35,3818,902.5,38.25,2.058619,1.24375,1697,888.5,17,2.37227488,1.24375,85,1.55,1.55,99.80914
09/07/2026 14:11:52,15.87,4.76,6.35,1.61,26.98,8.2,12.7,12.7,19.05,30.65,4.76,11.11,12.9,30.65,14.1729765,2022,481,1397,316,14,0.929083,1.375,1366,127.5,14,0.3154647,1.375,1797,685,18,2.44610119,1.375,3893,550.5,39,1.96238065,1.2625,1946,879,19.5,2.927069,1.2625,1730,329,17.333334,0.995016336,1.28125,84.625,1.55,1.55,99.80922
09/07/2026 14:11:54,23.44,1.56,12.5,12.9,9.68,4.69,21.88,9.68,10.94,24.62,31.25,14.06,14.77,31.25,15.7692261,2080,572,1397,436,14,1.28908658,1.35625,1797,331,18,0.8925377,1.35625,1797,241,18,0.5611196,1.35625,1797,675.5,18,2.31435061,1.35625,3942,751,39.5,2.42071867,1.31875,1752,999,17.5555553,3.47826838,1.31875,84.25,1.55,1.55,99.8092041
09/07/2026 14:11:56,18.46,4.69,7.69,4.69,7.69,3.12,12.31,49.23,20,9.38,10.77,36.92,15.41,49.23,15.178257,4030,532,4042,240.5,40.5,0.6211888,1.36875,4042,183,40.5,0.4603007,1.36875,4042,225,40.5,0.5979476,1.36875,4017,1280,40.25,4.194934,1.34375,4017,463,40.25,1.53361487,1.34375,4017,799,40.25,2.78646922,1.34375,84.375,1.55,1.55,99.80922
09/07/2026 14:11:58,12.5,1.56,4.69,9.09,26.56,6.06,35.94,3.12,9.38,14.06,20.31,10.94,12.85,35.94,14.5812759,3247,485,3992,246,40,0.726137042,1.33125,1774,162.5,17.7777786,0.4081215,1.33125,3992,663,40,2.275777,1.33125,3992,670.5,40,2.48624086,1.33125,1763,525,17.666666,1.62361252,1.33125,3967,644,39.75,2.12601018,1.35,83.875,1.55,1.55,99.80918
09/07/2026 14:12:00,32.31,4.62,18.46,1.54,16.92,10.77,18.46,15.38,29.23,36.92,27.69,16.92,19.1,36.92,16.4893265,2076,614,4042,555.5,40.5,1.76495731,1.3625,1797,318,18,0.912907839,1.3625,1785,330.5,17.88889,0.8596109,1.36875,1235,671,12.375,2.15043259,1.36875,1797,1038.5,18,3.36631417,1.325,1797,773.5,18,2.4102726,1.325,84.125,1.55,1.55,99.80917
09/07/2026 14:12:02,21.54,4.62,26.15,6.15,9.23,4.62,32.31,20,6.15,12.31,16.92,7.69,13.97,32.31,14.6157589,3294,500,4042,379.5,40.5,1.1777724,1.35,1797,520.5,18,1.82847226,1.35,4042,249.5,40.5,0.5871456,1.38125,4042,1011.5,40.5,3.653556,1.38125,1797,300,18,1.09729612,1.38125,4042,540,40.5,1.85192537,1.38125,84.125,1.55,1.55,99.80919
09/07/2026 14:12:04,23.08,3.08,10.77,12.31,12.31,4.62,16.92,30.77,16.92,16.92,23.08,10.77,15.13,30.77,17.150362,4013,674,4017,450.5,40.25,1.07652688,1.35,4017,491,40.25,1.3971082,1.35,4017,392.5,40.25,1.0262711,1.34375,3992,964.5,40,3.21246386,1.34375,4017,806,40.25,2.46551776,1.34375,4017,940.5,40.25,2.82647753,1.34375,83.875,1.55,1.55,99.8092041
09/07/2026 14:12:06,17.46,4.69,12.7,7.94,14.29,7.81,22.22,36.51,22.22,15.87,20.63,20.63,16.91,36.51,15.7376337,2388,558,1235,396,12.375,1.05419874,1.35625,4042,248,40.5,0.680885,1.31875,1797,372.5,18,1.18632686,1.31875,1976,969.5,19.8,3.472354,1.31875,1235,526,12.375,1.59441507,1.31875,4042,835,40.5,2.90220618,1.33125,83.875,1.55,1.55,99.8092041
09/07/2026 14:12:08,23.81,3.03,14.06,3.12,6.15,3.08,29.69,29.69,20.31,17.19,22.22,33.33,17.14,33.33,14.3103132,2341,502,1235,333,12.375,1.00618041,1.33125,1235,213.5,12.375,0.635786057,1.33125,3992,121.5,40,0.299091071,1.33125,3992,969,40,3.42548752,1.35,1797,553.5,18,1.7121793,1.35625,1797,824,18,2.78050637,1.35625,83.875,1.55,1.55,99.80919
09/07/2026 14:12:10,7.81,4.69,23.44,17.19,10.94,10.94,10.94,1.56,17.19,25,29.69,20.31,14.97,29.69,14.7849073,2887,553,1785,239,17.88889,0.724579751,1.36875,4017,803,40.25,2.16177,1.36875,1763,376,17.666666,0.960558832,1.36875,1774,192.5,17.7777786,0.7586167,1.35625,3992,839,40,2.71931314,1.35625,3992,868.5,40,2.9476347,1.35625,83.875,1.55,1.55,99.80916
09/07/2026 14:12:12,20.31,3.12,25,35.94,35.94,29.69,26.56,28.12,31.25,14.06,25,31.25,25.52,35.94,18.5409241,2545,925,4042,441.5,40.5,1.02747226,1.375,1797,1014.5,18,2.46610975,1.375,1797,1253.5,18,3.200277,1.375,1797,1061,18,2.422417,1.375,1797,721.5,18,1.59605753,1.375,4042,1056.5,40.5,2.548568,1.375,84.5,1.55,1.55,99.809166
09/07/2026 14:12:14,23.44,7.81,12.5,10.94,7.81,6.25,68.75,64.06,25,17.19,15.62,21.88,23.44,68.75,15.4782648,2047,774,1686,463,16.88889,1.21570086,1.23125,1686,316,16.88889,0.807680845,1.23125,1697,227,17,0.5284343,1.24375,3818,2511.5,38.25,5.314746,1.24375,1697,531,17,1.14622748,1.24375,1697,593,17,1.427713,1.24375,85,1.55,1.55,99.80915
09/07/2026 14:12:16,35.38,16.92,27.69,33.85,24.62,9.23,36.92,29.23,29.23,26.15,15.38,18.46,25.26,36.92,18.9788342,3111,937,3818,939,38.25,2.22252536,1.2625,1697,1403.5,17,3.45960188,1.26875,1697,641,17,1.63200045,1.26875,3818,1181,38.25,2.71193647,1.26875,3818,846.5,38.25,1.92734075,1.25625,3818,610.5,38.25,1.42725849,1.25625,85,1.55,1.55,99.80916
09/07/2026 14:12:18,35.94,15.38,50,48.44,18.75,14.06,28.12,17.19,9.38,10.94,26.56,18.75,24.46,50,18.3761024,2920,889,1797,844,18,2.06855583,1.3625,4042,1679.5,40.5,4.30221558,1.3625,4042,644,40.5,1.685965,1.375,4042,781.5,40.5,1.84645069,1.36875,1797,455.5,18,1.05707836,1.36875,1797,931,18,2.11631775,1.36875,84.875,1.55,1.55,99.809166
09/07/2026 14:12:20,20,16.92,21.54,16.92,15.38,13.85,29.23,25,21.54,23.08,21.54,4.62,19.13,29.23,17.7654457,2813,702,4042,784.5,40.5,2.42718267,1.3625,1797,783.5,18,2.3579793,1.3625,1797,403,18,0.9950866,1.3625,1235,994.5,12.375,3.252079,1.3625,3992,689.5,40,1.81186986,1.35,4017,554,40.25,1.58381987,1.3375,84.5,1.55,1.55,99.8092
09/07/2026 14:12:22,9.38,3.12,10.94,1.56,23.44,15.62,20.31,15.62,12.5,14.06,3.12,7.81,11.46,23.44,14.8699684,1984,491,1235,311.5,12.375,0.9153288,1.34375,1235,228,12.375,0.7158829,1.34375,1797,796.5,18,2.87224817,1.35625,1797,768,18,2.75072145,1.35625,4042,601.5,40.5,1.86018193,1.35625,1797,242.5,18,0.68639797,1.35,84.25,1.55,1.55,99.80917
09/07/2026 14:12:24,28.12,4.69,21.88,9.38,25,15.62,34.38,18.75,21.88,17.19,23.44,15.62,19.66,34.38,18.39315,3294,739,4042,568.5,40.5,1.41257608,1.35,4042,556.5,40.5,1.53656232,1.35,4042,752.5,40.5,2.164635,1.3625,1797,935,18,2.840245,1.3625,1797,745.5,18,1.98246038,1.3625,4042,873.5,40.5,2.66482544,1.3625,84.125,1.55,1.55,99.8092651
09/07/2026 14:12:26,34.38,6.25,28.12,4.69,18.75,4.69,35.94,9.38,20.31,14.06,20.31,21.88,18.23,35.94,16.7751732,4042,662,4042,581.5,40.5,1.4981606,1.36875,4042,594,40.5,1.79298639,1.375,4042,425,40.5,1.15805006,1.375,4042,1007.5,40.5,3.23219585,1.375,4042,661,40.5,1.80314076,1.38125,4042,706,40.5,2.15202785,1.38125,84.125,1.55,1.55,99.80912
09/07/2026 14:12:28,26.56,3.12,33.85,10.61,18.46,7.58,34.38,17.19,28.12,10.94,16.92,7.81,17.96,34.38,17.7606239,3273,741,4017,531.5,40.25,1.27013838,1.35,4017,758.5,40.25,2.265649,1.35,4017,708.5,40.25,2.02112365,1.3625,4017,1075,40.25,3.37910962,1.3625,1785,793,17.88889,2.28903365,1.3625,1785,581,17.88889,1.57426214,1.3625,84.25,1.55,1.55,99.80916
09/07/2026 14:12:30,20,1.52,9.09,9.23,6.06,15.15,24.62,4.62,23.08,29.23,18.46,13.85,14.57,29.23,16.398735,3664,639,1797,556,18,1.56593454,1.36875,4017,495,40.25,1.39531744,1.36875,4042,495,40.5,1.43475068,1.36875,4042,556,40.5,1.77616811,1.36875,4042,1086.5,40.5,3.50503325,1.36875,4042,647,40.5,1.841421,1.36875,84.25,1.55,1.55,99.80923
09/07/2026 14:12:32,21.54,13.43,15.15,7.58,8.96,12.12,33.85,1.54,16.92,33.85,18.46,13.85,16.44,33.85,17.0781212,3624,701,3967,695,39.75,1.84554482,1.31875,3992,540.5,40,1.34642756,1.35625,3992,579,40,1.45579517,1.35625,3992,743.5,40,2.19668961,1.35625,4017,957,40.25,2.85375452,1.35625,1785,691,17.88889,2.00230527,1.35625,84.25,1.55,1.55,99.80924
09/07/2026 14:12:34,29.69,6.25,28.12,18.75,14.06,17.19,39.06,12.5,17.19,14.06,21.88,9.38,19.01,39.06,17.9964867,3668,727,4042,604.5,40.5,1.63363075,1.3625,4042,832,40.5,2.48128176,1.3625,4042,685,40.5,1.86525393,1.3625,4042,998.5,40.5,3.24697161,1.3625,4042,668.5,40.5,1.731919,1.3625,1797,571.5,18,1.543616,1.3625,84.125,1.55,1.55,99.8092041
09/07/2026 14:12:36,35.94,3.17,18.75,7.81,12.5,3.12,29.69,25,20.31,26.56,23.44,12.5,18.23,35.94,16.8415947,2327,662,1996,496.5,20,1.38886881,1.33125,1996,406,20,1.01534307,1.33125,4042,397.5,40.5,0.993793964,1.38125,1976,1035.5,19.8,3.26832,1.38125,1976,872.5,19.8,2.5106287,1.38125,1976,761,19.8,2.36788,1.38125,84.375,1.55,1.55,99.80919
09/07/2026 14:12:38,23.44,1.56,3.12,14.06,10.94,3.12,32.81,9.09,20.31,23.08,23.44,9.38,14.53,32.81,14.3498182,2340,533,1235,344.5,12.375,1.05961525,1.35,3448,167.5,40.5,0.5785379,1.35,1797,211.5,18,0.5420589,1.35,1797,803.5,18,2.73344016,1.35,1797,844.5,18,2.48163056,1.35,3967,826.5,39.75,2.6083293,1.31875,84.25,1.55,1.55,99.80915
09/07/2026 14:12:40,10.77,6.25,18.46,16.92,7.69,3.08,38.46,48.44,12.31,7.69,9.38,24.62,17.01,48.44,15.2690868,2535,600,1785,264.5,17.88889,0.6727445,1.35,1785,478,17.88889,1.5607878,1.35,4017,170.5,40.25,0.419929028,1.35,1785,1726.5,17.88889,5.314349,1.35,4042,347.5,40.5,0.9013193,1.38125,1797,615,18,1.83371234,1.38125,84.5,1.55,1.55,99.8092
09/07/2026 14:12:42,11.11,23.81,15.87,49.21,19.05,25.4,30.16,38.1,14.29,11.11,6.35,15.87,21.69,49.21,18.2957764,3577,799,1752,756,17.5555553,2.193253,1.3,3942,912,39.5,2.90440249,1.3,3942,880,39.5,2.76007843,1.30625,3942,1233.5,39.5,3.50751114,1.3125,3942,528,39.5,1.27130711,1.3125,3942,484,39.5,1.43763888,1.3125,84.625,1.55,1.55,99.80919
09/07/2026 14:12:44,47.69,16.92,47.69,33.85,20,13.85,58.46,52.31,26.15,18.46,12.31,33.85,31.79,58.46,21.7548237,3379,1193,3693,1095,37,3.46732259,1.20625,3693,1244.5,37,3.26697969,1.20625,3693,813.5,37,2.10082936,1.20625,3693,2144.5,37,5.05815554,1.20625,3668,884.5,36.75,2.07790875,1.19375,1834,978,18.375,2.87270761,1.19375,85.125,1.55,1.55,99.80926
09/07/2026 14:12:46,23.44,4.69,40.62,42.19,37.5,26.56,45.31,21.88,14.06,6.25,7.81,12.5,23.57,45.31,18.0432453,3290,847,1797,371.5,18,0.9155078,1.3625,1797,1556,18,4.393614,1.3625,4042,1087.5,40.5,3.136065,1.3625,4042,1256.5,40.5,3.5306952,1.3625,4042,413.5,40.5,0.9565825,1.3625,4017,394.5,40.25,0.920799,1.38125,85.25,1.55,1.55,99.809166
09/07/2026 14:12:48,14.06,9.38,20.31,29.69,18.75,7.81,43.75,65.62,18.75,17.19,9.38,14.06,22.4,65.62,16.440794,3550,792,3918,429,39.25,1.115938,1.29375,3918,620,39.25,1.77078331,1.29375,1959,446.5,19.625,1.34635723,1.29375,3918,2101,39.25,4.95970869,1.29375,3793,802.5,38,2.01003623,1.25,3793,354.5,38,0.8449326,1.25,85.25,1.55,1.55,99.80919
09/07/2026 14:12:50,10.61,0,9.09,3.03,3.03,3.03,22.73,80.3,16.67,3.03,3.03,22.73,14.77,80.3,13.2910166,3502,482,3606,118,40,0.294469833,1.31875,3877,114.5,40,0.2974013,1.31875,1774,92,17.7777786,0.215618178,1.31875,3918,1911,39.25,6.41387367,1.2875,3918,258,39.25,0.6490517,1.2875,3918,398.5,39.25,1.288336,1.2875,85.375,1.55,1.55,99.80914
09/07/2026 14:12:52,7.69,1.54,1.54,3.12,6.25,3.12,44.62,53.85,12.31,4.62,3.08,9.23,12.58,53.85,13.025136,2268,475,1334,117.5,14,0.291424066,1.3125,1397,111,14,0.2714374,1.3125,1397,124.5,14,0.363167644,1.3125,3793,2070,38,6.96465635,1.23125,3793,242,38,0.5921249,1.23125,1896,183,19,0.436728954,1.25,85.125,1.55,1.55,99.80916
09/07/2026 14:12:54,17.19,14.06,4.69,4.69,4.69,3.12,12.5,3.12,9.38,28.12,32.81,40.62,14.58,40.62,13.4994068,3273,455,4042,401,40.5,1.34557819,1.36875,3969,142.5,40.5,0.3184596,1.36875,1785,72.5,17.88889,0.1780003,1.375,4017,129.5,40.25,0.398749739,1.375,1785,625,17.88889,2.04410172,1.375,4042,1360,40.5,4.864744,1.35625,85.125,1.55,1.55,99.80917
09/07/2026 14:12:56,20.63,6.35,14.29,3.17,9.52,3.17,26.98,23.81,23.81,12.7,12.7,14.29,14.29,26.98,15.134387,2920,549,4042,427,40.5,1.2722249,1.38125,4042,376.5,40.5,1.13670838,1.38125,1797,339.5,18,1.05550826,1.38125,1797,1028,18,3.54958582,1.38125,4042,591.5,40.5,1.7764982,1.375,1797,531.5,18,1.70731056,1.375,84.625,1.55,1.55,99.8092
09/07/2026 14:12:58,32.81,9.38,34.38,21.88,20.31,12.5,39.06,18.75,23.44,21.88,23.44,31.25,24.09,39.06,16.4052677,1880,646,1397,371,14,0.883046448,1.3375,1397,809.5,14,2.51492858,1.3375,4042,409,40.5,1.06110227,1.3375,1976,711,19.8,2.3357718,1.35,1235,674,12.375,2.097638,1.35,1235,903,12.375,2.79421854,1.35,84.5,1.55,1.55,99.80918
09/07/2026 14:13:00,19.05,12.7,17.46,12.7,33.33,4.76,22.22,0,12.7,28.57,22.22,20.63,17.2,33.33,15.20224,2720,585,4042,384,40.5,0.9590085,1.38125,4042,524.5,40.5,1.431144,1.38125,4042,820.5,40.5,2.73263717,1.39375,1397,339.5,14,1.03683424,1.39375,1397,740.5,14,2.3870163,1.39375,1397,702.5,14,2.2100234,1.39375,84.125,1.55,1.55,99.8092
09/07/2026 14:13:02,26.56,4.69,14.06,17.19,17.19,12.5,18.75,42.19,15.62,6.25,21.88,18.75,17.97,42.19,16.408968,3294,681,4042,557,40.5,1.51846135,1.3625,4042,448.5,40.5,1.10827839,1.3625,1797,458.5,18,1.26207232,1.3625,4042,1242,40.5,4.013434,1.3625,1797,570.5,18,1.55787313,1.35625,4042,808.5,40.5,2.431379,1.35625,84.5,1.55,1.55,99.809166
09/07/2026 14:13:04,23.44,1.56,15.62,20.31,9.38,17.19,20.31,28.12,12.5,7.81,17.19,4.69,14.84,28.12,15.3317509,2920,590,4042,420,40.5,0.955751538,1.35,1797,588,18,1.80639637,1.36875,4042,502.5,40.5,1.51925826,1.375,1797,1087.5,18,3.703441,1.375,4042,393.5,40.5,1.08850217,1.375,1797,548,18,1.69805741,1.375,84.625,1.55,1.55,99.80918
09/07/2026 14:13:06,18.18,1.52,27.27,9.09,0,3.03,15.15,18.18,7.58,14.93,9.09,12.12,11.34,27.27,13.2083158,2920,462,1797,327.5,18,1.05739069,1.35625,1797,799,18,2.92150879,1.35625,4042,92.5,40.5,0.2290311,1.35625,1797,700,18,2.350893,1.35625,4042,443,40.5,1.474494,1.35625,4042,410.5,40.5,1.2740531,1.35625,84.25,1.55,1.55,99.80913
09/07/2026 14:13:08,23.81,7.94,20.63,26.98,25.4,9.52,28.57,9.52,15.87,26.98,9.52,23.81,19.05,28.57,14.4570379,2863,541,1752,260,17.5555553,0.607551754,1.3,3967,684.5,39.75,2.24437666,1.30625,1763,435.5,17.666666,1.37747228,1.30625,1763,472,17.666666,1.40715992,1.30625,3967,921.5,39.75,3.00535512,1.31875,3967,473,39.75,1.45980012,1.31875,84,1.55,1.55,99.80922
09/07/2026 14:13:10,17.19,4.69,18.75,12.5,15.62,17.19,50,31.25,14.06,20.31,18.75,25,20.44,50,15.5138531,3288,641,4042,266.5,40.5,0.7203197,1.375,1797,398.5,18,1.27786636,1.38125,4042,558,40.5,1.61043751,1.38125,4042,1330.5,40.5,3.74277949,1.38125,4042,652.5,40.5,1.80723488,1.375,1763,639,17.666666,2.12413979,1.35625,84.25,1.55,1.55,99.80916
09/07/2026 14:13:12,34.38,26.56,46.88,31.25,31.25,23.44,57.81,46.88,32.81,32.81,51.56,32.81,37.37,57.81,23.1675224,3992,1474,3992,1311,40,2.81787443,1.3375,3992,1288.5,40,2.843657,1.3375,3992,1100,40,2.40149283,1.31875,3992,2136,40,4.48985529,1.31875,3992,1412,40,2.97028875,1.31875,3992,1599.5,40,3.44428849,1.31875,85,1.55,1.55,99.8092
09/07/2026 14:13:14,38.1,14.29,42.86,34.92,44.44,22.22,50.79,28.57,47.62,46.03,38.1,23.81,35.98,50.79,23.77528,3942,1440,3942,1081,39.5,2.45246315,1.3125,3942,1405.5,39.5,3.18904042,1.3125,3942,1400.5,39.5,3.18574286,1.3125,3942,1523,39.5,3.528024,1.3125,3942,1783,39.5,4.05453444,1.30625,3942,1446.5,39.5,3.3833847,1.30625,85.25,1.55,1.55,99.8092
09/07/2026 14:13:16,33.85,13.85,33.85,36.92,44.62,27.69,60,38.46,60,55.38,53.85,35.38,41.15,60,22.4136162,3914,1461,3893,856,39,1.69783914,1.30625,3918,1020,39.25,2.1634,1.325,3918,1296.5,39.25,2.754785,1.325,3918,1871.5,39.25,3.904399,1.325,3918,1933.5,39.25,4.097729,1.325,3918,1789.5,39.25,3.838437,1.325,85.625,1.55,1.55,99.80922
09/07/2026 14:13:18,46.15,26.15,38.46,41.54,41.54,36.92,80,49.23,29.23,29.23,29.23,30.77,39.87,80,22.7880077,3647,1387,4042,1127,40.5,2.57229185,1.375,4042,1226,40.5,2.802561,1.375,4042,1392,40.5,3.35991979,1.375,1774,2280,17.7777786,4.82887554,1.3,3992,1088,40,2.40145373,1.3,3992,1207.5,40,2.73323,1.3,85.875,1.55,1.55,99.8092
09/07/2026 14:13:20,30.77,13.85,18.46,13.85,18.46,15.38,26.15,33.85,29.23,27.69,23.08,33.85,23.72,33.85,16.5362473,2888,861,1763,657.5,17.666666,1.52301514,1.31875,1763,548,17.666666,1.26454282,1.31875,3992,682,40,1.54382539,1.31875,1774,1197.5,17.7777786,2.79857874,1.325,4017,936,40.25,2.09790826,1.35,4017,1147.5,40.25,2.89454055,1.35,85.625,1.55,1.55,99.8092
09/07/2026 14:13:22,20.63,4.69,11.11,17.19,12.7,6.25,31.75,14.29,9.52,25.4,11.11,23.81,15.7,31.75,13.9860544,3538,542,1763,303.5,17.666666,0.8412528,1.3125,3893,541,39,1.78500175,1.25625,3893,399,39,1.23031056,1.25625,3893,786,39,2.261196,1.25625,3893,606.5,39,1.87144423,1.25625,3893,616.5,39,1.80599856,1.25625,85.375,1.55,1.55,99.80916
09/07/2026 14:13:24,15.87,6.35,4.76,9.52,12.7,14.29,22.22,11.11,7.94,26.98,6.35,12.7,12.57,26.98,13.7478294,3495,491,1235,371,12.375,1.12425423,0.74375,3942,332,39.5,1.11332369,0.74375,3942,480.5,39.5,1.55749774,1.29375,3942,666.5,39.5,2.14046144,1.29375,3942,743,39.5,2.51531982,1.29375,3967,353,39.75,0.972352266,1.3,84.875,1.55,1.55,99.80921
09/07/2026 14:13:26,6.25,1.61,4.76,4.55,20.31,31.25,29.69,10.94,7.69,13.64,6.25,34.38,14.28,34.38,13.8353958,2876,491,1611,132.5,18,0.339887142,1.375,1797,125.5,18,0.334884554,1.375,3992,834.5,40,2.88165784,1.3625,4017,633.5,40.25,1.94724786,1.34375,4042,382,40.5,1.18726146,1.36875,1797,835.5,18,2.872952,1.36875,84.625,1.55,1.55,99.8092
09/07/2026 14:13:28,10.94,9.38,4.69,6.25,7.81,17.19,18.75,18.75,12.5,35.94,20.31,21.88,15.36,35.94,13.644206,2891,476,4015,199,40.5,0.5663103,1.36875,1665,119.5,18,0.291158646,1.36875,4042,296.5,40.5,0.966782451,1.36875,4042,794,40.5,2.60897684,1.375,1785,766.5,17.88889,2.55967426,1.375,1797,683,18,2.30868626,1.36875,84.5,1.55,1.55,99.809166
09/07/2026 14:13:30,12.5,3.12,7.81,3.12,6.25,6.25,35.94,21.88,12.5,39.06,23.44,31.25,16.93,39.06,13.1705256,2547,460,1021,105,12.375,0.26555118,1.26875,1113,87,12.375,0.223566666,1.26875,3868,118,38.75,0.2706374,1.2625,1719,627.5,17.2222214,2.06143141,1.2625,3718,961.5,37.25,3.16867542,1.2125,3843,861.5,38.5,2.99120188,1.25,84.625,1.55,1.55,99.80911
09/07/2026 14:13:32,14.06,3.12,20.31,4.69,4.69,17.19,21.88,17.19,14.06,21.88,25,9.38,14.45,25,14.123601,2790,487,3583,125.5,39.5,0.4389768,1.29375,3942,384,39.5,1.26666486,1.29375,1752,363.5,17.5555553,1.261085,1.29375,1971,654,19.75,2.11831427,1.30625,3793,694.5,38,2.24820566,1.225,1697,698.5,17,2.41124272,1.23125,84.375,1.55,1.55,99.80915
09/07/2026 14:13:34,16.92,3.08,1.54,3.08,15.38,16.92,20,3.08,13.85,10.77,18.46,18.46,11.79,20,13.6864605,2438,463,1397,314.5,14,1.03263831,1.3125,1397,131.5,14,0.346898973,1.3125,1976,710.5,19.8,2.545279,1.3125,4017,481,40.25,1.5208559,1.33125,4042,437.5,40.5,1.46111989,1.3625,1797,705.5,18,2.46943188,1.3625,84.25,1.55,1.55,99.80917
09/07/2026 14:13:36,23.08,13.85,16.92,24.62,23.08,33.85,47.69,16.92,20,27.69,26.15,18.46,24.36,47.69,18.74078,3918,863,3918,681.5,39.25,1.71760929,1.29375,3918,868,39.25,2.36693287,1.29375,3918,1018,39.25,2.96233821,1.29375,3918,1046.5,39.25,2.878171,1.29375,3918,798,39.25,2.04417849,1.29375,3918,765.5,39.25,2.02489877,1.29375,84.125,1.55,1.55,99.80923
09/07/2026 14:13:38,13.85,4.62,7.69,10.77,12.31,3.08,27.69,21.54,15.38,23.08,23.08,30.77,16.15,30.77,14.9485731,2915,548,1797,289,18,0.8046411,0.7375,4017,266,40.25,0.678014755,0.7375,4042,318,40.5,0.8388387,1.35,1797,832.5,18,2.6966,1.35,1797,606.5,18,1.90963888,1.35625,4042,978,40.5,3.22100377,1.35625,84.375,1.55,1.55,99.80918
09/07/2026 14:13:40,10.77,6.15,18.46,26.15,7.69,10.77,40,47.69,20,16.92,18.46,20,20.26,47.69,16.7461948,2979,708,1235,265.5,12.375,0.706541955,1.21875,3793,652.5,38,2.07029343,1.225,3793,322.5,38,0.8352609,1.225,3793,1575.5,38,4.11621332,1.225,3643,682,36.5,1.89337373,1.18125,1619,748,16.2222214,2.150834,1.18125,84.5,1.55,1.55,99.80919
09/07/2026 14:13:42,20.31,17.19,26.56,37.5,32.81,32.81,34.38,26.56,23.44,18.75,14.06,15.62,25,37.5,17.93068,3130,782,1730,617.5,17.333334,1.85938787,1.28125,3893,864.5,39,2.53983712,1.28125,1730,1045,17.333334,3.047088,1.28125,3768,1158.5,37.75,3.06972957,1.24375,3768,667,37.75,1.75494635,1.24375,3893,337.5,39,0.8868581,1.23125,84.625,1.55,1.55,99.80918
09/07/2026 14:13:44,23.81,4.76,26.98,34.92,20.63,7.94,33.33,55.56,33.33,33.33,6.35,11.11,24.34,55.56,17.358963,2482,812,1752,359.5,17.5555553,0.942599058,1.29375,3942,810,39.5,2.30071521,1.3,1752,491.5,17.5555553,1.16519535,1.3,3942,1757,39.5,4.5546937,1.30625,1752,1061.5,17.5555553,2.49690175,1.30625,1752,391.5,17.5555553,0.9701328,1.30625,85.125,1.55,1.55,99.809166
09/07/2026 14:13:46,24.62,7.69,26.15,38.46,29.23,15.38,50.77,44.62,41.54,33.85,30.77,12.31,29.62,50.77,19.5544338,3260,1026,4042,641.5,40.5,1.38032627,1.36875,1797,1074.5,18,2.763141,1.36875,4042,856.5,40.5,2.03920364,1.36875,4042,1616.5,40.5,3.707639,1.36875,1797,1217.5,18,2.821674,1.36875,3843,752.5,38.5,1.72124541,1.23125,85.125,1.55,1.55,99.80921
09/07/2026 14:13:48,26.56,9.38,28.12,32.81,37.5,37.5,46.88,39.06,32.81,14.06,32.81,25,30.21,46.88,21.0353928,3244,1084,3967,686,39.75,1.55862308,1.2625,3967,979,39.75,2.404218,1.2625,3967,1591.5,39.75,4.011451,1.2625,1763,1546.5,17.666666,3.848912,1.2625,1785,828.5,17.88889,2.06247282,1.31875,4017,873,40.25,2.00726,1.31875,85.125,1.55,1.55,99.809166
09/07/2026 14:13:50,20.31,2.99,10.77,4.55,6.25,4.69,29.69,3.12,9.38,46.27,7.69,29.69,14.62,46.27,14.8762569,2841,555,1235,395.5,12.375,1.078938,1.31875,1976,246.5,19.8,0.615438,1.31875,4017,225,40.25,0.4826543,1.31875,1785,555,17.88889,1.75139427,1.3375,4017,1220,40.25,3.84143043,1.3375,4017,689,40.25,2.18088984,1.3375,85.125,1.55,1.55,99.80913
09/07/2026 14:13:52,29.69,20.31,12.7,3.17,25.4,22.22,32.81,11.11,18.75,21.88,20.31,42.19,21.71,42.19,15.6191063,3598,573,3992,495.5,40,1.49572706,1.33125,3992,284,40,0.779272,1.33125,1774,588,17.7777786,2.03327441,1.33125,3992,451.5,40,1.47900748,1.3375,3992,788.5,40,2.48671985,1.3375,3843,830,38.5,2.68736172,1.275,84.75,1.55,1.55,99.80916
09/07/2026 14:13:54,33.33,12.7,28.57,23.81,33.33,17.46,34.92,30.16,47.62,36.51,28.57,22.22,29.1,47.62,17.74859,3967,859,4017,640,40.25,1.52340829,1.34375,3992,723.5,40,2.02396822,1.3375,3992,771,40,2.0017674,1.34375,3992,1147.5,40,2.93886256,1.34375,3967,1176,39.75,3.00250244,1.3375,3843,697,38.5,1.72852778,1.25625,84.75,1.55,1.55,99.80916
09/07/2026 14:13:56,29.69,10.94,23.44,7.81,21.88,4.69,21.88,1.56,17.19,21.88,25,10.94,16.41,29.69,16.615881,4042,671,4042,721.5,40.5,2.034689,1.35625,4042,596,40.5,1.80850112,1.36875,4042,553.5,40.5,1.64338851,1.36875,4042,532,40.5,1.54372823,1.36875,4042,852,40.5,2.53563261,1.36875,4042,773.5,40.5,2.41354632,1.36875,84.625,1.55,1.55,99.80918
09/07/2026 14:13:58,13.85,6.15,18.46,4.62,10.77,4.62,32.31,10.77,13.85,26.15,27.69,7.69,14.74,32.31,15.6103745,3553,635,1235,603,12.375,1.57122791,1.3125,3967,453.5,39.75,1.33147848,1.325,3992,427,40,1.13863254,1.325,4042,755.5,40.5,2.33565021,1.375,4042,792,40.5,2.42201543,1.375,4042,778,40.5,2.46766472,1.375,84.5,1.55,1.55,99.80919
09/07/2026 14:14:00,29.69,6.25,21.88,35.94,15.62,10.94,20.31,17.19,23.44,9.23,29.69,10.94,19.26,35.94,17.5331459,3285,717,4042,621.5,40.5,1.659532,1.34375,4042,1110.5,40.5,3.70079541,1.3625,1797,643,18,2.015438,1.3625,1797,727,18,2.11706,1.3625,4017,503,40.25,1.37298894,1.3375,4017,696,40.25,2.07789564,1.3375,84.125,1.55,1.55,99.80917
09/07/2026 14:14:02,12.7,6.35,28.57,3.17,4.76,1.59,20.63,34.92,22.22,7.94,23.81,6.35,14.42,34.92,16.16233,2513,594,3992,403,40,1.24102366,1.34375,1774,637.5,17.7777786,2.18519187,1.34375,1774,226.5,17.7777786,0.631667,1.34375,3992,1161.5,40,3.81420016,1.34375,1774,501,17.7777786,1.41603255,1.3375,1774,631.5,17.7777786,2.028455,1.3375,84.25,1.55,1.55,99.8092041
09/07/2026 14:14:04,9.38,1.59,7.81,1.56,0,15.62,31.25,10.94,7.81,17.19,14.06,10.94,10.68,31.25,13.3379431,2819,456,4042,211,40.5,0.6094267,1.35,3617,134.5,40.5,0.363159537,1.375,1763,414,17.666666,1.49057162,1.325,1763,863.5,17.666666,3.04085875,1.325,1763,511.5,17.666666,1.71529365,1.325,3967,600.5,39.75,1.97725832,1.325,84.5,1.55,1.55,99.8092
09/07/2026 14:14:06,21.88,3.12,20.31,9.38,23.44,0,53.12,10.94,23.44,4.76,17.19,6.25,16.15,53.12,16.2800179,2893,658,1774,541,17.7777786,1.45426464,1.3375,4017,435.5,40.25,1.225098,1.3375,4017,465.5,40.25,1.408257,1.3375,1785,1345.5,17.88889,4.358838,1.3375,3992,499,40,1.35208642,1.3375,1774,660,17.7777786,2.11954641,1.35625,84.5,1.55,1.55,99.80914
09/07/2026 14:14:08,57.14,12.7,41.27,15.87,41.27,14.29,30.16,30.16,31.75,23.81,30.16,17.46,28.84,57.14,21.61781,3645,1165,4017,1364.5,40.25,3.37005639,1.35625,4017,1127,40.25,2.87909675,1.35625,4017,1082.5,40.25,2.54124761,1.35625,4017,1298,40.25,3.351852,1.34375,1785,1108,17.88889,2.69196463,1.3375,4017,1011.5,40.25,2.53966427,1.3375,84.5,1.55,1.55,99.8091354
09/07/2026 14:14:10,23.44,17.19,31.25,40.62,17.19,10.94,45.31,26.56,18.75,7.81,12.5,18.75,22.53,45.31,17.2011547,3281,768,4017,537.5,40.25,1.44124007,1.34375,4017,1088.5,40.25,3.24566722,1.34375,4017,573.5,40.25,1.575072,1.34375,4042,1248.5,40.5,3.28443217,1.35625,1797,472,18,1.24702966,1.375,1797,689,18,1.85486782,1.375,84.625,1.55,1.55,99.80918
09/07/2026 14:14:12,28.12,17.19,26.56,42.19,29.69,15.62,40.62,42.19,17.19,26.56,25,23.44,27.86,42.19,18.5580177,3730,991,3992,795,40,1.89722407,1.33125,3643,1028,36.5,2.62074018,1.19375,3643,749.5,36.5,1.83554339,1.19375,3643,1400.5,36.5,3.29752636,1.19375,3693,983.5,37,2.33075285,1.2,3768,991,37.75,2.370377,1.20625,85,1.55,1.55,99.80916
09/07/2026 14:14:14,20,12.31,15.62,23.44,18.46,13.85,46.15,41.54,20,13.85,23.08,33.85,23.51,46.15,17.1246338,3373,742,3693,450,37,1.26743984,1.2125,3693,704.5,37,2.09081221,1.2125,3693,443,37,1.21587992,1.2125,3693,1448.5,37,3.69887972,1.2125,3643,460,36.5,1.20140064,1.1875,1822,944.5,18.25,2.88765669,1.2,85.125,1.55,1.55,99.8092
09/07/2026 14:14:16,35.94,25,37.5,42.19,29.69,17.19,35.94,21.88,34.38,17.19,28.12,15.62,28.39,42.19,20.69681,2908,1053,1774,1078.5,17.7777786,2.6609087,1.3375,1774,1498.5,17.7777786,3.81651831,1.3375,4017,816.5,40.25,1.97338676,1.3625,1976,1127.5,19.8,2.73574471,1.3625,3992,937.5,40,2.28548932,1.33125,3918,861.5,39.25,2.13999557,1.35,85,1.55,1.55,99.8092
09/07/2026 14:14:18,38.1,19.05,33.33,33.33,22.22,20.63,55.56,49.21,33.33,25.4,28.57,28.57,32.28,55.56,21.8288326,3632,1247,4017,996.5,40.25,2.383163,1.36875,4017,1203,40.25,2.80839539,1.36875,4017,919,40.25,2.285936,1.36875,1785,1972.5,17.88889,4.576707,1.36875,4017,1199,40.25,2.68982983,1.36875,3942,1191.5,39.5,2.723141,1.30625,85.375,1.55,1.55,99.80926
09/07/2026 14:14:20,21.88,10.94,26.56,7.81,10.94,6.25,23.44,6.35,15.62,42.62,17.19,18.75,17.36,42.62,15.8983212,3634,604,1797,614,18,1.75229478,1.36875,4042,471,40.5,1.255988,1.36875,3992,377.5,40,1.02060592,1.31875,3992,476,40,1.41695285,1.31875,3992,1043.5,40,3.3180275,1.31875,3992,641.5,40,1.98511076,1.31875,85.125,1.55,1.55,99.80918
09/07/2026 14:14:22,18.46,21.54,27.69,38.46,6.15,7.69,15.38,3.08,15.38,12.31,6.15,7.69,15,38.46,13.9563751,4042,497,4042,568.5,40.5,1.806165,1.35625,4042,1089.5,40.5,3.80597,1.35625,4042,130.5,40.5,0.3047212,1.38125,4042,365,40.5,1.21777654,1.38125,4042,530.5,40.5,1.614189,1.38125,4042,300,40.5,0.8335679,1.38125,84.875,1.55,1.55,99.8092346
09/07/2026 14:14:24,14.06,0,6.25,3.17,3.12,1.56,60.94,37.5,4.69,3.12,6.25,10.94,12.63,60.94,13.5828371,3199,481,3942,198.5,39.5,0.473191,1.29375,1752,139,17.5555553,0.351861537,1.29375,3942,132.5,39.5,0.329672337,1.29375,3793,2054,38,6.83897448,1.23125,3992,181,40,0.463811249,1.28125,1774,181,17.7777786,0.439236164,1.28125,85,1.55,1.55,99.80919
09/07/2026 14:14:26,28.12,6.25,17.19,10.94,10.77,4.62,17.19,53.12,25,15.15,26.15,12.5,18.92,53.12,16.7364883,3735,822,3793,619,38,1.47388875,1.25625,3743,616.5,37.5,1.43484008,1.2,3793,495,38,1.03578115,1.2,3718,1598.5,37.25,4.670954,1.16875,3743,768,37.5,1.89143443,1.18125,3618,836.5,36.25,1.98991168,1.2125,84.875,1.55,1.55,99.80919
09/07/2026 14:14:28,23.08,4.62,32.31,26.15,20,15.38,30.77,20,29.23,27.69,18.46,18.46,22.18,32.31,17.1053925,3651,864,1797,379.5,18,0.927251637,1.36875,4042,1170.5,40.5,2.6351583,1.36875,4017,781.5,40.25,1.70556009,1.38125,4017,1012.5,40.25,2.62478232,1.38125,4017,1103,40.25,2.28155351,1.38125,4017,737.5,40.25,1.9330231,1.38125,84.75,1.55,1.55,99.8092
09/07/2026 14:14:30,24.62,13.85,7.69,4.62,18.46,41.54,44.62,53.85,29.23,30.77,15.38,4.62,24.1,53.85,16.2636738,1963,889,1785,597.5,17.88889,1.47068977,1.375,1785,206.5,17.88889,0.6778193,1.375,4017,1192.5,40.25,2.81638956,1.375,1397,1833.5,14,3.82133722,1.375,1397,1133.5,14,2.42943168,1.375,1397,369,14,0.834973454,1.375,84.875,1.55,1.55,99.8092
09/07/2026 14:14:32,28.57,11.11,20.63,15.87,52.38,53.97,39.68,17.46,30.16,17.46,28.57,25.4,28.44,53.97,18.07,2438,951,1708,514.5,17.11111,1.21607018,1.24375,1708,435,17.11111,1.22416663,1.24375,3843,2026.5,38.5,4.59219742,1.24375,3843,947,38.5,1.96690857,1.26875,1763,831.5,17.666666,1.706718,1.31875,1763,949.5,17.666666,2.100424,1.31875,84.625,1.55,1.55,99.80917
09/07/2026 14:14:34,23.44,17.19,23.44,10.94,23.44,18.75,54.69,20.31,29.69,14.06,29.69,71.88,28.12,71.88,19.6600342,2872,1050,4042,716,40.5,1.50934064,1.3625,1946,605.5,19.5,1.49611008,1.275,1730,838,17.333334,1.84391308,1.275,3893,1512.5,39,3.90273476,1.275,1730,746.5,17.333334,2.01958251,1.275,3893,1879.5,39,5.554577,1.275,85.125,1.55,1.55,99.8092
09/07/2026 14:14:36,53.12,17.19,42.19,10.94,34.38,10.94,46.88,6.35,32.81,39.06,50,14.06,29.83,53.12,22.2422733,3153,1105,1235,1268,12.375,4.23035,1.31875,3967,950,39.75,2.65607476,1.31875,1763,758,17.666666,2.028289,1.31875,3967,957,39.75,2.676339,1.31875,3992,1525.5,40,4.31007147,1.3375,3992,1170.5,40,3.100147,1.3375,85.25,1.55,1.55,99.80915
09/07/2026 14:14:38,6.35,1.59,9.52,1.59,17.46,4.76,9.52,71.43,11.11,6.35,4.76,12.7,13.1,71.43,14.1196165,3645,564,1785,225.5,17.88889,0.5494218,1.325,4017,239.5,40.25,0.6048716,1.34375,4017,439,40.25,1.45603919,1.34375,4017,1694,40.25,5.450117,1.34375,4017,474,40.25,1.175074,1.34375,4017,309.5,40.25,0.722426236,1.34375,85.125,1.55,1.55,99.8091354
09/07/2026 14:14:40,12.12,3.03,15.15,34.85,22.73,7.58,40.91,37.88,21.21,27.27,4.55,12.12,19.95,40.91,16.3627529,4042,702,4042,246,40.5,0.6401155,1.38125,4042,866,40.5,2.579445,1.3625,4042,584,40.5,1.69745588,1.3625,4042,1377,40.5,3.675276,1.3625,4042,777.5,40.5,2.27066517,1.3625,4042,359,40.5,0.848900139,1.375,85,1.55,1.55,99.80919
09/07/2026 14:14:42,23.44,9.38,28.12,32.81,35.94,31.25,39.06,43.75,17.19,9.38,14.06,18.75,25.26,43.75,17.04858,2912,762,1774,316,17.7777786,0.820785165,1.35,3992,917.5,40,2.6475296,1.3375,1774,1114,17.7777786,3.22925425,1.3375,3992,1322,40,3.62369752,1.3375,3992,383,40,0.8969921,1.3375,1946,520,19.5,1.37798858,1.28125,85,1.55,1.55,99.80916
09/07/2026 14:14:44,25.4,14.29,36.51,44.44,20.63,14.06,49.21,39.68,33.33,23.81,22.22,30.16,29.48,49.21,18.7818661,3641,929,3992,470,40,1.12093484,1.36875,1785,1439,17.88889,3.70729327,1.3625,4017,491,40.25,1.177376,1.3625,4017,1367.5,40.25,3.48922014,1.3625,4017,947,40.25,2.28109813,1.3625,4017,861,40.25,2.24996376,1.3625,85.25,1.55,1.55,99.80915
09/07/2026 14:14:46,37.5,20.31,46.88,34.38,39.06,34.38,48.44,23.44,34.38,23.44,26.56,32.81,33.46,48.44,20.9290485,3963,1271,3967,1192,39.75,2.37056065,1.3625,3967,1467.5,39.75,3.267649,1.3625,3967,1478,39.75,3.3559072,1.3625,3967,1240.5,39.75,2.697374,1.3625,3967,1070.5,39.75,2.18975258,1.3625,3942,1178,39.5,2.62931657,1.3375,85.125,1.55,1.55,99.80917
09/07/2026 14:14:48,28.79,15.15,33.33,34.85,31.82,15.15,28.79,15.15,24.24,18.18,27.27,27.27,25,34.85,17.7161674,3296,901,3693,789,37,1.846533,1.20625,3693,1295.5,37,3.24045062,1.20625,3693,798.5,37,2.075008,1.20625,3693,684.5,37,1.63142836,1.20625,3768,810.5,37.75,1.98922014,1.225,1235,1025.5,12.375,2.2978406,1.34375,85.375,1.55,1.55,99.80916
09/07/2026 14:14:50,43.75,18.75,12.5,14.06,14.06,20.31,14.06,10.94,6.25,12.5,15.62,7.81,15.89,43.75,15.37577,3294,566,4042,1012,40.5,3.25060844,1.34375,4042,385.5,40.5,1.0904448,1.3625,4042,666,40.5,2.20108032,1.3625,4042,508,40.5,1.60895586,1.36875,1797,448.5,18,1.33171606,1.36875,1797,378.5,18,1.10767114,1.36875,84.875,1.55,1.55,99.80915
09/07/2026 14:14:52,24.62,3.08,6.15,9.23,10.77,1.54,26.15,14.06,26.15,10.77,21.54,18.46,14.38,26.15,15.193408,3294,562,4042,481.5,40.5,1.3711518,1.35,4042,374,40.5,1.01092255,1.35,1797,243,18,0.576040864,1.3625,1797,740,18,2.362646,1.3625,4042,725.5,40.5,2.3456347,1.3625,4042,809,40.5,2.65698147,1.3625,84.75,1.55,1.55,99.80922
09/07/2026 14:14:54,38.1,9.52,26.98,46.03,25.4,9.52,22.22,23.81,17.46,23.81,15.87,20.63,23.28,46.03,16.1990967,3655,811,4042,746.5,40.5,1.785347,1.34375,4017,1221,40.25,3.58186,1.35625,4017,530.5,40.25,0.974097848,1.35625,3942,859.5,39.5,2.127288,1.33125,3942,892.5,39.5,2.34966826,1.33125,1971,617.5,19.75,1.31552935,1.33125,84.5,1.55,1.55,99.8092041
09/07/2026 14:14:56,20.31,13.85,9.38,9.38,13.85,13.85,31.25,12.5,18.75,38.46,27.69,29.69,19.91,38.46,14.6536074,3780,606,3967,425.5,39.75,1.22722328,1.325,3743,283,37.5,0.5972125,1.15625,3743,300.5,37.5,0.5852697,1.15625,3743,706.5,37.5,2.27924681,1.15625,3743,936.5,37.5,2.76872158,1.15625,3743,983.5,37.5,3.06449938,1.15625,84.5,1.55,1.55,99.80917
09/07/2026 14:14:58,13.85,3.08,6.15,3.08,7.69,33.85,13.85,7.69,10.77,15.38,7.69,18.46,11.79,33.85,13.5755043,3604,460,3992,312,40,0.924880564,1.33125,1763,186,17.666666,0.588004947,1.3,3967,833.5,39.75,3.12615585,1.3,3967,446,39.75,1.53149581,1.31875,3967,474.5,39.75,1.55074012,1.31875,3967,511,39.75,1.69557273,1.31875,84.375,1.55,1.55,99.80921
09/07/2026 14:15:00,21.54,13.85,16.92,9.23,24.62,23.08,20,10.77,26.15,30.77,43.08,29.23,22.44,43.08,16.9578743,3294,707,4042,727.5,40.5,2.03801012,1.3625,1797,289.5,18,0.7212935,1.3625,1797,729,18,2.2073884,1.375,4042,475,40.5,1.25936651,1.375,4042,831,40.5,2.38030171,1.38125,4042,1192,40.5,3.57268143,1.38125,84.375,1.55,1.55,99.80923
09/07/2026 14:15:02,10.94,12.31,18.75,28.12,14.06,3.12,14.06,3.12,6.25,11.11,4.69,9.38,11.33,28.12,13.7818508,3294,465,4042,585,40.5,1.883781,1.35625,4042,1055,40.5,3.85649967,1.35625,1797,312.5,18,1.033322,1.35625,1797,259.5,18,0.939174533,1.35625,4042,284,40.5,0.9183405,1.35625,4042,296.5,40.5,0.844865263,1.35625,84,1.55,1.55,99.80921
09/07/2026 14:15:04,22.22,19.05,14.29,6.25,10.94,4.76,17.46,12.5,15.87,34.92,15.62,19.05,16.08,34.92,14.1026134,3582,471,3942,665.5,39.5,2.23570228,1.3,3942,182.5,39.5,0.536990166,1.3,3942,153.5,39.5,0.445796221,1.3,3942,564.5,39.5,1.98184109,1.3,3942,893.5,39.5,3.018079,1.3,1785,369,17.88889,0.999370933,1.35625,84.125,1.55,1.55,99.8092346
09/07/2026 14:15:06,12.7,3.12,19.05,30.16,14.29,11.11,22.22,58.73,14.29,0,15.87,15.87,18.12,58.73,16.4466,3608,638,3992,277.5,40,0.715286434,1.325,3992,796,40,2.61258316,1.325,3893,451.5,39,1.25501072,1.2875,3893,1544.5,39,5.391138,1.28125,1959,345.5,19.625,0.915495,1.275,3918,414,39.25,1.00324869,1.275,84.625,1.55,1.55,99.80919
09/07/2026 14:15:08,9.38,7.81,4.69,3.12,0,1.54,10.94,31.25,20.31,15.62,20.31,18.75,11.98,31.25,13.6766386,3237,485,1752,327,17.5555553,1.037554,1.3,1752,136.5,17.5555553,0.357425123,1.3,3942,110.5,39.5,0.260654658,1.3,3967,766.5,39.75,2.522647,1.3,3967,669,39.75,2.237129,1.3,4042,901.5,40.5,2.98144937,1.35625,84.625,1.55,1.55,99.8092346
09/07/2026 14:15:10,31.25,14.06,34.38,29.69,54.69,48.44,46.88,46.88,17.19,25,10.94,14.06,31.12,54.69,21.2216625,2743,1216,1397,806.5,14,2.00533223,1.2625,1397,1028.5,14,2.63301349,1.2625,3967,1939.5,39.75,4.574587,1.28125,3967,1860,39.75,4.431324,1.28125,1763,996,17.666666,2.35602427,1.28125,3967,663,39.75,1.49681246,1.31875,84.625,1.55,1.55,99.80916
09/07/2026 14:15:12,13.85,13.85,13.85,38.46,24.62,18.46,24.62,35.38,20,24.62,10.77,21.54,21.67,38.46,16.97757,2514,767,1752,466.5,17.5555553,1.23814321,1.3,1752,775,17.5555553,2.175361,1.3,3942,786.5,39.5,2.036365,1.3,4042,1129,40.5,3.16965914,1.38125,1797,787,18,2.06149,1.38125,1797,658,18,1.73106933,1.38125,84.875,1.55,1.55,99.8092041
09/07/2026 14:15:14,32.31,27.69,40,46.88,28.12,16.92,36.92,45.31,27.69,15.38,40.62,54.69,34.38,54.69,21.2122784,3232,1211,1785,760.5,17.88889,1.6689018,1.35625,1785,1506.5,17.88889,3.547242,1.35625,4017,731.5,40.25,1.65054512,1.35625,3992,1374,40,3.07438421,1.35625,3992,932.5,40,1.90574634,1.35625,3818,1960.5,38.25,4.593625,1.2375,85,1.55,1.55,99.809166
09/07/2026 14:15:16,50,18.18,53.12,50,29.69,26.56,37.5,35.94,45.31,34.38,37.5,46.88,38.75,53.12,22.5326023,2875,1316,1774,1051,17.7777786,2.9797945,1.325,3992,1716,40,4.23667955,1.325,3893,891.5,39,2.15284634,1.28125,3893,1298,39,3.04921651,1.28125,1741,1494,17.4444447,3.46918535,1.28125,1959,1448,19.625,3.5247395,1.28125,85.625,1.55,1.55,99.80922
09/07/2026 14:15:18,26.56,10.94,20.31,32.81,28.12,39.06,40.62,29.69,15.62,10.94,31.25,34.38,26.69,40.62,18.4977131,3228,918,1774,481.5,17.7777786,1.19435763,1.3,1774,960,17.7777786,2.66530561,1.3,3992,1214,40,3.202378,1.3,3992,1277,40,2.98839951,1.3,3918,408,39.25,0.9557358,1.2875,3918,1169.5,39.25,2.87394881,1.2875,85.375,1.55,1.55,99.80919
09/07/2026 14:15:20,12.7,9.52,14.29,6.35,36.51,36.51,31.75,31.75,11.11,11.11,28.57,33.33,21.96,36.51,17.0786781,2766,879,1697,545,17,1.38618088,1.24375,1697,468,17,1.22815633,1.24375,3818,1244.5,38.25,3.27048469,1.24375,3818,1126,38.25,2.507011,1.24375,1697,560,17,1.6936413,1.24375,3868,1332.5,38.75,3.40151262,1.24375,85.5,1.55,1.55,99.809166
09/07/2026 14:15:22,10.94,6.25,9.38,14.06,12.5,7.81,37.5,6.25,1.56,23.44,23.44,28.12,15.1,37.5,14.9178905,2032,584,1397,283,14,0.9698947,1.33125,1235,358,12.375,1.173585,1.3375,1976,403.5,19.8,1.343654,1.3375,1785,762,17.88889,2.46053386,1.3375,1785,584,17.88889,1.87141168,1.3375,4017,1113,40.25,3.00037479,1.3375,85.25,1.55,1.55,99.8091
09/07/2026 14:15:24,24.62,12.31,20,14.06,12.31,9.23,20,30.3,30.77,35.38,21.88,21.54,21.03,35.38,16.1944828,3583,738,4017,418.5,40.25,0.922766149,1.35625,4017,593.5,40.25,1.86273587,1.35625,1785,299.5,17.88889,0.6953928,1.35625,3893,971,39,2.854555,1.28125,3893,1270.5,39,3.31842113,1.275,3893,874.5,39,2.37930751,1.275,85.125,1.55,1.55,99.80921
09/07/2026 14:15:26,17.19,3.12,7.81,1.56,32.81,6.35,32.81,7.81,17.19,15.62,20.31,17.19,14.98,32.81,15.4799814,2879,623,1785,399,17.88889,0.99594456,1.33125,1785,263,17.88889,0.646216154,1.33125,4017,826.5,40.25,2.71200562,1.33125,3942,829,39.5,2.64659047,1.30625,1752,690.5,17.5555553,1.88570976,1.30625,3992,729.5,40,2.2321763,1.3375,84.875,1.55,1.55,99.80918
09/07/2026 14:15:28,6.35,1.61,11.29,6.35,6.25,7.94,9.52,8.06,15.87,39.68,17.46,11.11,11.79,39.68,13.2129593,2315,461,1278,183.5,14,0.4990236,1.34375,1397,259.5,14,0.8765147,1.34375,1397,283.5,14,0.95164603,1.34375,1785,394,17.88889,1.28078675,1.34375,4017,1108,40.25,3.79182935,1.3625,4017,538.5,40.25,1.5984273,1.3625,84.625,1.55,1.55,99.8092346
09/07/2026 14:15:30,12.5,0,28.12,14.06,20.31,6.25,18.75,3.12,10.94,20.31,17.19,12.5,13.67,28.12,14.518734,3668,530,4042,228,40.5,0.5446066,1.3625,4042,770,40.5,2.60992312,1.3625,1797,531.5,18,1.703705,1.35,4042,527.5,40.5,1.73529029,1.3625,4042,633.5,40.5,2.01926,1.3625,4042,490.5,40.5,1.4105593,1.3625,84.25,1.55,1.55,99.8092346
09/07/2026 14:15:32,13.85,15.38,40,9.23,18.46,1.54,13.85,7.69,10.77,21.54,15.38,29.69,16.45,40,14.9129124,3598,567,4017,583.5,40.25,1.82647073,1.35625,3967,877.5,39.75,3.02139378,1.31875,3967,389.5,39.75,1.09948289,1.31875,3942,334.5,39.5,1.02701533,1.3,1752,658,17.5555553,2.03732324,1.3,3942,560,39.5,1.63736188,1.3,83.875,1.55,1.55,99.80926
09/07/2026 14:15:34,52.31,10.77,21.54,7.69,15.38,12.31,23.08,4.62,16.92,66.15,16.92,32.31,23.33,66.15,18.9059715,3988,812,3893,1054,39,4.098299,1.25625,3893,486,39,1.53312027,1.25625,4017,393.5,40.25,1.12054217,1.33125,4042,392.5,40.5,1.15201557,1.375,4042,1655.5,40.5,4.833824,1.375,4042,892,40.5,3.24285173,1.3625,84.625,1.55,1.55,99.80916
09/07/2026 14:15:36,21.88,7.81,21.88,20.31,20.31,9.38,42.19,23.44,21.88,25,29.69,17.19,21.74,42.19,17.00209,3992,779,3992,677.5,40,1.86365557,1.3625,3992,574.5,40,1.44478178,1.3625,3992,495,40,1.23992,1.3625,3992,1140,40,3.16787457,1.3625,3992,830.5,40,2.20731139,1.3625,3992,955.5,40,2.59390426,1.3625,84.75,1.55,1.55,99.8092041
09/07/2026 14:15:38,9.38,0,6.15,1.54,35.38,4.62,23.44,4.69,1.56,29.69,6.15,10.94,11.13,35.38,13.4977236,3274,463,1682,134,18,0.3419881,1.35,1797,186,18,0.5535794,1.35,4042,840.5,40.5,3.05346847,1.35,4042,516,40.5,1.80524838,1.35,4042,706.5,40.5,2.34596324,1.35,4042,397,40.5,1.15401828,1.3875,84.5,1.55,1.55,99.8092346
09/07/2026 14:15:40,20.31,9.38,14.06,3.17,7.94,12.7,6.25,3.12,7.81,43.75,14.06,9.38,12.66,43.75,13.9335356,2869,476,4042,544.5,40.5,1.79042053,1.3625,1797,344.5,18,1.126262,1.3625,1797,355.5,18,1.17213583,1.3625,3738,173,40.5,0.530149758,1.3625,1797,997.5,18,3.36854982,1.3625,4042,443.5,40.5,1.32176661,1.3625,84.25,1.55,1.55,99.80918
09/07/2026 14:15:42,28.12,4.69,14.06,25,9.38,14.06,26.56,34.38,12.5,4.69,20.31,32.81,18.88,34.38,16.2193642,2911,648,1797,310,18,0.7801347,1.35,4042,401.5,40.5,1.19685769,1.35,4042,490.5,40.5,1.460954,1.35,4017,1300,40.25,3.757422,1.34375,1785,254.5,17.88889,0.731922269,1.34375,1785,1131.5,17.88889,3.357026,1.34375,84.5,1.55,1.55,99.80918
09/07/2026 14:15:44,20,4.62,32.31,50.77,18.46,15.38,27.69,41.54,20,15.38,13.85,23.08,23.59,50.77,17.1468086,2895,764,4042,316,40.5,0.8287845,1.35,4042,1339,40.5,3.956395,1.35,1797,446,18,1.16390359,1.35,1797,1388.5,18,3.81266332,1.36875,3942,538.5,39.5,1.46187937,1.3,1752,557.5,17.5555553,1.47851324,1.3,84.875,1.55,1.55,99.80915
09/07/2026 14:15:46,26.56,23.44,37.5,42.19,39.06,29.69,59.38,32.81,37.5,25,35.94,32.81,35.16,59.38,19.1083755,3984,1023,3942,631,39.5,1.24292886,1.29375,3942,1026,39.5,2.54833412,1.29375,3967,938,39.75,2.19107842,1.29375,4017,1802,40.25,4.31856537,1.34375,4017,760.5,40.25,1.55346274,1.34375,4017,978,40.25,2.33626938,1.34375,85,1.55,1.55,99.8092041
09/07/2026 14:15:48,14.06,14.06,31.25,53.12,39.06,21.88,28.12,34.38,15.62,3.12,3.12,9.38,22.27,53.12,17.4232845,3294,768,4042,586,40.5,1.59501553,1.375,4042,1408.5,40.5,3.93322158,1.375,4042,1008,40.5,2.999665,1.375,1797,1101.5,18,2.9731946,1.375,1797,241.5,18,0.6336828,1.36875,4042,261,40.5,0.6816197,1.36875,84.875,1.55,1.55,99.80917
09/07/2026 14:15:50,10.77,1.54,24.62,10.77,15.38,1.54,21.54,10.77,12.31,20,13.85,13.85,13.08,24.62,14.3895121,2545,486,1797,267,18,0.7166232,1.38125,1797,656,18,2.27261233,1.38125,4042,447.5,40.5,1.48393941,1.38125,1797,498.5,18,1.67888713,1.375,1797,613.5,18,2.05214167,1.375,4042,433.5,40.5,1.38254571,1.375,84.625,1.55,1.55,99.8092
09/07/2026 14:15:52,22.22,33.33,12.7,7.69,34.92,22.22,14.29,7.69,12.7,10.77,17.46,14.29,17.52,34.92,15.0722809,3655,570,4042,924,40.5,2.96121,1.36875,1797,205,18,0.5105079,1.36875,4042,1024.5,40.5,3.61015868,1.36875,4017,284,40.25,0.8569668,1.38125,4017,470,40.25,1.34182453,1.38125,4017,511,40.25,1.44531262,1.38125,84.25,1.55,1.55,99.80921
09/07/2026 14:15:54,10.77,0,6.15,1.54,7.69,7.69,35.38,53.85,9.23,1.54,0,10.77,12.05,53.85,13.6476135,2513,482,1785,251.5,17.88889,0.7146813,1.3375,1676,117,17.88889,0.288379937,1.3375,4017,258,40.25,0.856137335,1.3375,1785,1784.5,17.88889,6.288326,1.3375,1797,213.5,18,0.6220636,1.3625,4017,265,40.25,0.62807554,1.34375,84.5,1.55,1.55,99.80922
09/07/2026 14:15:56,21.54,12.31,10.77,7.69,16.92,3.08,15.38,20,24.62,27.69,9.23,26.15,16.28,27.69,13.2141848,2839,467,1774,410.5,17.7777786,1.36911726,1.31875,1774,158,17.7777786,0.4813728,1.31875,3992,282,40,0.9748124,1.31875,3992,625.5,40,2.17773461,1.31875,3668,896.5,36.75,2.8559885,1.20625,1834,429,18.375,1.34083366,1.20625,84.375,1.55,1.55,99.80921
09/07/2026 14:15:58,14.06,1.56,7.81,3.12,15.62,3.12,39.06,15.62,20.31,28.12,14.06,10.94,14.45,39.06,14.2235,3204,512,1397,205.5,14,0.569278061,1.35,1762,170.5,17.7777786,0.4402584,1.35,3992,413.5,40,1.317267,1.35625,3992,827,40,2.58808684,1.35625,4042,927,40.5,3.07115054,1.375,4042,530,40.5,1.56889176,1.375,84.375,1.55,1.55,99.8092
09/07/2026 14:16:00,15.87,1.59,11.11,3.17,1.56,0,46.03,20.31,4.76,11.11,19.05,10.94,12.13,46.03,13.7702341,2337,503,1397,320.5,14,0.959522963,1.34375,1397,230,14,0.7326444,1.3625,1382,88,14,0.215923041,1.3625,4042,1340,40.5,4.402027,1.3625,1785,351.5,17.88889,1.128064,1.36875,4017,690.5,40.25,2.13639045,1.36875,84.25,1.55,1.55,99.80915
09/07/2026 14:16:02,20,10.61,15.38,9.23,7.58,3.08,36.92,27.69,18.46,18.46,21.54,18.46,17.28,36.92,15.4121628,3668,593,1797,454.5,18,1.34850585,1.3625,4042,579,40.5,1.78411722,1.3625,4042,237,40.5,0.5870651,1.3625,4042,1149.5,40.5,3.972138,1.3625,4042,490,40.5,1.280399,1.3625,4042,650,40.5,1.97385633,1.3625,84.25,1.55,1.55,99.8092346
09/07/2026 14:16:04,12.5,0,0,15.87,31.25,12.31,21.88,1.56,15.62,7.81,7.81,6.25,11.07,31.25,13.39147,4042,463,4042,207,40.5,0.651478231,1.375,4042,382.5,40.5,1.30999136,1.375,4042,828.5,40.5,3.04568982,1.375,4042,560,40.5,1.741009,1.375,4042,445,40.5,1.5469774,1.3625,4042,357,40.5,1.09310639,1.3625,84,1.55,1.55,99.8092
09/07/2026 14:16:06,10.94,3.12,9.38,6.25,10.94,6.15,31.25,15.38,15.62,23.44,10.94,20.31,13.64,31.25,14.2437038,3652,496,1797,205,18,0.606522441,1.36875,3947,167.5,40.5,0.408322453,1.36875,4042,233,40.5,0.7498415,1.36875,4042,865.5,40.5,3.03565741,1.36875,4042,910.5,40.5,2.95803857,1.36875,4042,595.5,40.5,2.09853935,1.36875,84,1.55,1.55,99.8092041
09/07/2026 14:16:08,15.38,1.54,15.38,26.15,21.54,24.62,24.62,7.69,15.38,18.46,4.69,23.08,16.54,26.15,13.7862759,2545,476,4042,283.5,40.5,0.9475035,1.375,1797,687,18,2.4472,1.375,1797,783,18,2.69759345,1.375,4042,419,40.5,1.44322693,1.375,1797,255.5,18,0.739340544,1.375,1797,428.5,18,1.34867179,1.375,83.375,1.55,1.55,99.8092041
09/07/2026 14:16:10,10.94,4.69,10.94,9.38,12.5,28.12,25,18.75,9.38,10.94,7.81,12.5,13.41,28.12,14.4185648,2920,508,1797,280.5,18,0.854929447,1.35625,4042,424.5,40.5,1.37658656,1.35625,1797,789,18,2.71162224,1.35625,1797,797.5,18,2.86151242,1.3625,4042,441,40.5,1.28217316,1.3625,4042,314.5,40.5,0.873774052,1.36875,83.375,1.55,1.55,99.8092041
09/07/2026 14:16:12,21.88,6.15,25,37.5,23.44,18.75,23.44,40.62,10.94,6.25,31.25,33.85,23.26,40.62,17.8254128,3992,762,3992,408.5,40,1.02303755,1.325,3992,994,40,3.07801366,1.325,3992,649,40,1.9123956,1.325,3992,978,40,3.12428641,1.325,3992,350,40,0.870383143,1.325,3992,1190,40,3.61954284,1.325,83.75,1.55,1.55,99.80913
09/07/2026 14:16:14,31.25,32.81,29.69,28.12,14.06,10.94,29.69,18.75,28.12,28.12,9.38,12.5,22.79,32.81,17.2789516,3266,778,4042,1203,40.5,3.3850503,1.375,4042,769.5,40.5,2.204053,1.375,4017,418,40.25,1.22063315,1.38125,3967,873.5,39.75,2.38988,1.35,1763,1082.5,17.666666,2.593729,1.35,1763,321.5,17.666666,0.769065,1.35,84.25,1.55,1.55,99.80922
09/07/2026 14:16:16,19.7,10.61,18.18,31.82,27.27,28.79,21.21,33.33,21.21,16.67,19.7,48.48,24.75,48.48,17.5796814,2345,756,4042,386,40.5,1.0306015,1.36875,1797,583.5,18,1.88648617,1.36875,4042,961.5,40.5,2.57763934,1.36875,1397,843.5,14,2.52191734,1.375,1397,549,14,1.45420885,1.375,1397,1213,14,3.59185672,1.375,84.625,1.55,1.55,99.8092041
09/07/2026 14:16:18,20,6.15,18.46,27.69,20,7.69,52.31,50.77,20,20,13.85,24.62,23.46,52.31,18.8132935,3097,911,1730,432,17.333334,1.08757854,1.28125,1730,736.5,17.333334,1.98776782,1.28125,3893,541,39,1.38368928,1.28125,3743,2078.5,37.5,5.39906025,1.225,3743,823,37.5,2.043107,1.225,3743,855.5,37.5,2.29746222,1.225,84.875,1.55,1.55,99.80915
09/07/2026 14:16:20,18.75,14.29,26.56,7.94,15.62,6.25,10.94,4.69,10.94,14.06,10.94,17.19,13.18,26.56,13.4763012,2545,447,1797,694.5,18,2.4240725,1.3375,1797,715.5,18,2.59512377,1.3375,1797,302.5,18,1.16796839,1.3625,1797,181.5,18,0.567481,1.3625,4042,349,40.5,1.09443212,1.3625,4042,437,40.5,1.336019,1.3625,84.25,1.55,1.55,99.80914
09/07/2026 14:16:22,12.5,0,9.38,4.62,9.38,6.25,28.12,20.31,15.62,21.88,22.22,36.92,15.6,36.92,14.3491869,2646,481,1124,133,12.375,0.3572495,1.3375,1381,233.5,13.833333,0.7035582,1.3375,1397,312,14,1.14874172,1.26875,3992,867.5,40,3.116758,1.26875,3992,484.5,40,1.48224866,1.26875,3992,854,40,2.85941768,1.26875,84.125,1.55,1.55,99.8092
09/07/2026 14:16:24,17.46,3.17,7.94,11.11,14.29,16.13,19.05,9.84,3.17,9.52,7.94,7.94,10.63,19.05,13.524765,2920,448,1797,375.5,18,1.30018926,1.35,4042,402,40.5,1.43849242,1.35,1797,630.5,18,2.26869655,1.35,1797,634,18,2.26871228,1.35,4042,302,40.5,0.9647004,1.35,4042,345,40.5,1.00677383,1.3625,83.625,1.55,1.55,99.80916
09/07/2026 14:16:26,13.85,18.46,15.38,1.54,9.23,3.08,37.5,20.31,16.92,16.92,6.25,13.85,14.44,37.5,13.95076,3294,476,1797,507.5,18,1.67754471,1.35625,4042,164,40.5,0.464722663,1.36875,4042,290.5,40.5,0.8369937,1.36875,1797,1035.5,18,3.79034662,1.35625,4042,506,40.5,1.70827043,1.35,4042,349.5,40.5,0.939605832,1.35,83.75,1.55,1.55,99.8092
09/07/2026 14:16:28,15.62,4.69,9.38,1.54,9.38,48.44,9.38,20.31,14.06,6.15,15.62,17.19,14.31,48.44,15.12441,2545,594,4042,418,40.5,1.20233929,1.325,1797,256,18,0.675602,1.325,1797,1261.5,18,4.430619,1.325,1797,621.5,18,1.99051714,1.33125,1797,366.5,18,1.06873012,1.33125,4042,637.5,40.5,1.6509639,1.33125,83.625,1.55,1.55,99.80919
09/07/2026 14:16:30,29.23,10.77,18.46,15.15,13.64,4.55,27.69,4.62,12.12,19.7,9.23,15.38,15.04,29.23,14.366478,2907,487,1797,646.5,18,2.20735669,1.36875,1797,464.5,18,1.57766175,1.36875,4042,289,40.5,0.932575643,1.36875,4042,545,40.5,1.94837284,1.36875,1797,629.5,18,2.17386127,1.36875,3967,345.5,39.75,0.9822182,1.325,83.375,1.55,1.55,99.80924
09/07/2026 14:16:32,9.38,6.25,3.12,4.69,4.69,9.38,29.69,3.12,3.12,34.33,7.69,21.88,11.44,34.33,13.28505,2545,445,1797,301,18,0.924522042,1.33125,4042,155,40.5,0.344153,1.33125,1797,134,18,0.5313634,1.35625,1797,643.5,18,2.35322261,1.35625,1797,833,18,2.9481504,1.35625,4042,602.5,40.5,2.02089834,1.3625,83.625,1.55,1.55,99.80919
09/07/2026 14:16:34,20.31,4.69,23.44,9.38,9.38,12.5,10.94,21.88,17.19,21.88,14.06,28.12,16.15,28.12,15.7673054,2915,595,4017,400,40.25,1.00073707,1.33125,1797,639.5,18,2.06088185,1.3375,1797,379.5,18,0.952645957,1.3375,1797,586,18,2.07208872,1.3375,4042,726,40.5,2.33388352,1.34375,4042,840,40.5,2.69432259,1.35625,83.875,1.55,1.55,99.809166
09/07/2026 14:16:36,10.77,4.62,18.46,9.23,3.08,7.69,12.31,15.38,4.62,43.08,3.08,13.85,12.18,43.08,13.3859682,2802,461,1235,318,12.375,0.9469053,1.3625,1797,442,18,1.54971206,1.3625,4042,164,40.5,0.5016113,1.3625,4042,559.5,40.5,1.97230053,1.3625,3942,991.5,39.5,3.44174337,1.28125,1752,290,17.5555553,0.861167133,1.28125,84,1.55,1.55,99.80918
09/07/2026 14:16:38,9.52,1.59,14.29,3.17,4.76,9.52,15.87,1.59,11.11,41.27,11.11,25.4,12.43,41.27,14.2372293,4004,490,3839,177.5,40.5,0.4861871,1.35625,4042,368,40.5,1.19716477,1.35625,4042,347,40.5,1.11603582,1.35625,4042,292,40.5,0.9144867,1.35625,4042,1057,40.5,3.43224573,1.35625,4017,701,40.25,2.390043,1.35,83.875,1.55,1.55,99.80921
09/07/2026 14:16:40,17.19,0,17.19,1.56,35.94,1.56,21.88,6.25,12.5,32.81,17.19,9.38,14.45,35.94,16.2551365,4042,613,4042,322.5,40.5,0.988353431,1.38125,4042,453,40.5,1.509364,1.38125,4042,733.5,40.5,2.4991436,1.38125,4042,641,40.5,2.17430615,1.38125,4042,897.5,40.5,2.95841932,1.38125,4042,628.5,40.5,2.07433558,1.35625,83.875,1.55,1.55,99.80915
09/07/2026 14:16:42,31.25,9.38,34.38,7.81,20.31,12.5,39.06,17.19,46.88,34.38,23.44,56.25,27.73,56.25,21.5885849,3793,1029,3843,815,38.5,2.59951949,1.25,3868,825,38.75,2.455683,1.2625,3868,581,38.75,1.70404935,1.2625,3893,1047,39,3.12232018,1.2625,3643,1417.5,36.5,3.94551,1.19375,3643,1488,36.5,4.890321,1.19375,84.5,1.55,1.55,99.80918
09/07/2026 14:16:44,12.7,3.17,14.29,20.63,11.11,9.52,68.25,63.49,20.63,6.35,7.94,25.4,21.96,68.25,16.41911,3980,805,3942,273,39.5,0.6582464,1.2875,3942,457.5,39.5,1.28607845,1.2875,3942,363.5,39.5,0.9053784,1.2875,3967,2426.5,39.75,5.72308,1.30625,4042,588.5,40.5,1.31456923,1.375,4042,720,40.5,1.89513826,1.375,85,1.55,1.55,99.8092346
09/07/2026 14:16:46,10.94,4.76,23.44,19.05,10.94,15.87,43.75,35.94,26.56,12.5,17.19,31.25,21.02,43.75,17.6146164,1986,799,1235,381.5,12.375,0.9161975,1.275,1235,762,12.375,2.16798019,1.275,1976,602.5,19.8,1.83390915,1.275,3843,1514.5,38.5,4.0362277,1.25,1708,598,17.11111,1.46595323,1.25,1921,934.5,19.25,2.64121413,1.25,85,1.55,1.55,99.80917
09/07/2026 14:16:48,17.46,6.35,15.87,34.92,14.29,31.75,49.21,34.92,12.7,7.94,12.7,23.81,21.83,49.21,17.4571018,2808,789,1752,420.5,17.5555553,1.144814,1.30625,3942,872.5,39.5,2.494724,1.30625,3942,918.5,39.5,2.58829141,1.30625,3818,1597,38.25,4.13945532,1.25,1697,427.5,17,1.15465319,1.25,1697,497,17,1.36617851,1.25,84.875,1.55,1.55,99.8092041
09/07/2026 14:16:50,24.62,4.62,7.69,7.69,16.92,6.15,18.46,9.23,18.46,29.23,12.31,12.31,13.97,29.23,13.4025936,2715,463,4042,357,40.5,1.1987468,1.3625,4017,379,40.25,1.28303742,1.3625,4042,446.5,40.5,1.525092,1.35,1397,593.5,14,2.122962,1.35,1397,725,14,2.296178,1.35,1397,274.5,14,0.892111659,1.35,84.625,1.55,1.55,99.80919
09/07/2026 14:16:52,12.5,1.56,9.38,12.5,9.38,20.31,9.38,0,7.81,26.56,10.94,15.62,11.33,26.56,13.4523935,2874,459,1785,229.5,17.88889,0.729826033,1.33125,1785,385.5,17.88889,1.30507147,1.33125,4042,673.5,40.5,2.4359374,1.34375,4042,198,40.5,0.553224,1.34375,3868,784,38.75,2.71082354,1.2625,1719,486,17.2222214,1.58907866,1.2625,84,1.55,1.55,99.80915
09/07/2026 14:16:54,10.77,12.9,12.31,9.23,0,9.23,12.31,20,10.77,27.69,7.69,12.31,12.1,27.69,13.4917431,2061,466,1397,400.5,14,1.36501539,1.35625,1397,312.5,14,1.01992607,1.35625,1785,123.5,17.88889,0.290298671,1.3625,3893,816,39,2.84728885,1.28125,1946,789.5,19.5,2.752718,1.28125,1946,355.5,19.5,1.0441395,1.28125,84,1.55,1.55,99.8092041
09/07/2026 14:16:56,14.29,0,7.94,3.17,9.52,33.33,31.75,9.52,15.87,11.11,17.46,19.05,14.42,33.33,14.8214493,4042,564,4042,274,40.5,0.7829642,1.38125,4042,235,40.5,0.6429545,1.38125,4042,875.5,40.5,3.02074313,1.3875,4042,940.5,40.5,3.096163,1.3875,4042,428,40.5,1.28828526,1.3875,4042,628.5,40.5,1.89455891,1.3875,83.875,1.55,1.55,99.80924
09/07/2026 14:16:58,4.76,0,1.59,3.17,19.05,23.81,15.87,17.46,7.94,30.16,0,6.35,10.85,30.16,13.363739,3559,471,1583,115,18,0.296304464,1.3625,3604,79.5,40.5,0.200508386,1.36875,4042,908,40.5,3.153733,1.36875,4042,678.5,40.5,2.4254384,1.36875,4042,831,40.5,2.75064421,1.36875,4042,213.5,40.5,0.443080932,1.35,84,1.55,1.55,99.80914
09/07/2026 14:17:00,18.18,15.15,4.55,12.31,7.58,7.58,28.79,9.09,21.21,27.27,25.76,25.76,16.93,28.79,14.5526848,2392,548,1397,490,14,1.45293725,1.35,1397,358.5,14,0.98837477,1.35,4017,190,40.25,0.3783911,1.3625,3992,589.5,40,2.05840063,1.34375,1774,756.5,17.7777786,2.38365221,1.3375,1774,905,17.7777786,2.98194933,1.3375,84,1.55,1.55,99.80922
09/07/2026 14:17:02,17.19,14.06,7.81,3.12,12.5,26.56,23.44,4.69,9.38,4.69,7.81,9.38,11.72,26.56,13.85203,2638,472,4042,620,40.5,2.17428517,1.375,4042,309,40.5,0.895046651,1.375,4042,801,40.5,2.94048119,1.375,1235,496.5,12.375,1.76569951,1.375,1235,296.5,12.375,0.866307735,1.375,1235,306.5,12.375,0.9148673,1.375,83.5,1.55,1.55,99.80916
09/07/2026 14:17:04,17.19,3.12,7.81,6.35,4.69,7.94,23.44,4.69,15.62,32.81,15.62,7.81,12.26,32.81,13.5226278,2008,462,1235,339,12.375,1.07743311,1.3125,1235,243,12.375,0.7769752,1.3125,1976,155,19.8,0.450811565,1.3125,1763,564.5,17.666666,2.003871,1.3125,4042,1022.5,40.5,3.464181,1.34375,1797,448.5,18,1.44563746,1.34375,83.625,1.55,1.55,99.80923
09/07/2026 14:17:06,9.38,1.56,15.62,1.56,7.81,15.62,31.25,9.38,20.31,28.12,10.94,18.75,14.19,31.25,13.6194963,3621,464,3759,157,40.5,0.437776059,1.3875,4042,353,40.5,1.24415016,1.35,1797,363,18,1.24095285,1.35,4042,571,40.5,2.06223536,1.35,4042,787,40.5,2.73097873,1.35,4042,556,40.5,1.80308008,1.35,83.625,1.55,1.55,99.80917
09/07/2026 14:17:08,16.92,4.62,6.15,7.69,4.62,21.54,10.77,7.69,7.69,38.46,13.85,13.85,12.82,38.46,13.48295,3262,455,4042,333,40.5,1.07625675,1.35625,3851,222.5,40.5,0.7117603,1.35625,4042,492.5,40.5,1.62711847,1.35625,1797,371,18,1.33276045,1.35,1797,895,18,3.12655759,1.35,4042,414,40.5,1.25355971,1.35,83.625,1.55,1.55,99.80917
09/07/2026 14:17:10,27.69,13.85,13.85,7.81,3.08,13.85,9.23,15.38,9.23,18.46,21.54,15.38,14.11,27.69,13.9425049,2896,473,1785,723.5,17.88889,2.53744555,1.3625,1785,354,17.88889,1.22546792,1.3625,4017,337.5,40.25,1.11690354,1.3625,3952,371.5,40.25,1.21116793,1.3625,1797,461,18,1.41995084,1.36875,4042,591,40.5,2.08765984,1.3625,83,1.55,1.55,99.8092
09/07/2026 14:17:12,21.54,12.12,21.54,24.62,20,18.46,29.23,43.08,12.31,12.31,15.38,6.15,19.73,43.08,17.34165,2388,740,4042,599,40.5,1.644351,1.38125,1797,792,18,2.35643387,1.38125,4042,794,40.5,2.369751,1.38125,1235,1376,12.375,3.794163,1.3625,1976,438,19.8,1.14749837,1.3625,1235,440.5,12.375,1.18364584,1.3625,83,1.55,1.55,99.80923
09/07/2026 14:17:14,21.54,15.38,35.38,33.85,24.62,27.69,33.85,36.92,36.92,30.77,15.38,10.77,26.92,36.92,18.2011852,2920,860,1797,601,18,1.5581193,1.35,4042,1001,40.5,2.83430552,1.3625,4042,918.5,40.5,2.56554151,1.3625,1797,1153.5,18,3.02947,1.36875,1797,1050,18,2.76474261,1.36875,4042,433.5,40.5,1.06847966,1.3625,84,1.55,1.55,99.80922
09/07/2026 14:17:16,13.64,10.61,28.79,40.91,22.73,7.58,56.06,31.82,18.18,9.09,19.7,24.24,23.61,56.06,17.28019,2454,776,1774,271.5,18,0.7894687,1.3625,1797,1129.5,18,3.322825,1.3625,3768,368.5,37.75,1.08466649,1.21875,3793,1483.5,38,3.91484,1.2125,1896,514.5,19,1.31362462,1.2125,1697,889.5,17,2.528467,1.2375,84.375,1.55,1.55,99.8092041
09/07/2026 14:17:18,30.77,23.44,27.69,40,21.54,15.62,38.46,21.54,18.75,12.31,10.94,21.54,23.55,40,17.5683784,3262,801,1797,878.5,18,2.336306,1.375,3992,1134,40,3.265508,1.375,3992,612.5,40,1.67777157,1.375,3992,1068,40,2.683752,1.38125,4017,576,40.25,1.45021236,1.34375,1785,535.5,17.88889,1.50001788,1.34375,84.375,1.55,1.55,99.80918
09/07/2026 14:17:20,15.87,9.52,31.75,15.87,1.59,3.17,17.46,20.63,1.59,22.22,11.11,9.52,13.36,31.75,13.3276691,2851,461,1704,290,17.7777786,0.8248703,1.35625,1774,768,17.7777786,2.76939583,1.35625,3992,96,40,0.223584473,1.35625,3942,740.5,39.5,2.5676918,1.3,3942,569,39.5,1.972637,1.3,1752,300.5,17.5555553,0.91384697,1.3,84.125,1.55,1.55,99.80924
09/07/2026 14:17:22,9.38,0,26.56,6.25,7.81,6.25,31.25,7.81,9.38,20.31,7.81,17.19,12.5,31.25,13.7973213,3134,467,3524,177.5,39.75,0.4583687,1.30625,1763,626.5,17.666666,2.1570282,1.3,1763,187.5,17.666666,0.60748595,1.3,3918,776,39.25,2.91003966,1.28125,3918,574,39.25,1.95860171,1.28125,3918,459,39.25,1.49556768,1.275,84,1.55,1.55,99.8091354
09/07/2026 14:17:24,21.88,9.38,14.06,15.62,17.19,21.88,21.88,12.5,20.31,20.31,10.94,14.06,16.67,21.88,16.4891644,2511,715,1797,605,18,1.56961894,1.35,4042,768,40.5,2.33265018,1.35,4042,801.5,40.5,2.311368,1.35,1976,786,19.8,2.18498778,1.35,1976,739.5,19.8,2.16039371,1.35,1235,592.5,12.375,1.46101832,1.35,83.75,1.55,1.55,99.80919
09/07/2026 14:17:27,7.69,1.54,15.38,10.77,23.08,6.15,6.15,26.15,15.38,10.77,13.85,18.46,12.95,26.15,14.2681026,3668,517,4042,196,40.5,0.5153082,1.35625,4042,534.5,40.5,1.69536006,1.35625,4042,641,40.5,2.04330683,1.35,1797,634.5,18,2.28141952,1.35,4042,436,40.5,1.44196451,1.35,4042,659,40.5,1.857432,1.35,83.75,1.55,1.55,99.80922
09/07/2026 14:17:29,15.87,6.35,6.35,9.52,6.35,25.4,26.98,14.06,12.7,28.57,19.05,23.81,16.25,28.57,14.2766733,2915,523,1797,265,18,0.794189632,1.36875,1734,244,18,0.7596741,1.36875,4042,563.5,40.5,1.85514927,1.36875,4042,774.5,40.5,2.5797298,1.36875,1959,701.5,19.625,2.24454761,1.3,3918,591.5,39.25,1.75428212,1.3,83.75,1.55,1.55,99.80916
09/07/2026 14:17:31,13.85,9.23,7.69,9.23,16.92,6.15,35.38,13.85,16.92,20,12.31,13.85,14.62,35.38,15.2853518,3668,597,1797,410,18,1.22301006,1.36875,4042,395.5,40.5,1.12231183,1.36875,4042,414.5,40.5,1.20798779,1.36875,4042,1114.5,40.5,3.73305082,1.36875,4042,620.5,40.5,1.82290208,1.38125,4042,629.5,40.5,1.74670792,1.38125,83.75,1.55,1.55,99.80915
09/07/2026 14:17:33,10.77,1.54,23.08,3.08,20,9.23,10.77,15.38,10.77,12.31,10.77,18.46,12.18,23.08,13.6046162,1984,467,1131,149,12.375,0.4253931,1.35625,1235,445.5,12.375,1.5260514,1.35625,1976,594.5,19.8,2.08211541,1.35625,1785,592.5,17.88889,1.791999,1.35625,3992,424,40,1.27134144,1.3625,1785,598.5,17.88889,2.03410435,1.3625,83.375,1.55,1.55,99.80925
09/07/2026 14:17:35,4.69,1.56,3.12,6.25,1.56,9.38,32.81,14.06,9.38,18.75,31.25,10.94,11.98,32.81,13.729147,2866,455,1596,123,17.7777786,0.350131363,1.375,1774,176.5,17.7777786,0.564286,1.375,3992,120,40,0.323142052,1.375,3992,941,40,3.37787628,1.375,1797,621,18,2.05544925,1.375,4042,747,40.5,2.625889,1.375,83.25,1.55,1.55,99.80918
09/07/2026 14:17:37,20,9.23,24.62,3.03,9.23,29.23,47.69,13.85,29.23,18.46,13.64,20,19.85,47.69,16.8708744,2537,662,3992,470,40,1.31301761,1.33125,1797,491,18,1.52657032,1.35625,1797,646.5,18,2.1330843,1.35625,1797,988,18,3.125205,1.35,1797,677,18,1.938386,1.35,4042,696.5,40.5,2.19456983,1.35,83.875,1.55,1.55,99.80931
09/07/2026 14:17:39,26.56,10.94,18.75,23.81,21.88,26.56,26.56,20.31,26.56,37.5,21.88,18.75,23.34,37.5,18.5103016,3290,881,4042,646.5,40.5,1.39877033,1.375,4042,907.5,40.5,2.44536042,1.375,4017,935.5,40.25,2.325231,1.3625,4042,806.5,40.5,2.208624,1.38125,1797,1163.5,18,3.34256649,1.38125,1797,826.5,18,2.16892767,1.38125,83.875,1.55,1.55,99.80925
09/07/2026 14:17:41,31.25,10.94,12.5,12.5,4.69,9.38,20.31,9.38,40.62,26.56,14.06,4.69,16.41,40.62,14.5781717,3257,571,3992,685.5,40,2.283295,1.33125,1774,443,17.7777786,1.31187725,1.33125,3992,272.5,40,0.7126951,1.33125,1774,522,17.7777786,1.46352482,1.33125,3992,1061,40,3.44432569,1.33125,4017,444,40.25,1.32890284,1.38125,83.625,1.55,1.55,99.80915
09/07/2026 14:17:43,20,9.23,24.62,40,9.23,12.31,32.31,21.54,15.38,18.46,18.46,23.08,20.38,40,17.27767,3253,716,3992,464,40,1.41559255,1.34375,3992,995.5,40,3.205069,1.34375,1774,405.5,17.7777786,1.30434728,1.34375,1774,952,17.7777786,2.54140186,1.34375,3992,653,40,2.05432558,1.34375,3992,827.5,40,2.25755382,1.34375,84.125,1.55,1.55,99.80916
09/07/2026 14:17:45,7.81,6.25,17.19,45.31,26.56,23.44,29.69,45.31,10.94,10.94,12.5,23.44,21.61,45.31,17.64917,4025,759,4042,299.5,40.5,0.8342622,1.3625,4042,799.5,40.5,2.820245,1.3625,4017,1065,40.25,2.95464,1.34375,4017,1254.5,40.25,3.83018064,1.34375,4017,380.5,40.25,1.09423184,1.34375,4017,755.5,40.25,1.97450054,1.35,84.25,1.55,1.55,99.8092346
09/07/2026 14:17:47,18.18,9.09,9.09,39.39,9.09,15.15,84.85,46.97,13.64,6.06,10.61,15.15,23.11,84.85,17.212162,2882,798,1763,423,17.666666,1.14626026,1.30625,1741,579.5,17.4444447,1.9020294,1.275,1959,469.5,19.625,1.19260228,1.275,3942,2523.5,39.5,6.426724,1.28125,3942,251.5,39.5,0.6315014,1.28125,3942,538.5,39.5,1.37838137,1.28125,84.875,1.55,1.55,99.8092041
09/07/2026 14:17:49,22.22,10.94,12.7,12.7,30.16,25.4,44.44,57.14,15.87,11.11,15.87,19.05,23.13,57.14,16.6778679,3273,704,1785,378,17.88889,1.24266255,1.3625,1785,330.5,17.88889,0.9789433,1.3625,4017,863.5,40.25,2.69567561,1.3625,4017,1816,40.25,5.570244,1.3625,4017,381.5,40.25,1.14740753,1.3625,4017,457,40.25,1.17783153,1.35625,85,1.55,1.55,99.8092041
09/07/2026 14:17:51,10.77,5.8,13.85,13.85,15.38,20,16.92,24.62,16.92,13.85,29.23,32.31,17.79,32.31,14.6969919,2936,556,1976,280,19.8,0.7748031,1.3125,1976,469.5,19.8,1.5515393,1.3125,3967,568,39.75,1.88455749,1.31875,1763,623.5,17.666666,2.09717679,1.31875,3967,437,39.75,1.27416611,1.31875,3967,958.5,39.75,3.005234,1.31875,84.625,1.55,1.55,99.80922
09/07/2026 14:17:53,14.06,1.59,20.31,17.19,21.88,25,7.81,3.12,10.94,7.81,6.25,10.94,12.24,25,13.78773,2370,479,1397,296.5,14,0.919220865,1.34375,1397,739,14,2.569536,1.34375,4042,984,40.5,3.47801423,1.35,1651,150,18,0.4705153,1.35,3967,364,39.75,1.16647363,1.31875,1763,340.5,17.666666,1.0591234,1.31875,83.75,1.55,1.55,99.80918
09/07/2026 14:17:55,7.69,6.15,18.46,6.15,12.31,6.15,36.92,3.08,7.69,33.85,10.77,18.46,13.97,36.92,13.7528534,2920,465,1797,166,18,0.4685815,1.34375,1797,395,18,1.38098288,1.34375,4042,242.5,40.5,0.708822668,1.34375,1797,709.5,18,2.61380386,1.34375,4042,776.5,40.5,2.81846833,1.35625,4042,498.5,40.5,1.49113119,1.35625,83.875,1.55,1.55,99.8092
09/07/2026 14:17:57,7.94,0,12.7,3.12,1.59,6.45,33.33,1.64,12.7,17.74,6.35,28.57,11.01,33.33,13.4020262,2820,456,1397,193.5,14,0.621515334,1.35625,4017,326.5,40.25,1.12966263,1.35625,1785,130,17.88889,0.3364317,1.35625,1785,657,17.88889,2.37879515,1.35625,4017,621.5,40.25,2.13646173,1.35625,3918,808.5,39.25,2.65516233,1.275,83.75,1.55,1.55,99.80919
09/07/2026 14:17:59,15.62,20,10.77,6.06,7.81,3.08,14.06,1.56,17.19,34.38,12.5,10.77,12.82,34.38,13.3802137,3290,459,1774,584,17.7777786,2.08676314,1.33125,4042,218,40.5,0.57566303,1.35625,4042,190,40.5,0.583705664,1.36875,4042,275.5,40.5,0.9552099,1.36875,4042,1077.5,40.5,3.75544763,1.375,1797,409.5,18,1.29490471,1.375,83.75,1.55,1.55,99.80926
09/07/2026 14:18:01,12.7,10.77,11.11,4.76,4.62,15.62,19.05,7.94,22.22,34.92,19.05,22.22,15.41,34.92,13.5168352,3285,469,4042,377,40.5,1.25507748,1.35625,4017,335.5,40.25,1.10150552,1.36875,4017,274.5,40.25,0.9052122,1.36875,4042,312.5,40.5,0.958842158,1.35625,1797,925,18,3.15632749,1.35625,1797,588,18,2.01718187,1.35625,83.75,1.55,1.55,99.80919
09/07/2026 14:18:03,14.06,4.69,9.38,10.94,4.69,3.12,21.88,28.12,7.81,10.94,9.23,25,12.49,28.12,13.5050526,4042,449,4042,268.5,40.5,0.8486512,1.34375,4042,284,40.5,0.9674646,1.3625,4042,114,40.5,0.3156695,1.3625,4042,1075.5,40.5,3.98043633,1.3625,4042,377.5,40.5,1.4234736,1.3625,4042,574.5,40.5,1.881143,1.3625,83.75,1.55,1.55,99.809166
09/07/2026 14:18:05,18.75,4.69,6.25,1.56,7.81,15.62,21.88,7.94,4.69,17.19,9.38,23.44,11.6,23.44,13.3746071,2920,445,1797,408.5,18,1.38779509,1.35625,1797,110.5,18,0.313563347,1.35625,4042,445,40.5,1.69409692,1.35625,1797,533.5,18,1.94201767,1.35625,4042,478,40.5,1.71188223,1.3625,4042,694.5,40.5,2.38285041,1.36875,83.125,1.55,1.55,99.80917
09/07/2026 14:18:07,10.94,0,32.81,20.63,3.12,7.81,14.06,3.12,9.38,28.12,1.56,15.62,12.27,32.81,13.3635693,3226,456,3967,128,39.75,0.3681165,1.31875,3992,1026,40,3.7978363,1.325,3859,151,40,0.3659224,1.325,3942,388,39.5,1.20776308,1.28125,1797,782.5,18,2.804065,1.3875,1797,262,18,0.793776,1.3875,83.5,1.55,1.55,99.80913
09/07/2026 14:18:09,23.08,0,10.77,5.88,1.54,4.69,40,26.56,12.31,16.92,7.69,12.31,13.48,40,13.8127012,2920,465,4042,385.5,40.5,1.35981369,1.35625,1797,229,18,0.751771569,1.35625,1797,127.5,18,0.34550184,1.35625,4042,1306.5,40.5,4.954565,1.35625,4042,375.5,40.5,1.16133153,1.36875,1797,366.5,18,1.07242262,1.36875,83.625,1.55,1.55,99.8092041
09/07/2026 14:18:11,9.23,1.54,15.38,35.38,3.08,4.62,29.23,9.38,7.69,9.23,1.54,20,12.19,35.38,13.4950123,2538,448,4042,198,40.5,0.5015307,1.35625,4042,1068.5,40.5,3.958991,1.35,1797,115.5,18,0.322604,1.35,1397,668.5,14,2.39746165,1.35,1976,292.5,19.8,0.9221596,1.35,1976,348,19.8,1.26929271,1.35,83.25,1.55,1.55,99.80914
09/07/2026 14:18:13,15.62,9.23,18.75,26.56,31.25,26.15,39.06,36.92,23.44,17.19,17.19,15.38,23.06,39.06,16.9789333,3294,754,4042,427.5,40.5,1.08891833,1.35,1797,637,18,1.96383357,1.375,4042,1116.5,40.5,2.98142815,1.375,1797,1303.5,18,3.385809,1.3625,4042,614,40.5,1.70833158,1.3625,4042,428,40.5,1.200783,1.375,83.5,1.55,1.55,99.80916
09/07/2026 14:18:15,17.19,1.56,35.94,37.5,17.19,18.75,48.44,34.92,20.31,28.12,17.19,15.62,24.39,48.44,18.5814934,3108,925,1675,267.5,16.7777786,0.7232025,1.21875,3768,1242,37.75,3.35457182,1.21875,3768,583,37.75,1.5158993,1.21875,1675,1653,16.7777786,4.10209942,1.21875,3793,1120,38,2.78702736,1.23125,3967,686.5,39.75,1.84757531,1.28125,84.25,1.55,1.55,99.80925
09/07/2026 14:18:17,9.23,3.08,29.23,40,13.85,10.77,46.15,33.85,35.38,46.15,10.77,10.77,24.1,46.15,17.015398,3601,879,3680,167,40,0.398784548,1.31875,4017,1065,40.25,2.79450083,1.325,1785,363.5,17.88889,0.9503693,1.325,4042,1685,40.5,3.943144,1.34375,4042,1508.5,40.5,3.44892669,1.34375,4042,485,40.5,1.06158459,1.34375,84.875,1.55,1.55,99.80919
09/07/2026 14:18:19,12.5,17.19,23.44,31.25,9.38,15.62,32.81,50,25,25,20.31,21.88,23.7,50,17.9339085,2616,864,1235,510.5,12.375,1.370347,1.21875,3718,959.5,37.25,2.67934275,1.2125,1652,491,16.5555553,1.29632974,1.2125,3718,1551,37.25,3.98089886,1.2125,1652,883.5,16.5555553,2.12900519,1.2125,3718,785.5,37.25,2.045326,1.2125,84.875,1.55,1.55,99.8092
09/07/2026 14:18:21,15.38,2.99,13.85,20,9.23,16.67,24.62,7.69,16.92,20,32.31,27.69,17.28,32.31,15.9004564,3651,661,4042,382.5,40.5,1.03035414,1.33125,4042,496,40.5,1.27978933,1.33125,1797,466.5,18,1.45588589,1.33125,4042,690,40.5,2.132744,1.33125,3992,804.5,40,2.468853,1.325,3992,1125,40,3.29770136,1.325,84.375,1.55,1.55,99.80922
09/07/2026 14:18:23,25,9.38,15.62,9.38,48.44,28.57,40.62,32.26,15.62,15.62,25,32.81,24.86,48.44,17.2750626,2503,938,1976,589.5,19.8,1.287732,1.35625,1235,455,12.375,1.0449779,1.36875,1976,1392.5,19.8,3.1160686,1.36875,1797,1451.5,18,3.13394785,1.36875,4042,672,40.5,1.65746069,1.36875,3992,1065,40,2.431245,1.3625,84.75,1.55,1.55,99.809166
09/07/2026 14:18:25,33.85,13.85,46.97,21.21,23.88,21.21,39.39,15.15,33.85,33.85,32.31,20,27.96,46.97,18.7789783,2537,1079,1785,873,17.88889,1.65752661,1.3625,4017,1427,40.25,3.44357729,1.3625,1785,848,17.88889,1.55733466,1.3625,1797,1162,18,2.69977546,1.34375,4042,1203.5,40.5,2.95445943,1.34375,1797,962.5,18,2.045188,1.34375,84.125,1.55,1.55,99.80919
09/07/2026 14:18:27,20,4.62,27.69,13.85,27.69,7.69,24.62,7.69,9.23,23.08,15.38,21.54,16.92,27.69,15.3261347,2920,576,1797,416.5,18,1.17338336,1.36875,1797,716,18,2.24465823,1.36875,4042,544,40.5,1.627181,1.375,4042,536,40.5,1.800716,1.375,1797,693,18,2.35331726,1.375,4042,551,40.5,1.84150958,1.375,83.875,1.55,1.55,99.80915
09/07/2026 14:18:29,4.55,7.25,7.58,16.67,16.92,15.62,24.24,39.39,7.69,7.58,16.67,6.06,14.18,39.39,12.6757545,2537,402,1797,194.5,18,0.6945879,1.35625,4042,326.5,40.5,1.30623007,1.35625,1749,222,18,0.662521839,1.35625,1797,1105.5,18,4.045403,1.35625,1797,205,18,0.704861164,1.35625,4042,357.5,40.5,1.198557,1.35625,83.75,1.55,1.55,99.80918
09/07/2026 14:18:31,21.88,21.88,37.5,48.44,26.56,14.06,29.69,40.62,21.88,23.44,21.88,17.19,27.08,48.44,17.4119549,2531,912,1797,728.5,18,1.65415072,1.35,4017,1323,40.25,3.33121347,1.375,1785,721,17.88889,1.58367682,1.375,1785,1259,17.88889,3.21990943,1.375,1785,784,17.88889,1.84674037,1.375,4017,658.5,40.25,1.39468157,1.375,83.75,1.55,1.55,99.80923
09/07/2026 14:18:33,0,0,4.69,0,43.75,3.12,14.06,17.19,1.56,15.62,3.12,3.12,8.85,43.75,12.1909084,2438,381,1502,35.5,18,0.135693327,1.35,4042,163.5,40.5,0.430918872,1.35625,1797,1038.5,18,3.69023418,1.35625,1797,640,18,2.40622163,1.35625,4017,373.5,40.25,1.36034346,1.35625,1471,36.5,17.88889,0.0996788442,1.3625,83.875,1.55,1.55,99.80916
09/07/2026 14:18:35,3.08,6.15,21.54,3.12,3.08,1.56,29.23,2.9,7.69,14.52,16.92,10.77,10.05,29.23,12.2389755,2412,410,1397,197,14,0.6015271,1.35,1397,481.5,14,1.77922773,1.35,4042,113,40.5,0.368810833,1.3625,1797,637,18,2.363914,1.3625,1797,445,18,1.576693,1.3625,4042,588.5,40.5,2.03099537,1.3625,83.625,1.55,1.55,99.80918
09/07/2026 14:18:37,13.85,9.23,32.31,3.08,0,0,0,1.54,9.23,15.94,10.77,16.92,9.41,32.31,12.7093515,3545,426,1797,473,18,1.61944973,1.35,4042,770,40.5,2.66883874,1.35,4042,41.5,40.5,0.09866089,1.35,3405,34,40.5,0.201489061,1.35,3967,641,39.75,2.17972374,1.3125,4017,598.5,40.25,2.14104462,1.3125,83.375,1.55,1.55,99.80919
09/07/2026 14:18:39,21.88,2.99,6.35,12.5,20.31,0,14.06,25,17.19,5.97,20.31,26.56,14.43,26.56,14.7762985,2545,548,1797,368,18,1.04361367,1.3375,1797,377,18,1.07119036,1.3375,4042,551,40.5,1.83690214,1.3375,4042,753,40.5,2.639087,1.35,1797,352.5,18,1.1191982,1.35,1797,887,18,3.13303614,1.35,83.25,1.55,1.55,99.80921
09/07/2026 14:18:41,21.88,20.31,17.19,14.06,15.62,17.19,32.81,18.75,15.62,17.19,29.69,20.31,20.05,32.81,15.32581,3294,714,1797,750,18,1.86237657,1.3625,1797,583,18,1.31342864,1.3625,4042,518,40.5,1.29678619,1.38125,4042,895,40.5,2.60307336,1.38125,4042,625,40.5,1.65275609,1.38125,4042,910,40.5,2.66558671,1.38125,82.875,1.55,1.55,99.8092
09/07/2026 14:18:43,10.94,0,17.19,7.81,15.62,26.56,9.38,28.12,6.25,10.94,10.94,1.56,12.11,28.12,14.2023163,3971,525,3942,293,39.5,0.8770189,1.3125,3942,604,39.5,1.993294,1.3125,3992,809.5,40,2.79074478,1.34375,3992,769.5,40,2.74806118,1.34375,3992,339.5,40,1.10041451,1.34375,3967,336,39.75,1.06436241,1.31875,82.875,1.55,1.55,99.80916
09/07/2026 14:18:45,21.88,21.54,23.44,42.19,28.12,6.25,31.25,20.31,14.06,6.25,15.87,27.69,21.57,42.19,17.8837318,1971,818,1797,931.5,18,2.53323364,1.35625,4042,1270.5,40.5,3.46197152,1.34375,1797,487,18,1.36401808,1.34375,1397,917,14,2.55828047,1.34375,1397,308,14,0.790352345,1.34375,1397,996.5,14,2.748163,1.34375,83.375,1.55,1.55,99.80918
09/07/2026 14:18:47,21.54,13.85,18.46,32.31,16.92,13.64,27.69,24.62,15.38,12.31,20,38.46,21.26,38.46,17.66803,3655,789,4042,733,40.5,1.92141974,1.3625,4042,964.5,40.5,2.75334358,1.3625,4042,564.5,40.5,1.55930722,1.3625,1797,775,18,2.2299788,1.3625,4042,564,40.5,1.5780102,1.3625,3967,1134.5,39.75,3.27986383,1.3,83.5,1.55,1.55,99.8092
09/07/2026 14:18:49,21.88,9.38,31.25,39.06,20.31,12.5,39.06,31.25,21.88,26.56,15.62,18.75,23.96,39.06,18.1294231,3628,853,3992,579,40,1.44145846,1.34375,3992,1192,40,3.16577649,1.34375,3992,596.5,40,1.578235,1.34375,3992,1222,40,3.413625,1.34375,4017,808.5,40.25,2.121944,1.35,1785,718,17.88889,2.06583476,1.35,83.5,1.55,1.55,99.8092
09/07/2026 14:18:51,16.67,4.55,6.15,13.64,9.23,10.77,6.06,0,7.58,4.69,16.67,46.97,11.91,46.97,13.4936094,2920,458,4042,399.5,40.5,1.29948974,1.35625,4042,338.5,40.5,1.06252027,1.35625,1797,326.5,18,1.09900808,1.3625,4042,175,40.5,0.493764937,1.34375,1797,295.5,18,1.03598344,1.34375,1797,1215,18,4.53429747,1.34375,83.375,1.55,1.55,99.80922
09/07/2026 14:18:53,15.38,4.55,30.77,26.15,9.23,12.31,3.08,0,9.23,13.85,15.38,13.85,12.81,30.77,12.392664,2538,409,1797,224.5,18,0.761972964,1.3375,4042,970,40.5,3.39792585,1.3375,1797,314.5,18,1.11348438,1.34375,1752,45.5,18,0.105228178,1.34375,4042,379.5,40.5,1.35853565,1.34375,1797,521,18,1.94903374,1.34375,83,1.55,1.55,99.80918
09/07/2026 14:18:55,4.69,1.56,7.81,12.5,18.75,7.94,21.88,17.19,6.25,20.97,6.25,14.06,11.65,21.88,12.8891191,3664,441,1797,111.5,18,0.278244525,1.35,4042,272.5,40.5,0.814892769,1.35,4042,552,40.5,1.85336888,1.35,4042,782,40.5,2.943836,1.35625,4042,537.5,40.5,1.87232935,1.36875,4017,389,40.25,1.414672,1.3375,83.625,1.55,1.55,99.80917
09/07/2026 14:18:57,12.5,15.62,21.88,32.81,0,0,3.12,1.56,1.56,10.94,14.06,9.38,10.29,32.81,12.500741,2713,423,4042,504,40.5,1.6752286,1.35,4042,1172,40.5,4.06807232,1.34375,1608,45,18,0.1067109,1.34375,1148,41.5,14,0.108032875,1.34375,1397,293.5,14,1.02771115,1.34375,4042,479.5,40.5,1.69873548,1.35625,83.125,1.55,1.55,99.80918
09/07/2026 14:18:59,12.5,6.25,9.38,6.25,21.88,35.94,32.81,15.62,31.25,14.06,21.88,20.31,19.01,35.94,14.96111,3273,597,4017,299,40.25,0.798028767,1.325,4017,256.5,40.25,0.6694031,1.325,1785,988.5,17.88889,3.28924465,1.325,4017,778.5,40.25,2.622156,1.325,4017,823.5,40.25,2.41898656,1.325,1785,435.5,17.88889,1.27020383,1.34375,83.625,1.55,1.55,99.80915
09/07/2026 14:19:01,6.35,12.7,15.87,0,15.87,4.76,0,4.76,1.59,28.57,4.76,11.11,8.86,28.57,12.3156176,2545,418,1797,429.5,18,1.48103166,1.34375,4042,426.5,40.5,1.37124228,1.34375,1797,456,18,1.65300262,1.35,4042,187.5,40.5,0.610804856,1.3625,1797,629.5,18,2.28177,1.3625,1797,379.5,18,1.27104461,1.3625,83.375,1.55,1.55,99.80915
09/07/2026 14:19:03,1.56,4.69,20,0,15.62,1.59,20.31,9.38,1.56,34.85,3.12,1.56,9.52,34.85,12.169117,2444,397,1573,132,17.7777786,0.457766742,1.33125,3992,459.5,40,1.68724489,1.33125,1774,283.5,17.7777786,1.06429386,1.33125,1774,670,17.7777786,2.43729281,1.33125,3843,784.5,38.5,2.765178,1.24375,1708,52,17.11111,0.123175688,1.24375,83.375,1.55,1.55,99.80919
09/07/2026 14:19:05,1.56,0,0,37.5,3.23,6.25,28.12,1.61,1.56,6.25,1.61,18.75,8.87,37.5,12.3313236,2920,393,1797,62.5,18,0.173276827,1.35625,4042,812.5,40.5,2.96690726,1.35625,1797,210,18,0.7366495,1.35625,1797,623,18,2.34378934,1.35625,4042,185,40.5,0.576883435,1.35625,4042,462.5,40.5,1.69968355,1.35625,82.875,1.55,1.55,99.80917
09/07/2026 14:19:07,6.25,17.19,1.56,1.56,4.69,1.56,25,18.75,1.56,15.62,17.19,12.5,10.29,25,12.1834517,2376,398,1797,491.5,18,1.64867377,1.35625,1797,33.5,18,0.08203366,1.35625,3025,76,40.5,0.204418674,1.35625,1797,871.5,18,3.37051845,1.35625,1797,289,18,1.06137085,1.35625,4042,625.5,40.5,2.14246368,1.35625,82.875,1.55,1.55,99.8092
09/07/2026 14:19:09,4.62,13.85,1.54,6.15,3.03,13.64,15.38,4.62,15.38,29.23,10.45,32.31,12.52,32.31,12.277606,2533,399,1797,320,18,1.15424562,1.34375,1721,45,18,0.108134486,1.34375,4042,323,40.5,1.12982368,1.3625,4042,272,40.5,0.9457624,1.3625,1797,660,18,2.32995248,1.35625,1797,773.5,18,2.78305745,1.35625,82.875,1.55,1.55,99.80926
09/07/2026 14:19:11,4.69,30.77,7.81,10.94,0,1.54,34.38,9.38,4.69,6.25,6.15,6.25,10.24,34.38,12.1158676,1900,385,1797,723,18,2.55468917,1.33125,1797,296,18,1.06593406,1.35,3357,51,40.5,0.165663913,1.35,1976,859,19.8,3.2293973,1.3625,1235,215.5,12.375,0.680314,1.3625,1235,168,12.375,0.5859421,1.3625,82.625,1.55,1.55,99.80918
09/07/2026 14:19:13,0,0,11.11,1.59,7.94,1.59,1.59,31.75,9.52,12.7,26.98,1.59,8.86,31.75,12.5758419,3314,416,1743,65,18,0.176024765,1.35,4042,271.5,40.5,0.941139758,1.35,4042,207.5,40.5,0.7878216,1.36875,1976,806.5,19.8,2.90547013,1.36875,4042,517,40.5,1.84729147,1.35,4042,628,40.5,2.17622828,1.35,82.625,1.55,1.55,99.80917
09/07/2026 14:19:15,6.25,4.69,37.5,60.94,29.69,12.5,42.19,45.31,7.81,7.81,7.69,14.06,23.04,60.94,16.3201561,3668,683,1797,160,18,0.443502545,1.34375,4042,1438,40.5,4.49454737,1.34375,4042,528.5,40.5,1.70011032,1.38125,4042,1460,40.5,4.17651367,1.38125,4042,201,40.5,0.550868,1.38125,4042,310,40.5,0.9664578,1.38125,82.875,1.55,1.55,99.80921
09/07/2026 14:19:17,21.88,17.19,23.44,29.69,34.38,48.44,53.12,39.06,23.44,20.31,28.12,32.81,30.99,53.12,21.7115669,3726,1174,3743,817.5,37.5,2.10407233,1.225,3743,860,37.5,2.29785323,1.225,3718,1516.5,37.25,3.91503668,1.225,3718,1868.5,37.25,4.563467,1.21875,3718,870.5,37.25,2.21125627,1.21875,3718,1109,37.25,2.93889165,1.2125,83.75,1.55,1.55,99.80921
09/07/2026 14:19:19,7.81,1.59,12.5,25,15.62,9.52,51.56,79.69,18.75,9.38,14.06,17.19,21.89,79.69,16.3565216,3158,748,1235,130.5,12.375,0.296809316,1.33125,4017,484,40.25,1.432119,1.33125,4017,345,40.25,0.9611478,1.34375,4017,2437,40.25,6.46345043,1.34375,3918,561,39.25,1.65999711,1.2625,1741,533,17.4444447,1.52653372,1.2625,84.5,1.55,1.55,99.80915
09/07/2026 14:19:21,0,0,1.49,0,0,18.18,7.81,51.56,4.69,10.77,7.81,1.56,8.66,51.56,12.539257,2364,410,1119,63,12.375,0.182566091,1.36875,1235,69,12.375,0.200363979,1.36875,1976,431,19.8,1.55566514,1.36875,3942,1361.5,39.5,4.753464,1.29375,3942,329.5,39.5,1.16050935,1.29375,1971,209,19.75,0.829349,1.29375,84,1.55,1.55,99.80916
09/07/2026 14:19:23,1.54,6.06,9.23,16.92,15.38,4.62,16.92,3.08,9.23,3.08,32.31,27.69,12.17,32.31,12.5006323,2345,408,1397,169,14,0.5387985,1.35625,1397,363,14,1.13433957,1.35625,1397,338,14,1.18512189,1.35625,1797,271.5,18,1.12300062,1.35625,4042,197,40.5,0.6818943,1.3625,4042,1112.5,40.5,3.95327,1.3625,83.125,1.55,1.55,99.8092
09/07/2026 14:19:25,7.69,1.54,18.46,1.54,4.62,29.23,18.46,3.08,1.54,23.08,10.77,23.08,11.92,29.23,13.2057991,2920,484,1797,250,18,0.693375945,1.35625,1797,419,18,1.27063489,1.35625,4042,675,40.5,2.31594443,1.35625,4042,360.5,40.5,1.17940521,1.35625,4042,547,40.5,1.883367,1.375,1797,650,18,2.08811188,1.375,82.5,1.55,1.55,99.809166
09/07/2026 14:19:27,6.25,0,4.69,0,0,20.31,39.06,0,7.81,15.62,4.69,17.19,9.64,39.06,12.648181,3294,418,1797,179,18,0.5133228,1.33125,4042,95.5,40.5,0.2786128,1.34375,4042,483,40.5,1.75506473,1.34375,1797,817.5,18,3.09815931,1.34375,4042,511.5,40.5,1.82251334,1.34375,4042,421,40.5,1.420046,1.34375,83.25,1.55,1.55,99.80921
09/07/2026 14:19:29,21.54,9.23,18.46,7.69,15.38,7.69,18.46,0,10.77,7.69,33.85,16.92,13.97,33.85,14.8718624,3200,565,1235,584,12.375,1.65023756,1.3375,1797,414.5,18,1.28647435,1.35,4042,447.5,40.5,1.37907052,1.35,4042,450.5,40.5,1.4697541,1.35625,4042,426,40.5,1.35473764,1.35625,4042,1065,40.5,3.68028879,1.35625,82.625,1.55,1.55,99.80922
09/07/2026 14:19:31,1.56,0,9.38,1.59,9.38,1.54,28.12,26.56,9.38,20.31,0,0,8.98,28.12,12.43026,1946,406,996,103.5,12.375,0.2683319,1.36875,1235,199,12.375,0.6986728,1.36875,1976,209.5,19.8,0.707693,1.36875,3942,1229,39.5,4.560418,1.29375,1763,625.5,17.666666,2.30845332,1.28125,1763,66.5,17.666666,0.148931,1.28125,83.375,1.55,1.55,99.8091354
09/07/2026 14:19:33,11.11,0,4.76,3.17,3.17,1.59,34.92,9.52,7.94,19.05,9.52,11.11,9.66,34.92,12.0781431,3294,395,1797,216,18,0.663867831,1.34375,4042,157.5,40.5,0.5438711,1.3625,1797,133,18,0.4088709,1.3625,4042,841.5,40.5,3.24289942,1.3625,4042,530,40.5,2.01429343,1.3625,4042,493,40.5,1.60913134,1.3625,83,1.55,1.55,99.8092651
09/07/2026 14:19:35,9.52,1.59,4.76,22.22,3.17,0,46.03,0,6.35,15.62,11.11,0,10.03,46.03,13.1168423,3651,433,4017,195.5,40.25,0.57619977,1.3875,4017,492.5,40.25,1.65619254,1.3875,4017,112.5,40.25,0.3339805,1.3875,4017,1019,40.25,3.82484627,1.3875,1797,472.5,18,1.69503725,1.36875,4042,306.5,40.5,1.04037321,1.3625,82.75,1.55,1.55,99.80918
09/07/2026 14:19:37,9.23,1.54,1.54,4.62,1.54,0,29.23,1.54,9.23,15.38,12.31,41.54,10.64,41.54,13.2070112,4005,454,4017,180.5,40.25,0.6510441,1.35625,3870,107,40.25,0.2887299,1.35625,4017,97,40.25,0.2491768,1.35625,4042,715,40.5,2.60477161,1.31875,4042,481,40.5,1.6931622,1.31875,4042,1145.5,40.5,3.92400146,1.31875,83,1.55,1.55,99.8092346
09/07/2026 14:19:39,1.56,0,1.56,0,0,0,54.69,32.81,6.25,6.35,3.12,6.25,9.38,54.69,12.4470139,2614,406,1397,58.5,14,0.1329602,1.3625,1007,24.5,14,0.05959344,1.3625,1381,18,18,0.0445928,1.375,3967,1861.5,39.75,6.951781,1.2875,3967,254.5,39.75,0.851697445,1.2875,3967,219.5,39.75,0.7345672,1.2875,83,1.55,1.55,99.80919
09/07/2026 14:19:41,0,0,0,0,16.67,0,18.75,7.46,7.81,25.37,6.25,23.44,8.81,25.37,12.0467567,1899,382,1037,30,14,0.08318115,1.36875,1322,30,14,0.07542427,1.36875,1397,374.5,14,1.39812469,1.36875,1797,564,18,2.07183266,1.36875,4042,751.5,40.5,2.69659376,1.36875,1797,541.5,18,1.905508,1.35625,82.875,1.55,1.55,99.80915
09/07/2026 14:19:43,10.94,12.7,10.94,35.94,6.35,4.76,4.69,1.64,10.94,42.19,9.38,9.52,13.33,42.19,12.2738161,3268,425,1717,191,18,0.5034268,1.34375,4042,1023.5,40.5,3.57135177,1.35625,4042,170.5,40.5,0.4340044,1.35625,1720,62.5,18,0.1261079,1.35625,4042,849,40.5,3.135997,1.35625,4042,252.5,40.5,0.7812108,1.35625,82.75,1.55,1.55,99.80923
09/07/2026 14:19:45,14.29,6.35,49.21,68.25,19.05,22.58,15.87,6.35,0,3.17,7.94,7.81,18.41,68.25,16.20312,2358,695,1235,321.5,12.375,0.934684932,1.34375,1235,2224.5,12.375,6.21485472,1.34375,1797,775.5,18,2.318058,1.3625,4042,355,40.5,1.01735961,1.3625,1797,133.5,18,0.39543438,1.3625,4042,361.5,40.5,1.00543821,1.3625,82.5,1.55,1.55,99.80917
09/07/2026 14:19:47,6.25,12.7,17.19,28.12,7.81,4.62,32.81,17.19,17.19,9.38,20.31,40.62,17.85,40.62,16.40148,2014,684,1797,287.5,18,0.8145149,1.35,1797,700.5,18,2.26906538,1.35,4042,239.5,40.5,0.646242142,1.35,1235,1065,12.375,3.159457,1.35,1976,491,19.8,1.415183,1.35,1235,1322,12.375,3.977135,1.35,83.5,1.55,1.55,99.80921
09/07/2026 14:19:49,3.08,0,14.52,14.52,43.55,29.03,35.38,21.54,13.85,10.77,21.54,17.19,18.75,43.55,15.4983625,1951,662,1277,60,14,0.1609527,1.35625,1397,370.5,14,1.06667459,1.35625,1397,1396.5,14,3.96158886,1.35625,1797,914,18,2.51409364,1.35625,4042,442,40.5,1.171227,1.35,1797,789,18,2.6231544,1.35,83.75,1.55,1.55,99.80919
09/07/2026 14:19:51,3.12,0,7.58,0,1.56,4.69,46.88,14.06,3.12,18.75,6.06,3.12,9.08,46.88,12.4688129,2388,412,1235,88,12.375,0.2656689,1.3375,1235,152.5,12.375,0.459272474,1.3375,1976,153,19.8,0.493668646,1.3375,1797,1298.5,18,4.854273,1.3375,4042,491,40.5,1.74464893,1.3375,4042,287.5,40.5,0.8375758,1.3375,83.375,1.55,1.55,99.80917
09/07/2026 14:19:53,3.08,0,4.62,3.08,15.15,7.58,33.85,12.9,9.23,32.31,4.62,1.54,10.66,33.85,12.1686487,2316,415,1219,48,14,0.127765089,1.325,1397,134,14,0.370897084,1.325,1397,415,14,1.4344666,1.3375,1797,862,18,3.20410657,1.3375,4042,866.5,40.5,3.245023,1.3375,4042,163,40.5,0.4647332,1.34375,83.625,1.55,1.55,99.80922
09/07/2026 14:19:55,6.15,3.08,1.54,4.62,1.54,18.46,18.46,33.85,13.85,29.23,4.62,9.23,12.05,33.85,12.3803177,2575,407,1797,136,18,0.4658583,1.34375,4042,178.5,40.5,0.505848,1.375,1797,386.5,18,1.50175941,1.375,1976,921.5,19.8,3.43275237,1.375,4042,618.5,40.5,2.17018461,1.29375,1797,199,18,0.612420559,1.29375,82.875,1.55,1.55,99.809166
09/07/2026 14:19:57,6.15,16.67,4.62,3.08,15.15,4.55,21.54,6.15,3.08,24.62,13.85,3.08,10.21,24.62,12.1958542,2545,401,1797,385.5,18,1.38214123,1.35,1797,141,18,0.46126464,1.35625,4042,413,40.5,1.47620535,1.35625,1797,541.5,18,2.03841543,1.35625,4042,603,40.5,2.10557246,1.3625,1797,323.5,18,1.05627537,1.3625,82.625,1.55,1.55,99.80925
09/07/2026 14:19:59,0,1.56,6.15,23.44,14.06,7.81,6.25,28.12,3.12,14.06,3.12,14.06,10.15,28.12,12.8129807,3668,450,4042,86,40.5,0.199106947,1.35625,1797,649,18,2.295217,1.35625,4042,461.5,40.5,1.5559864,1.35625,4042,731.5,40.5,2.62253261,1.35625,4042,414,40.5,1.38033783,1.35625,4042,356.5,40.5,1.18349409,1.35625,82.25,1.55,1.55,99.80915
09/07/2026 14:20:01,3.12,0,1.56,1.59,3.12,1.56,17.19,20.31,1.56,15.62,17.19,53.12,11.33,53.12,12.6852112,2447,417,1510,51.5,18,0.126873374,1.36875,1493,47.5,18,0.12681216,1.36875,4042,66,40.5,0.1861131,1.36875,4042,702,40.5,2.46128583,1.36875,1797,301,18,1.20551634,1.35625,1797,1335.5,18,4.641308,1.35625,82.75,1.55,1.55,99.80916
09/07/2026 14:20:03,18.46,6.25,1.54,7.81,1.54,1.54,53.85,23.08,7.69,13.85,15.38,6.15,13.09,53.85,12.32341,2442,414,1235,250.5,12.375,0.778984845,1.36875,1812,161,19.8,0.518714666,1.36875,4017,50.5,40.25,0.147210568,1.36875,4017,1330.5,40.25,4.928471,1.3625,1785,366,17.88889,1.15971243,1.3625,1785,325,17.88889,1.1164912,1.3625,82.375,1.55,1.55,99.8092
09/07/2026 14:20:05,4.76,0,1.61,0,1.61,0,30.16,23.08,6.35,14.29,3.17,26.98,9.33,30.16,12.2903948,2135,404,1976,78.5,19.8,0.243938565,1.34375,1235,61.5,12.375,0.187966838,1.34375,1976,61,19.8,0.190508246,1.35625,1785,1164.5,17.88889,4.30767536,1.35625,3893,426.5,39,1.427927,1.28125,1946,629.5,19.5,2.26523948,1.28125,82.375,1.55,1.55,99.80919
09/07/2026 14:20:07,4.69,3.12,0,0,7.46,0,40.62,1.56,9.38,17.19,20.31,6.25,9.22,40.62,12.3282022,2914,392,1797,182,18,0.6164017,1.3625,1764,36.5,18,0.08656079,1.3625,4042,187.5,40.5,0.6648817,1.36875,4042,849.5,40.5,3.18210077,1.36875,1797,572,18,2.12150717,1.36875,4042,524.5,40.5,1.881146,1.36875,82.5,1.55,1.55,99.80921
09/07/2026 14:20:09,1.54,1.47,1.54,1.54,2.94,1.52,13.85,3.08,10.77,26.15,33.85,29.23,10.62,33.85,12.4171658,2741,420,2970,34.5,40.5,0.0900118,1.3625,1797,87.5,18,0.227208287,1.3625,1797,58,18,0.121652946,1.3625,4042,343,40.5,1.09650731,1.3625,1797,709,18,2.5001204,1.3625,4042,1285.5,40.5,4.547387,1.3625,82.5,1.55,1.55,99.80922
09/07/2026 14:20:11,10.77,0,1.54,3.08,15.38,0,20,0,18.46,32.31,7.58,3.12,9.35,32.31,11.9601164,2920,386,4042,255.5,40.5,0.886073768,1.34375,1797,34.5,18,0.210100427,1.34375,1797,352,18,1.27501655,1.35,1797,426.5,18,1.59576881,1.35,4042,1011.5,40.5,3.73194075,1.35,4042,234.5,40.5,0.6992394,1.35,82.5,1.55,1.55,99.80918
09/07/2026 14:20:13,7.81,7.81,3.12,12.31,0,0,20.31,26.15,10.94,7.81,6.25,12.5,9.59,26.15,12.2899122,3276,406,4042,254,40.5,0.744002938,1.35625,4042,330.5,40.5,1.16208279,1.35625,3933,28,40.5,0.06532018,1.36875,4042,1046.5,40.5,3.81053472,1.36875,1797,417,18,1.49126875,1.36875,1797,359,18,1.39091229,1.3625,81.75,1.55,1.55,99.80918
09/07/2026 14:20:15,1.56,1.56,9.38,42.19,18.75,21.88,51.56,54.69,6.25,3.12,0,3.12,17.84,54.69,16.0420933,2914,660,1797,91,18,0.2392243,1.33125,4042,752,40.5,2.519107,1.33125,1797,716,18,2.10429668,1.3375,4042,2170.5,40.5,6.319219,1.3375,4042,146.5,40.5,0.374949247,1.3375,1761,86,18,0.248684257,1.36875,82.875,1.55,1.55,99.80918
09/07/2026 14:20:17,10.61,1.52,27.69,30.77,26.15,16.92,78.79,69.7,7.69,4.62,4.62,1.54,23.38,78.79,17.04351,2406,776,3843,120.5,38.5,0.3303746,1.24375,1708,772,17.11111,2.39286184,1.2375,1708,571,17.11111,1.378834,1.2375,3843,2967,38.5,8.071627,1.2375,1708,147.5,17.11111,0.370280564,1.2375,1627,75.5,17.11111,0.1751517,1.2375,83.75,1.55,1.55,99.8092041
09/07/2026 14:20:19,6.25,7.81,15.62,34.38,6.25,3.12,68.75,29.69,15.62,28.12,9.38,6.25,19.27,68.75,15.2066278,2015,586,1235,175,12.375,0.545494258,1.3625,1235,557.5,12.375,2.05210686,1.3625,1945,36,19.8,0.0802618042,1.3625,1797,1884,18,6.2455883,1.3625,3918,628,39.25,2.000873,1.29375,1959,233,19.625,0.676140249,1.29375,83.875,1.55,1.55,99.80916
09/07/2026 14:20:21,0,0,1.56,41.94,0,6.35,20.31,9.38,3.12,15.62,1.56,9.38,9.1,41.94,12.11583,1916,396,1670,35,19.8,0.08870599,1.35625,1235,899,12.375,3.191455,1.35625,1048,144.5,10.5,0.5047296,1.35625,3992,656,40,2.2755723,1.3375,1774,384.5,17.7777786,1.3549279,1.3375,1774,257,17.7777786,0.917658746,1.33125,83,1.55,1.55,99.80912
09/07/2026 14:20:23,4.76,4.76,7.94,0,31.15,3.17,23.81,3.17,6.35,6.35,9.84,6.35,8.97,31.15,12.3265877,1991,408,1235,249.5,12.375,0.8546277,1.35625,1677,172.5,16.8,0.571761549,1.35625,1397,720.5,14,2.6254673,1.36875,4042,604,40.5,2.17699742,1.36875,1797,313,18,0.966970742,1.35625,1797,388,18,1.32037473,1.35625,82.125,1.55,1.55,99.80919
09/07/2026 14:20:25,11.11,4.76,3.17,7.94,7.94,15.87,44.44,3.17,4.76,28.57,11.11,4.76,12.3,44.44,13.9942951,2545,542,1797,241.5,18,0.5952238,1.3375,4042,322.5,40.5,0.8711887,1.34375,1797,410.5,18,1.21606815,1.34375,4042,1024,40.5,3.53615069,1.38125,1797,816,18,2.704546,1.38125,1797,440.5,18,1.31362045,1.38125,82.375,1.55,1.55,99.80921
09/07/2026 14:20:27,6.35,12.9,1.61,15.87,6.35,15.87,0,0,7.94,11.11,15.87,17.74,9.3,17.74,12.1503439,2870,407,1797,377,18,1.1965369,1.34375,1797,408.5,18,1.39276087,1.34375,4042,511,40.5,1.73461509,1.34375,1500,41.5,18,0.122711286,1.34375,4042,414.5,40.5,1.52032065,1.34375,4042,691,40.5,2.545039,1.36875,82.125,1.55,1.55,99.80914
09/07/2026 14:20:29,1.59,0,25.4,1.64,3.17,31.75,26.98,0,0,4.92,3.12,9.52,9.01,31.75,12.3811283,2673,416,1017,45.5,12.375,0.110243775,1.35625,1098,564.5,11,1.95395076,1.35625,4042,830.5,40.5,2.85960269,1.35625,4042,645,40.5,2.20934939,1.35625,1797,139,18,0.446118146,1.36875,4042,269,40.5,0.916431248,1.36875,81.5,1.55,1.55,99.8091354
09/07/2026 14:20:31,9.23,6.15,6.15,16.13,16.13,20,18.46,3.08,20,33.87,18.46,16.92,15.38,33.87,15.3555384,2826,637,1235,337,12.375,0.888236,1.35,4042,468,40.5,1.53406167,1.3625,1797,678.5,18,2.222381,1.3625,4042,515,40.5,1.5875814,1.35625,1797,976.5,18,2.68318319,1.35625,4042,848.5,40.5,2.68636322,1.35625,81.875,1.55,1.55,99.80918
09/07/2026 14:20:33,7.81,12.12,1.56,0,0,0,7.81,4.69,7.81,18.18,25,17.19,8.51,25,12.1113815,2541,406,1797,463.5,18,1.58295548,1.3375,4042,68.5,40.5,0.192152813,1.3375,1797,51.5,18,0.113609821,1.3375,4017,389,40.25,1.3044256,1.34375,1797,576,18,2.03918433,1.3375,1797,886,18,3.233655,1.3375,81.375,1.55,1.55,99.80919
09/07/2026 14:20:35,0,0,5.8,44.93,13.04,0,4.62,24.62,3.12,9.23,7.69,4.69,9.81,44.93,12.0046043,3246,391,1512,33,18,0.0828471,1.33125,4042,1044,40.5,3.782505,1.33125,4042,284,40.5,0.9037789,1.33125,4042,573.5,40.5,2.17015433,1.35,1797,160,18,0.5767413,1.35,4042,250.5,40.5,0.8061924,1.35,81.375,1.55,1.55,99.80922
09/07/2026 14:20:37,3.12,1.56,17.19,15.62,0,0,15.62,0,1.56,19.4,9.38,28.12,9.3,28.12,12.2071838,1902,401,1797,72.5,18,0.209622025,1.33125,4042,707.5,40.5,2.6783967,1.3375,1382,44.5,18,0.0942311138,1.3375,1397,286,14,0.9954017,1.3375,1397,492.5,14,1.73904717,1.3375,1397,804,14,2.82019329,1.3375,81.125,1.55,1.55,99.8092
09/07/2026 14:20:39,7.69,7.69,6.15,6.15,4.76,4.62,40,15.87,1.54,6.45,29.23,43.08,14.44,43.08,12.1717129,1942,401,1397,148.5,14,0.477702141,1.34375,1397,45.5,14,0.1117836,1.34375,1232,30,14,0.07357774,1.34375,1797,926,18,3.31896782,1.34375,1788,128,18,0.415419579,1.34375,4042,1127,40.5,3.92917848,1.34375,81.125,1.55,1.55,99.80923
09/07/2026 14:20:41,4.69,1.56,15.62,9.09,0,14.06,34.38,0,7.81,12.5,25,0,10.39,34.38,12.1128349,2354,399,1235,64,12.375,0.18319039,1.35,1235,429.5,12.375,1.5139451,1.35,1797,253.5,18,0.8976269,1.35,1797,657,18,2.48107362,1.34375,4042,381.5,40.5,1.43383527,1.34375,4017,608.5,40.25,2.15293717,1.35625,80.75,1.55,1.55,99.8092346
09/07/2026 14:20:43,6.35,0,1.59,3.17,12.7,1.59,41.27,22.22,7.94,9.52,6.35,6.35,9.92,41.27,12.4958849,2681,417,1235,116,12.375,0.407482058,1.275,1235,88,12.375,0.273799121,1.275,1763,267,17.666666,0.910740554,1.3,3967,1316,39.75,4.83995438,1.3,3967,417.5,39.75,1.3026166,1.3,3918,300,39.25,1.04206812,1.275,81.5,1.55,1.55,99.80923
09/07/2026 14:20:45,3.12,10.94,25,59.38,31.25,20.31,15.62,31.25,6.25,12.5,1.56,1.56,18.23,59.38,16.245409,2122,651,1797,177.5,18,0.5848003,1.34375,1797,1439,18,4.41511631,1.375,1797,858,18,2.6263268,1.375,1797,1013.5,18,3.09457779,1.375,1797,338.5,18,1.10803664,1.375,3748,81.5,40.5,0.125913262,1.375,82.75,1.55,1.55,99.80917
09/07/2026 14:20:47,1.56,3.12,28.12,40.62,10.94,21.88,26.56,21.88,23.44,17.19,21.88,10.94,19.01,40.62,16.8776131,2909,715,1797,226,18,0.542854,1.35,4017,1282.5,40.25,3.8137114,1.3625,1785,566,17.88889,1.73727489,1.3625,4017,728.5,40.25,2.291379,1.3625,4042,783,40.5,2.301427,1.35,1797,704.5,18,2.18986082,1.35,83.125,1.55,1.55,99.809166
09/07/2026 14:20:49,1.59,1.67,45.9,40.98,16.39,22.95,6.35,3.17,9.52,6.35,15.87,15.87,15.55,45.9,15.1639767,2345,612,1397,128.5,14,0.362818956,1.35625,1397,1468,14,4.304277,1.35625,1397,849,14,2.78585672,1.35625,4042,229,40.5,0.6559445,1.35625,1797,299,18,0.8157621,1.35625,4042,699.5,40.5,2.15786314,1.35625,82.625,1.55,1.55,99.8091354
09/07/2026 14:20:51,6.25,6.25,1.56,1.56,7.69,15.15,21.88,41.54,7.81,7.69,1.54,12.5,10.95,41.54,12.0854721,2853,399,1397,168.5,14,0.401787281,1.33125,1797,66,18,0.1914375,1.34375,1797,434,18,1.6128906,1.34375,4042,1203.5,40.5,4.36797333,1.34375,4042,203.5,40.5,0.694459856,1.34375,4042,320.5,40.5,1.13393736,1.34375,82.125,1.55,1.55,99.80913
09/07/2026 14:20:53,1.59,0,19.05,3.12,19.05,3.17,37.1,14.29,4.76,19.05,9.68,4.76,11.3,37.1,12.14265,2545,383,1797,70,18,0.189651191,1.35,1797,436.5,18,1.57819414,1.35,4042,393.5,40.5,1.40441656,1.35,1797,724,18,2.74695539,1.35,1797,480,18,1.81778181,1.35,4042,191.5,40.5,0.630919635,1.35,81.75,1.55,1.55,99.8092041
09/07/2026 14:20:55,10.77,3.08,3.08,3.08,18.18,4.62,3.08,66.15,3.08,9.86,3.08,1.54,10.8,66.15,12.900424,2156,435,1797,274.5,18,0.8695034,1.35,1708,44,18,0.090923965,1.35,1797,477.5,18,1.72178483,1.35625,1797,1427,18,5.37944651,1.35625,1797,244,18,0.86064595,1.35625,4042,141.5,40.5,0.294028163,1.35625,82.125,1.55,1.55,99.80916
09/07/2026 14:20:57,0,1.56,0,1.59,0,1.56,26.98,63.49,0,0,6.35,3.17,8.73,63.49,12.5331059,2533,396,3146,59,40.5,0.1914364,1.34375,1437,92,18,0.35534516,1.34375,3174,46.5,40.5,0.154318124,1.34375,1797,1871,18,7.060614,1.34375,3847,36.5,40.5,0.10229256,1.34375,1797,268,18,0.831879854,1.34375,82.5,1.55,1.55,99.809166
09/07/2026 14:20:59,7.81,1.56,0,1.56,3.08,0,10.94,6.35,7.81,15.38,35.94,15.87,8.86,35.94,11.942914,2896,396,4042,252,40.5,0.84261924,1.34375,1695,33.5,18,0.08159187,1.34375,4042,85,40.5,0.28228718,1.34375,1797,369,18,1.39884949,1.34375,4017,508.5,40.25,1.79214442,1.3375,1785,1127.5,17.88889,3.92941546,1.3375,81.75,1.55,1.55,99.8092651
09/07/2026 14:21:01,16.67,15.15,10.61,1.52,7.58,1.52,1.52,21.21,9.09,18.18,4.55,4.55,9.34,21.21,12.11769,1963,401,1397,650,14,2.28069067,1.3625,1397,285.5,14,1.01753449,1.3625,1397,196.5,14,0.700978935,1.3625,4017,582,40.25,2.04514432,1.35625,1785,586.5,17.88889,2.118202,1.35625,1785,108,17.88889,0.3307595,1.35625,81.375,1.55,1.55,99.80922
09/07/2026 14:21:03,10.77,0,1.54,0,10.94,4.69,28.12,6.15,6.15,21.54,21.54,3.12,9.55,28.12,12.1036005,2420,390,1235,224,12.375,0.686207235,1.36875,1659,36.5,18,0.0880698562,1.3625,1797,339.5,18,1.22789848,1.3625,1797,674,18,2.5181663,1.3625,4042,627,40.5,2.16454077,1.3625,3992,437,40,1.60713947,1.3625,81.125,1.55,1.55,99.809166
09/07/2026 14:21:05,1.56,3.12,3.12,3.12,3.12,1.56,29.69,43.75,3.12,14.06,10.94,20.31,11.46,43.75,13.6786327,3292,502,1784,132,18,0.305936843,1.3625,4042,147,40.5,0.484695435,1.36875,1797,92.5,18,0.267480969,1.36875,4042,1529,40.5,5.16188955,1.36875,4042,436.5,40.5,1.45240319,1.36875,4042,673,40.5,2.127336,1.36875,81.875,1.55,1.55,99.809166
09/07/2026 14:21:07,6.15,3.08,15.38,0,10.77,27.69,15.38,12.31,4.62,12.31,12.31,3.08,10.26,27.69,12.2178307,2575,409,4042,253,40.5,0.707026,1.36875,1797,346.5,18,1.23096287,1.36875,1797,664,18,2.32623339,1.36875,1976,624,19.8,2.21576619,1.36875,1797,302,18,1.10163319,1.36875,4042,264.5,40.5,0.933390439,1.35,81.125,1.55,1.55,99.8092346
09/07/2026 14:21:09,9.38,0,6.25,21.88,0,0,18.75,7.81,0,19.05,28.12,4.69,9.66,28.12,12.3206282,3133,413,3434,135.5,40.5,0.370757461,1.36875,4042,576,40.5,2.01757836,1.36875,1440,30.5,18,0.07298484,1.36875,4042,537,40.5,1.88431561,1.35,1797,430,18,1.56571209,1.35,4042,769,40.5,2.74565935,1.35,80.75,1.55,1.55,99.80918
09/07/2026 14:21:11,14.06,6.25,6.25,0,1.56,0,9.38,0,9.38,25,28.12,10.94,9.24,28.12,12.4428167,2893,417,1797,407,18,1.34369028,1.34375,4042,176.5,40.5,0.5527558,1.34375,1636,41.5,18,0.09545005,1.34375,1797,253,18,0.8893782,1.34375,4042,724,40.5,2.59035182,1.34375,4042,901,40.5,3.11886454,1.34375,81,1.55,1.55,99.8091049
09/07/2026 14:21:13,13.85,3.08,6.15,24.62,1.54,3.08,30.77,6.25,6.15,15.62,13.85,18.46,11.95,30.77,13.0353022,2905,455,4042,285,40.5,0.871944,1.36875,4017,525.5,40.25,1.87660086,1.35625,1785,134.5,17.88889,0.350802481,1.35625,1785,646,17.88889,2.48838854,1.35625,1785,482,17.88889,1.67475986,1.35625,4017,659,40.25,2.15087581,1.35625,80.875,1.55,1.55,99.8092
09/07/2026 14:21:15,12.5,7.81,37.5,40.62,4.69,7.81,29.69,21.88,50,43.75,12.5,12.5,23.44,50,18.4076881,3564,896,4042,452.5,40.5,1.1665113,1.35,4042,1516,40.5,4.1830945,1.35,3868,272.5,38.75,0.7729759,1.25625,3843,918.5,38.5,2.29199314,1.26875,3868,1804.5,38.75,4.89432669,1.2625,1719,410,17.2222214,1.11810279,1.2625,82.5,1.55,1.55,99.80921
09/07/2026 14:21:17,9.23,4.62,10.77,30.77,50.77,46.15,20,15.38,27.69,24.62,6.15,7.69,21.15,50.77,16.8147411,2920,750,1797,314,18,0.77232933,1.35,4042,795,40.5,2.349511,1.35625,4042,1695,40.5,4.78909349,1.35625,4042,548,40.5,1.544314,1.3625,1797,917.5,18,2.36242628,1.3625,1797,232.5,18,0.5866038,1.3625,83.375,1.55,1.55,99.80917
09/07/2026 14:21:19,3.17,0,3.17,38.1,0,0,77.78,15.87,6.35,1.59,11.11,15.87,14.42,77.78,14.9661665,3054,580,923,107.5,12.375,0.28413406,1.33125,1235,404,12.375,1.47571862,1.33125,4042,86,40.5,0.234171331,1.275,4042,2087.5,40.5,6.62394333,1.275,4042,194.5,40.5,0.6033437,1.275,4042,601,40.5,1.65427244,1.275,83.375,1.55,1.55,99.80922
09/07/2026 14:21:21,12.31,3.08,6.15,6.15,16.92,26.15,12.31,1.54,3.08,12.31,20,46.15,13.85,46.15,12.0098667,3294,390,1797,171,18,0.5736534,1.34375,1797,58,18,0.166479886,1.34375,4042,716,40.5,2.58636713,1.34375,4042,198.5,40.5,0.635420442,1.35,4042,263.5,40.5,0.9113481,1.35,4042,935,40.5,3.41274428,1.35,82.625,1.55,1.55,99.809166
09/07/2026 14:21:23,1.56,3.12,1.56,1.56,6.25,21.88,29.69,46.88,4.69,6.25,4.69,1.56,10.81,46.88,12.3170471,2828,398,1797,65.5,18,0.300084352,1.35,1327,20.5,18,0.0519141741,1.35,4042,480.5,40.5,1.77497959,1.35,1797,1598.5,18,5.966888,1.35,3965,136.5,40.5,0.384732,1.35,4042,88.5,40.5,0.138306111,1.35,82.125,1.55,1.55,99.809166
09/07/2026 14:21:25,22.22,6.35,6.35,4.76,11.29,9.68,4.76,55.56,9.52,14.29,12.7,6.35,13.65,55.56,13.7871571,2682,546,1397,527,14,1.61207688,1.36875,1397,196.5,14,0.423651665,1.36875,1397,460,14,1.3891089,1.36875,3967,1307,39.75,4.458685,1.3125,3967,348.5,39.75,0.8804139,1.3125,3967,435,39.75,1.17058027,1.3125,81.75,1.55,1.55,99.80913
09/07/2026 14:21:27,33.33,12.7,0,1.59,1.59,0,4.76,0,4.69,15.87,12.7,29.69,9.74,33.33,12.09164,2301,410,4042,940,40.5,3.26848936,1.35,1529,52.5,18,0.121363118,1.35,4042,56.5,40.5,0.118302569,1.3625,1397,75.5,14,0.176617607,1.3625,1397,375,14,1.38618648,1.3625,1397,963.5,14,3.33786869,1.35625,81.25,1.55,1.55,99.80919
09/07/2026 14:21:29,7.81,0,4.69,0,3.12,4.69,18.75,9.38,15.62,20.31,6.25,23.44,9.51,23.44,12.2387972,2388,398,4042,134,40.5,0.4657819,1.36875,1797,140,18,0.445380241,1.36875,4042,129.5,40.5,0.3533783,1.3625,1976,583.5,19.8,2.2033608,1.3625,1235,737,12.375,2.78578377,1.3625,1235,663,12.375,2.167012,1.3625,81.25,1.55,1.55,99.8092
09/07/2026 14:21:31,7.58,0,13.64,7.58,0,1.52,37.88,1.52,6.06,6.06,15.15,16.92,9.49,37.88,12.3974028,3294,415,4042,196.5,40.5,0.6377869,1.3375,4042,436.5,40.5,1.530938,1.35,1797,139.5,18,0.3863869,1.35,4042,763.5,40.5,2.872332,1.35625,1797,248.5,18,0.857278,1.35625,4042,703,40.5,2.44484878,1.35625,80.75,1.55,1.55,99.8092
09/07/2026 14:21:33,27.69,13.85,7.69,3.08,1.54,1.54,21.54,36.92,3.08,13.85,0,10.77,11.79,36.92,11.92327,1966,386,1235,694.5,12.375,2.47111869,1.35625,1235,123.5,12.375,0.396562755,1.35625,1737,23,19.8,0.05693829,1.35625,4017,1040,40.25,3.751374,1.3375,1785,325.5,17.88889,1.16437244,1.3375,1785,112.5,17.88889,0.3516087,1.35,81,1.55,1.55,99.80919
09/07/2026 14:21:35,3.08,16.92,0,4.62,0,0,13.85,36.92,4.62,13.85,18.46,4.62,9.74,36.92,12.2201509,2316,399,1397,427,14,1.49621594,1.36875,1726,98.5,18,0.311308175,1.36875,3277,23,40.5,0.05390965,1.36875,3967,1100,39.75,4.070316,1.34375,1763,323,17.666666,1.13074756,1.34375,1763,420.5,17.666666,1.512277,1.34375,81.125,1.55,1.55,99.80914
09/07/2026 14:21:37,3.03,19.12,1.52,2.94,16.18,5.88,13.64,13.64,1.52,1.52,18.18,25.76,10.24,25.76,12.1844425,2879,400,4042,490,40.5,1.61475325,1.36875,3800,52.5,40.5,0.11240048,1.36875,1797,376.5,18,1.35501385,1.36875,1797,515,18,1.922127,1.36875,1797,82.5,18,0.208178326,1.36875,4042,886.5,40.5,3.26468539,1.35625,80.75,1.55,1.55,99.80921
09/07/2026 14:21:39,1.54,1.54,1.54,0,7.94,0,30.77,33.33,4.62,16.92,24.62,4.62,10.62,33.33,12.1716137,2291,399,1071,48.5,14,0.151955768,1.35,1397,56.5,14,0.164798588,1.35,1397,147.5,14,0.5428393,1.35,1797,1278,18,4.693232,1.35,4042,281.5,40.5,0.9719504,1.35,4042,583,40.5,1.94550216,1.35,80.75,1.55,1.55,99.80919
09/07/2026 14:21:41,7.94,0,36.51,1.64,1.59,0,1.59,11.11,1.59,15.87,20.63,9.52,9,36.51,11.8176317,1918,388,1397,189,14,0.670756161,1.34375,1397,774,14,2.81025863,1.34375,1079,21,14,0.06841904,1.34375,1797,301.5,18,1.06369722,1.35,1797,377.5,18,1.39436615,1.35,4042,663,40.5,2.27198,1.35,80.125,1.55,1.55,99.809166
09/07/2026 14:21:43,0,3.23,1.59,17.46,0,11.29,3.17,0,6.35,8.06,26.98,25.4,8.63,26.98,11.844368,2341,396,1397,106.5,14,0.203839958,1.35,1397,441.5,14,1.51165414,1.35,1397,252,14,0.8722554,1.35,1797,82,18,0.1842325,1.35,4042,374,40.5,1.27818322,1.3625,4017,1122,40.25,4.0254693,1.31875,80.125,1.55,1.55,99.80918
09/07/2026 14:21:45,20.63,20.63,14.29,39.68,4.76,1.59,42.86,61.9,6.35,1.59,1.59,0,17.99,61.9,16.24144,3190,670,1797,807.5,18,2.23965168,1.36875,3967,754,39.75,2.5177362,1.34375,1763,129.5,17.666666,0.3705282,1.31875,3967,2136,39.75,6.48817539,1.31875,3992,122,40,0.3514661,1.31875,3656,73,40,0.183969349,1.3125,81.5,1.55,1.55,99.80914
09/07/2026 14:21:47,13.85,15.15,24.62,38.46,13.85,3.08,32.31,32.31,6.25,7.69,15.62,33.85,19.75,38.46,16.2010975,2920,676,4042,480,40.5,1.28071284,1.34375,4042,858.5,40.5,2.77046633,1.34375,1797,249,18,0.6811869,1.34375,1797,1150,18,3.31429839,1.34375,1797,315,18,0.8875881,1.34375,4042,1002,40.5,3.07306457,1.34375,81.375,1.55,1.55,99.80919
09/07/2026 14:21:49,14.29,19.35,7.94,31.75,1.61,4.76,19.05,49.21,7.94,9.68,1.61,6.35,14.46,49.21,14.6825581,2715,554,1397,766.5,14,2.107481,1.35,1397,503,14,1.71811247,1.35,1397,101.5,14,0.382851183,1.35,4017,1447,40.25,4.92426157,1.35,4042,364.5,40.5,1.03038061,1.35625,4042,140,40.5,0.3535399,1.35625,82.375,1.55,1.55,99.80914
09/07/2026 14:21:51,13.85,18.75,8.06,1.61,24.62,3.08,21.54,15.38,6.15,7.81,1.52,0,10.2,24.62,11.9184809,2350,394,1797,587,18,2.054647,1.36875,1797,165.5,18,0.5634948,1.36875,4042,561,40.5,1.94419718,1.36875,3992,717.5,40,2.5929184,1.3375,1235,286.5,12.375,1.056264,1.34375,1235,49,12.375,0.09381603,1.34375,81.625,1.55,1.55,99.80922
09/07/2026 14:21:53,15.38,12.5,6.06,9.52,3.12,1.56,10.77,15.38,4.62,30.3,17.19,7.69,11.18,30.3,11.9091415,1955,395,1397,461.5,14,1.627861,1.3625,1397,199,14,0.6830363,1.3625,1397,85,14,0.192967728,1.3625,3992,436,40,1.52052641,1.325,1774,697.5,17.7777786,2.61503673,1.325,1774,493.5,17.7777786,1.69881678,1.325,82.125,1.55,1.55,99.8091354
09/07/2026 14:21:55,10.77,4.69,1.54,1.54,23.44,0,26.15,17.19,4.62,9.23,12.31,6.15,9.8,26.15,12.3835411,2482,430,1797,208,18,0.652128458,1.33125,4042,183,40.5,0.496616781,1.35,1797,499.5,18,1.74460828,1.35,1976,893.5,19.8,3.20095158,1.35,1235,305.5,12.375,1.00736117,1.35,4042,492.5,40.5,1.62173736,1.35,81.875,1.55,1.55,99.80921
09/07/2026 14:21:57,3.12,1.56,22.22,9.84,1.56,1.59,18.75,31.25,7.81,15.62,20.31,9.38,11.92,31.25,12.0174789,1766,388,1030,24,14,0.0609247051,1.3625,1397,592,14,2.08642888,1.3625,1135,26.5,14,0.05915156,1.3625,4017,947.5,40.25,3.4760735,1.35625,1785,328.5,17.88889,1.22314954,1.35625,1235,406.5,12.375,1.43098557,1.35,81.625,1.55,1.55,99.80928
09/07/2026 14:21:59,12.7,14.29,0,0,1.56,43.75,0,6.35,1.59,23.44,0,4.76,9.04,43.75,12.137599,1982,396,1976,539.5,19.8,1.92857182,1.34375,1235,31.5,12.375,0.0737392455,1.34375,1235,968.5,12.375,3.44250441,1.34375,1715,153,18,0.516242,1.35,4042,556,40.5,2.093112,1.35,1686,130.5,18,0.454150051,1.35,81.5,1.55,1.55,99.8092346
09/07/2026 14:22:01,4.69,6.45,3.08,12.31,4.69,1.59,15.62,20.31,7.69,4.62,3.08,37.5,10.14,37.5,11.9856434,2918,390,1797,145.5,18,0.571139753,1.34375,4042,271,40.5,0.893802762,1.34375,1785,63.5,17.88889,0.188316539,1.34375,1797,764,18,2.78353262,1.35,4042,229,40.5,0.8284114,1.35,4042,864.5,40.5,3.1413765,1.35,81.125,1.55,1.55,99.80912
09/07/2026 14:22:03,7.69,18.46,28.12,15.38,0,0,0,7.69,6.15,27.69,3.08,4.69,9.91,28.12,12.0229874,2604,408,1235,543.5,12.375,1.84683383,1.3625,1235,865,12.375,2.979589,1.3625,1827,33,19.8,0.0736647844,1.3625,3510,161,40.25,0.539974868,1.375,3942,796.5,39.5,2.88254833,1.275,3877,50,39.5,0.220504314,1.275,81.375,1.55,1.55,99.8091354
09/07/2026 14:22:05,4.69,6.25,31.25,4.69,10.94,0,37.5,7.81,7.81,7.58,1.59,1.56,10.14,37.5,12.3188925,2920,410,4042,264,40.5,0.8952794,1.3375,1797,776,18,2.61328959,1.3375,1797,228.5,18,0.7611953,1.35,4042,887,40.5,3.30682921,1.35,4042,234,40.5,0.712237537,1.35,1797,67.5,18,0.299290925,1.35,80.875,1.55,1.55,99.8092041
09/07/2026 14:22:07,1.56,1.56,0,0,1.56,6.25,20.31,32.81,0,14.06,7.81,39.06,10.42,39.06,12.2180243,2795,388,1289,26.5,18,0.06873871,1.3375,1797,36,18,0.080023475,1.3375,3805,146,40.5,0.541536152,1.3375,4042,853,40.5,3.142343,1.3375,4042,352.5,40.5,1.269746,1.3625,1797,911.5,18,3.259568,1.3625,81,1.55,1.55,99.8092346
09/07/2026 14:22:09,1.59,21.88,9.52,1.61,32.81,0,1.56,3.28,6.35,20,7.94,15.62,10.18,32.81,11.9328308,2545,397,1797,492.5,18,1.74259114,1.34375,1797,226,18,0.8310064,1.34375,4042,763.5,40.5,2.64444256,1.34375,1797,59,18,0.202167332,1.325,1797,437,18,1.607207,1.325,4042,406,40.5,1.37463212,1.325,80.5,1.55,1.55,99.80919
09/07/2026 14:22:11,3.17,1.52,12.5,7.58,1.56,1.52,31.75,22.22,3.17,17.46,12.5,7.94,10.24,31.75,12.2680464,2418,404,1418,69.5,18,0.09904603,1.35625,1797,365,18,1.21093917,1.35,4042,61,40.5,0.172026768,1.35,1976,1081,19.8,4.12463951,1.35,1235,425.5,12.375,1.48860335,1.35,4042,421,40.5,1.48131275,1.34375,80.75,1.55,1.55,99.80921
09/07/2026 14:22:13,0,0,0,0,0,0,26.98,34.92,3.17,20.63,15.87,1.59,8.6,34.92,12.0582867,2227,386,1007,28,14,0.0752337649,1.35625,1064,44,14,0.109433711,1.35625,1409,18.5,18,0.0411717147,1.3625,4042,1303,40.5,4.849947,1.3625,4042,578,40.5,2.02248383,1.3625,1797,347,18,1.21321535,1.35,81,1.55,1.55,99.8092041
09/07/2026 14:22:15,20.31,9.38,6.25,29.69,14.06,14.06,60.94,57.81,12.5,9.38,3.12,9.38,20.57,60.94,16.8837147,3294,732,4042,482.5,40.5,1.508596,1.33125,1797,385.5,18,1.25502276,1.33125,4042,404.5,40.5,1.17621291,1.33125,4042,2360.5,40.5,6.92904425,1.33125,4042,459.5,40.5,1.41708732,1.375,1797,301,18,0.845595837,1.375,82.375,1.55,1.55,99.8092041
09/07/2026 14:22:17,14.06,6.25,28.12,34.38,15.62,10.94,46.88,54.69,9.38,10.94,18.75,14.06,22.01,54.69,17.7062225,2527,807,1785,340.5,17.88889,0.989637,1.35625,4042,1040.5,40.5,3.1319375,1.375,1797,409,18,1.19802248,1.375,3992,1994,40,5.57941675,1.35625,1774,453,17.7777786,1.2603153,1.35625,1774,607.5,17.7777786,1.58638787,1.35625,83,1.55,1.55,99.80915
09/07/2026 14:22:19,1.54,1.56,16.92,46.15,9.23,3.12,16.92,26.15,10.77,25.4,3.08,16.92,14.81,46.15,14.1329966,1925,543,1522,55.5,18,0.138981134,1.34375,4042,1287.5,40.5,3.8284018,1.3625,1797,168,18,0.5363791,1.34375,1397,759.5,14,2.43893623,1.34375,1397,566,14,1.76478994,1.34375,1397,421,14,1.38440776,1.34375,83,1.55,1.55,99.80921
09/07/2026 14:22:21,0,0,0,0,1.56,3.12,20.31,7.81,4.69,18.75,25,28.12,9.11,28.12,12.0195093,2287,389,1005,30,14,0.08564797,1.34375,1041,22.5,14,0.05030578,1.34375,1797,123.5,18,0.418752581,1.35,4042,612,40.5,2.23815775,1.35,1797,443.5,18,1.62936652,1.35,4042,1103,40.5,3.824206,1.375,82.375,1.55,1.55,99.80917
09/07/2026 14:22:23,3.08,7.69,6.15,3.08,20,20,3.08,3.17,4.62,19.7,9.38,9.23,9.1,20,12.1365938,2470,404,1397,197.5,14,0.6490182,1.3625,4017,221,40.25,0.686494946,1.35,1785,800,17.88889,2.906208,1.35,1785,210.5,17.88889,0.670539,1.35,4042,582.5,40.5,2.16464138,1.3625,1797,410,18,1.4931,1.3625,81.875,1.55,1.55,99.8091049
09/07/2026 14:22:25,23.81,13.43,9.52,19.35,9.52,24.19,42.86,29.03,19.05,31.75,23.81,17.46,21.98,42.86,14.1398916,2378,592,1235,275,12.375,0.5778882,1.34375,1235,357.5,12.375,0.884910464,1.34375,1976,384,19.8,1.03832972,1.34375,1785,1122,17.88889,3.51738119,1.34375,4017,861.5,40.25,2.63114738,1.35625,4017,551.5,40.25,1.54268122,1.35625,81.875,1.55,1.55,99.80921
09/07/2026 14:22:27,14.29,1.59,9.52,23.44,15.87,13.85,4.76,6.35,15.87,23.53,6.45,6.35,11.82,23.53,13.76436,2545,536,4042,474,40.5,1.45887184,1.29375,1797,623,18,1.90862119,1.29375,1797,658,18,2.1567874,1.29375,4042,269.5,40.5,0.711955,1.35625,1797,812,18,2.66965914,1.35625,1797,377,18,1.14449489,1.35625,81.125,1.55,1.55,99.80917
09/07/2026 14:22:29,6.25,13.64,3.12,1.56,1.56,3.12,29.69,22.73,9.38,14.06,7.81,26.56,11.62,29.69,12.5969744,1916,436,1235,370,12.375,1.23746443,1.35,1118,38.5,12.375,0.08893479,1.35,1510,28.5,18,0.0624240451,1.35,1797,963,18,3.38722253,1.34375,1797,538.5,18,1.90391052,1.34375,4042,677,40.5,2.183542,1.3375,81,1.55,1.55,99.8092346
09/07/2026 14:22:31,1.52,1.52,0,0,1.52,1.52,19.7,34.85,9.09,25.76,10.61,7.58,9.47,34.85,12.4449072,2255,401,4042,116,40.5,0.287792534,1.35625,1257,21.5,18,0.0526786,1.34375,4042,44,40.5,0.2105816,1.34375,1397,1145.5,14,4.272149,1.34375,1397,677.5,14,2.47537947,1.34375,1397,404,14,1.33651137,1.3375,81.625,1.55,1.55,99.80921
09/07/2026 14:22:33,9.38,4.69,6.25,3.12,4.69,7.69,55.38,53.85,10.77,10.77,10.77,15.38,16.06,55.38,12.9976768,3834,486,3681,107,39.25,0.219856709,1.29375,3700,95.5,39.25,0.193801418,1.29375,3918,141.5,39.25,0.332691938,1.29375,3918,2127,39.25,7.616286,1.29375,3893,190,39,0.399385124,1.29375,3893,252.5,39,0.729387641,1.28125,82,1.55,1.55,99.80924
09/07/2026 14:22:35,1.59,1.56,0,16.67,0,44.44,15.87,15.38,1.59,6.35,3.23,3.17,9.15,44.44,12.1962175,2313,409,1238,78.5,14,0.235497251,1.3625,1397,358,14,1.21528053,1.3625,1397,968.5,14,3.50323272,1.3625,4042,628.5,40.5,2.36419988,1.3625,4017,300.5,40.25,0.9188858,1.35625,1785,122,17.88889,0.447135717,1.35625,81.75,1.55,1.55,99.8092041
09/07/2026 14:22:37,4.76,6.15,4.76,12.7,7.94,40.98,23.81,1.59,12.7,12.7,12.7,12.7,12.79,40.98,14.4246273,2856,575,4042,279,40.5,0.7705586,1.34375,4042,446.5,40.5,1.34084916,1.3625,1797,1061.5,18,3.30798221,1.3625,1976,508,19.8,1.50832152,1.3625,1235,587,12.375,1.88823569,1.3625,4042,567.5,40.5,1.83085251,1.3125,81,1.55,1.55,99.8092041
09/07/2026 14:22:39,12.5,9.84,0,0,0,0,12.5,14.75,7.81,28.12,18.75,4.69,9.08,28.12,12.1418552,1895,401,1235,505,12.375,1.72932494,1.36875,1176,29,12.375,0.0656882748,1.36875,1505,22,19.8,0.046448715,1.36875,1785,558,17.88889,2.03778458,1.36875,3918,830,39.25,3.04670668,1.275,1752,464.5,17.5555553,1.57181311,1.275,81.25,1.55,1.55,99.8092
09/07/2026 14:22:41,4.76,0,0,0,0,8.33,33.33,25.4,1.59,26.32,1.59,4.76,8.84,33.33,12.1098652,1903,386,1397,152,14,0.5219537,1.35625,1025,19,14,0.0454536676,1.35625,1362,154,14,0.66429317,1.35625,4042,1295.5,40.5,4.86444139,1.3625,1797,492.5,18,1.89322591,1.35625,1797,203,18,0.5818746,1.35625,81.5,1.55,1.55,99.80922
09/07/2026 14:22:43,4.69,1.72,12.5,18.75,6.25,17.19,21.88,10.94,3.12,31.75,7.81,18.75,12.95,31.75,13.1861057,2154,458,1397,110,14,0.297207981,1.3625,2096,476,21,1.54553056,1.3625,1797,255,18,0.8395208,1.3625,4042,717,40.5,2.39646888,1.3625,1797,713,18,2.58982968,1.35625,1797,475.5,18,1.55812,1.35625,81.25,1.55,1.55,99.8092346
09/07/2026 14:22:45,12.7,12.7,28.57,38.1,44.44,46.03,77.78,52.38,17.46,23.81,23.81,25.4,33.6,77.78,19.4344234,2908,1035,1727,385,18,0.7813672,1.36875,4042,786,40.5,1.91048741,1.36875,4042,1096,40.5,2.36131716,1.36875,4042,2330,40.5,6.090008,1.36875,1797,677.5,18,1.40431178,1.36875,1797,938,18,2.31993842,1.36875,82.375,1.55,1.55,99.8091354
09/07/2026 14:22:47,4.69,3.12,21.88,26.56,28.12,9.38,17.19,10.94,12.5,17.19,26.56,35.94,17.84,35.94,15.8463011,2920,682,1797,131.5,18,0.331837684,1.35625,4042,1010.5,40.5,2.95980573,1.35625,4042,790,40.5,2.329692,1.35625,4042,444.5,40.5,1.21972859,1.3625,1797,510,18,1.38922608,1.36875,1797,1206.5,18,3.28377581,1.36875,82.375,1.55,1.55,99.80922
09/07/2026 14:22:49,6.35,6.25,9.52,17.46,1.59,39.68,19.05,26.98,3.17,3.17,6.35,19.05,13.22,39.68,14.075592,2014,527,4042,271.5,40.5,0.9361232,1.35625,1797,410,18,1.22611618,1.35625,1797,791,18,2.8105104,1.3375,1235,900.5,12.375,2.48392034,1.3375,1235,123,12.375,0.395838,1.3375,1976,666.5,19.8,2.06155348,1.3375,82.875,1.55,1.55,99.80921
09/07/2026 14:22:51,4.69,15.62,6.25,18.75,0,6.25,15.62,3.12,4.69,9.38,21.88,23.44,10.81,23.44,12.0262833,2380,392,1976,326,19.8,1.16797912,1.33125,1235,398,12.375,1.4138478,1.33125,1189,59.5,13.833333,0.11528939,1.33125,1797,228.5,18,0.8395042,1.3375,4042,311.5,40.5,1.136819,1.3375,4042,1029.5,40.5,3.58283567,1.3375,82,1.55,1.55,99.80917
09/07/2026 14:22:53,9.38,1.56,25,1.56,7.81,9.38,6.25,26.56,14.06,10.94,10.94,23.44,12.24,26.56,13.4142351,3281,506,1797,228.5,18,0.674488962,1.35,1797,494,18,1.73177993,1.3625,4042,370.5,40.5,1.0716691,1.3625,4017,704.5,40.25,2.44971538,1.35,4017,581,40.25,1.87543988,1.35,4017,657.5,40.25,2.12730074,1.35,81.625,1.55,1.55,99.809166
09/07/2026 14:22:55,10.94,15.62,18.75,3.12,10.94,7.81,3.12,1.56,10.94,15.62,18.75,9.38,10.55,18.75,12.2916174,2171,428,1797,553.5,18,1.90104949,1.34375,1797,448,18,1.67529809,1.34375,4042,341,40.5,1.15018,1.34375,1797,101.5,18,0.282544822,1.34375,1797,542,18,1.77794576,1.34375,1797,582.5,18,1.98937321,1.34375,80.875,1.55,1.55,99.80922
09/07/2026 14:22:57,18.46,21.54,16.92,7.69,3.08,1.54,29.23,6.15,10.77,33.33,6.15,7.69,13.55,33.33,12.2757854,2525,391,1797,564,18,2.03929186,1.35625,1797,253,18,0.9166285,1.35625,3929,36,40.5,0.08161099,1.36875,4042,653,40.5,2.46598983,1.375,1797,716,18,2.60890555,1.375,1786,123,18,0.452913046,1.375,81.375,1.55,1.55,99.80921
09/07/2026 14:22:59,3.08,1.59,1.61,1.61,7.94,12.9,27.69,20,10.77,24.62,6.15,4.62,10.21,27.69,12.4288921,2680,424,1161,58.5,14,0.138656,1.35,1397,95,14,0.248914167,1.35,1397,447.5,14,1.57244909,1.35,4042,1012.5,40.5,3.659855,1.35,4042,713,40.5,2.621484,1.35,4042,217,40.5,0.6484218,1.35,81.625,1.55,1.55,99.80914
09/07/2026 14:23:01,7.81,10.94,0,0,1.56,1.56,12.5,28.12,3.12,26.56,15.62,4.69,9.38,28.12,12.175458,2915,393,1797,400.5,18,1.42844462,1.33125,1797,32.5,18,0.08668483,1.33125,4042,41,40.5,0.09056172,1.33125,1797,805,18,3.04673553,1.33125,4042,637,40.5,2.368825,1.33125,4017,441,40.25,1.55031383,1.35625,81.25,1.55,1.55,99.8092041
09/07/2026 14:23:03,7.81,6.25,17.19,9.38,18.46,6.06,31.25,12.5,9.38,10.94,26.56,37.5,16.11,37.5,13.4294977,2545,499,1797,179,18,0.481680781,1.34375,4042,372,40.5,1.20475519,1.35625,1797,388,18,1.18519413,1.35625,1797,712,18,2.467518,1.35625,4042,327,40.5,0.948723,1.3625,1797,1015,18,3.38993835,1.3625,81.25,1.55,1.55,99.80918
09/07/2026 14:23:05,6.15,1.54,3.08,4.69,4.69,1.59,52.31,3.08,9.23,20,16.92,6.45,10.81,52.31,12.0831718,1928,396,1464,30,19.8,0.0950839445,1.35625,1334,130,14,0.388179183,1.35625,1279,35.5,14,0.08923792,1.3625,1797,1106,18,4.117726,1.3625,3942,669,39.5,2.36295366,1.3125,1752,403,17.5555553,1.46810734,1.3125,81.125,1.55,1.55,99.8092346
09/07/2026 14:23:07,7.69,3.08,13.85,0,3.08,1.54,9.23,24.62,4.62,22.06,4.62,21.54,9.66,24.62,11.9590387,2545,391,1797,89,18,0.202177152,1.36875,1797,327.5,18,1.13888991,1.36875,4042,126,40.5,0.4149303,1.36875,1797,729,18,2.65319014,1.36875,4042,529,40.5,1.95519042,1.36875,1797,544,18,1.98466241,1.375,81.125,1.55,1.55,99.8092041
09/07/2026 14:23:09,4.62,11.27,3.08,1.54,15.38,10.94,16.92,13.85,7.69,13.85,16.92,3.08,9.93,16.92,11.9054327,2545,399,1797,341.5,18,1.17362332,1.36875,1797,68,18,0.185715392,1.36875,4042,522.5,40.5,1.879491,1.36875,1797,631,18,2.24384046,1.36875,4042,460,40.5,1.46445107,1.36875,1797,368.5,18,1.28783143,1.36875,80.5,1.55,1.55,99.80921
09/07/2026 14:23:11,14.06,9.38,23.44,23.44,15.62,17.19,1.56,1.54,0,1.56,0,0,8.98,23.44,11.5496235,3072,390,4042,497,40.5,1.67062724,1.35,4042,995.5,40.5,3.602788,1.3625,1797,672,18,2.40350127,1.3625,3227,64.5,40.5,0.194179744,1.3625,4042,90,40.5,0.279407859,1.3375,1281,23.5,18,0.05990216,1.3375,80.25,1.55,1.55,99.80918
09/07/2026 14:23:13,12.7,3.17,1.59,1.59,3.17,0,14.29,73.02,1.56,7.94,7.94,6.35,11.11,73.02,12.94574,3290,448,4042,323.5,40.5,1.02694285,1.3375,4042,119,40.5,0.288127333,1.35625,1797,112.5,18,0.30206582,1.35625,1797,1777,18,6.52802229,1.35625,4042,199.5,40.5,0.61767596,1.35625,4017,157,40.25,0.5007267,1.35625,80.625,1.55,1.55,99.80922
09/07/2026 14:23:15,17.19,4.69,3.12,6.25,10.94,12.5,73.44,50,28.12,11.11,9.38,1.56,19.02,73.44,16.1851463,2537,714,1797,288,18,0.969455361,1.35,1797,193.5,18,0.5625999,1.35,4042,415,40.5,1.246037,1.35,4017,2230,40.25,6.155715,1.35,1785,911,17.88889,2.51664662,1.35,1785,246,17.88889,0.7271177,1.35,82.625,1.55,1.55,99.80918
09/07/2026 14:23:17,1.56,0,21.88,45.31,10.94,7.81,57.81,17.19,14.06,7.81,32.81,18.75,19.66,57.81,16.8159771,2854,668,1501,55.5,17.88889,0.140660048,1.36875,4017,932.5,40.25,3.38919258,1.35625,1785,249.5,17.88889,0.753735244,1.35625,4017,1264,40.25,4.08395863,1.35625,1785,429.5,17.88889,1.23553455,1.35625,4017,1077,40.25,3.48267841,1.35625,83,1.55,1.55,99.80922
09/07/2026 14:23:19,14.06,3.12,21.88,50,18.75,17.19,14.06,6.25,7.81,23.44,17.19,9.38,16.93,50,15.2353411,2851,628,1397,384,14,0.9657367,1.3375,1785,1317.5,17.88889,4.265627,1.34375,4042,829,40.5,2.48348665,1.3375,1797,341,18,0.9975724,1.3375,4042,538.5,40.5,1.67612267,1.3375,4042,360,40.5,0.9859236,1.3375,82.5,1.55,1.55,99.80916
09/07/2026 14:23:21,0,1.56,21.88,25,6.25,1.56,12.5,14.06,1.56,0,25,1.56,9.24,25,11.9715748,2859,387,1436,34,18,0.07640151,1.34375,4042,932.5,40.5,3.425917,1.34375,4042,184,40.5,0.6413605,1.34375,1797,483.5,18,1.76679063,1.34375,4042,175,40.5,0.4675558,1.34375,1797,515.5,18,1.883351,1.34375,81.5,1.55,1.55,99.80916
09/07/2026 14:23:23,23.81,1.59,6.35,15.38,0,4.76,14.29,10.77,14.29,9.52,11.11,14.29,10.51,23.81,12.5266943,1968,441,1235,490.5,12.375,1.62475133,1.34375,1235,470,12.375,1.61862564,1.34375,1705,113,18,0.39758417,1.35625,1797,527,18,1.85552621,1.35625,1797,424,18,1.31534147,1.35625,4042,623,40.5,1.93153024,1.3375,81.5,1.55,1.55,99.80914
09/07/2026 14:23:25,4.69,2.99,3.12,10.94,9.38,3.08,40.62,37.5,4.69,4.69,10.94,6.25,11.57,40.62,13.3245783,2171,498,1797,151,18,0.274332464,1.34375,1797,347,18,0.9430962,1.34375,1797,235,18,0.6198273,1.34375,1797,1591,18,5.72444773,1.34375,1797,186.5,18,0.423436671,1.34375,4042,478.5,40.5,1.34022188,1.35,81,1.55,1.55,99.80919
09/07/2026 14:23:27,11.11,0,1.59,1.59,63.49,17.46,4.76,1.59,3.17,3.17,4.76,14.29,10.58,63.49,11.6718531,3130,386,1797,213.5,18,0.7147708,1.35625,4042,37.5,40.5,0.0872031152,1.35625,4042,1647.5,40.5,5.948462,1.35625,1361,25.5,18,0.06806149,1.34375,3497,23.5,40.5,0.0556417331,1.34375,4042,371,40.5,1.21192122,1.34375,79.875,1.55,1.55,99.8092
09/07/2026 14:23:29,10.94,0,1.56,4.69,12.5,21.21,12.5,18.75,17.19,15.15,6.25,20.31,11.75,21.21,13.8447933,2375,530,1235,268.5,12.375,0.79571104,1.35,1235,253.5,12.375,0.670727253,1.35,1976,649.5,19.8,2.11177635,1.35,1797,629.5,18,2.05532622,1.35,3967,742.5,39.75,2.442152,1.2875,4042,637.5,40.5,1.984832,1.35625,80.5,1.55,1.55,99.80917
09/07/2026 14:23:31,1.59,1.59,1.59,3.17,0,7.94,1.59,14.29,3.17,15.87,44.44,19.05,9.52,44.44,12.64895,2483,423,1423,115,18,0.315547675,1.3625,1797,79.5,18,0.202694491,1.3625,4042,245.5,40.5,0.8388751,1.375,1797,361.5,18,1.25196362,1.36875,4042,365,40.5,1.30639064,1.36875,1797,1374,18,5.009853,1.36875,80.5,1.55,1.55,99.80919
09/07/2026 14:23:33,10.94,1.56,3.12,23.44,1.56,0,3.12,1.56,6.25,26.56,26.56,20.31,10.42,26.56,12.1333294,2077,401,2470,196.5,24.75,0.6457541,1.35625,4042,565,40.5,1.98337185,1.36875,1504,33,18,0.0778691,1.36875,1976,95,19.8,0.275362462,1.36875,1235,552,12.375,1.92317,1.36875,1235,965.5,12.375,3.444518,1.36875,80.875,1.55,1.55,99.80917
09/07/2026 14:23:35,7.81,0,3.12,0,26.56,6.25,9.38,32.81,1.56,20.31,1.56,4.69,9.51,32.81,11.9540777,3294,396,1797,113,18,0.3506405,1.35625,4042,94,40.5,0.2934994,1.375,4042,659.5,40.5,2.37711239,1.375,4042,939.5,40.5,3.34298563,1.375,4042,440.5,40.5,1.56112611,1.375,1797,128,18,0.421676368,1.35,80.875,1.55,1.55,99.8091354
09/07/2026 14:23:37,7.81,0,3.12,0,3.12,6.25,7.81,31.25,17.19,25,25,9.38,11.33,31.25,12.2467937,2518,406,1797,60.5,18,0.191562653,1.33125,1635,33.5,18,0.08169883,1.33125,4042,187,40.5,0.562159956,1.35625,1797,685,18,2.51258969,1.34375,1797,806.5,18,2.983362,1.35625,4042,661,40.5,2.374065,1.35625,81.125,1.55,1.55,99.8091354
09/07/2026 14:23:39,12.5,6.15,10.94,1.54,15.62,29.69,34.38,10.77,15.62,15.62,20.31,1.56,14.56,34.38,14.0192251,2171,536,1797,306.5,18,0.7753299,1.34375,1797,177.5,18,0.489132017,1.35625,1797,806,18,2.897409,1.3625,1797,957.5,18,3.20067,1.3625,1797,446.5,18,1.33309317,1.3625,4042,524.5,40.5,1.72768378,1.3625,82.25,1.55,1.55,99.809166
09/07/2026 14:23:41,4.62,6.15,4.62,4.62,27.69,23.08,72.31,49.23,7.69,10.77,6.15,16.92,19.49,72.31,16.7857456,3540,732,3893,179,39,0.512886643,1.275,3893,110.5,39,0.349318027,1.275,3893,971,39,3.44547033,1.275,3893,2448,39,7.110197,1.275,3918,225,39.25,0.605194747,1.2875,1752,457.5,17.5555553,1.425548,1.28125,83.25,1.55,1.55,99.80914
09/07/2026 14:23:43,9.23,4.62,3.08,0,16.92,13.85,66.15,40,12.31,10.77,24.62,16.92,18.21,66.15,16.1621685,3887,730,4042,238.5,40.5,0.535121858,1.34375,3135,34.5,40.5,0.08571209,1.34375,4042,673,40.5,2.13479853,1.34375,4042,2075.5,40.5,5.700376,1.34375,4042,456,40.5,1.335051,1.34375,4017,905,40.25,2.56459832,1.325,83.875,1.55,1.55,99.809166
09/07/2026 14:23:45,19.05,18.75,25.4,19.05,23.81,25.4,44.44,55.56,31.75,22.22,55.56,46.03,32.25,55.56,20.6791344,3232,1121,1763,361,17.666666,0.977946639,1.2875,3967,612,39.75,1.52999127,1.2875,3967,904.5,39.75,2.13095546,1.2875,1763,1915.5,17.666666,4.40530634,1.2875,3967,917,39.75,2.225389,1.2875,3967,2015,39.75,5.50498772,1.3,84.375,1.55,1.55,99.80916
09/07/2026 14:23:47,67.69,63.08,78.46,80,81.54,78.46,72.31,76.92,32.31,32.31,46.15,58.46,63.97,81.54,29.26883,3409,2434,3693,2576.5,37,4.79233551,1.20625,3693,2815.5,37,5.133669,1.20625,3693,3017,37,5.365128,1.20625,3693,2937.5,37,5.17596674,1.20625,1641,1262.5,16.4444447,2.414281,1.20625,4042,1998,40.5,3.87041187,1.35,84.75,1.55,1.55,99.80923
09/07/2026 14:23:49,4.69,7.94,7.81,3.12,29.69,45.31,23.44,19.05,18.75,17.19,12.5,9.38,16.57,45.31,14.6655045,1971,613,1797,292.5,18,0.7820417,1.35625,1797,194,18,0.5985466,1.35625,4042,1595,40.5,5.06468964,1.375,1397,693.5,14,1.68392372,1.375,1397,626.5,14,1.90587628,1.375,1397,275.5,14,0.704044163,1.375,84.75,1.55,1.55,99.80918
09/07/2026 14:23:51,12.31,6.25,29.85,19.4,1.52,0,21.54,12.31,6.15,9.23,11.29,3.08,11.08,29.85,12.5189486,1959,424,1397,352.5,14,1.19988489,1.35,1397,1027.5,14,3.757782,1.35,1397,46,14,0.103941321,1.35,1797,619.5,18,2.21788025,1.35,3992,315.5,40,0.954570353,1.325,1774,181,17.7777786,0.607020557,1.325,84,1.55,1.55,99.8092041
09/07/2026 14:23:53,3.12,0,0,0,15.62,0,29.69,18.75,10.94,23.44,7.81,15.62,10.42,29.69,12.428112,1952,451,1797,73.5,18,0.244864836,1.35,1427,21.5,18,0.0528051145,1.35,4042,381,40.5,1.24119747,1.35625,1976,1000.5,19.8,2.72556686,1.35625,1235,731.5,12.375,2.40320134,1.35625,1235,498,12.375,1.79825616,1.35625,83.875,1.55,1.55,99.8092041
09/07/2026 14:23:55,15.38,11.48,17.74,20.31,26.15,3.08,9.23,27.69,16.92,13.85,23.08,9.23,16.18,27.69,15.3967838,2545,644,1797,466.5,18,1.39564717,1.35,1797,717.5,18,2.056391,1.35,4042,685.5,40.5,2.12079978,1.35,4042,784,40.5,2.43646431,1.35625,1797,506,18,1.446249,1.35625,1797,707.5,18,2.229355,1.35625,83.25,1.55,1.55,99.8092346
09/07/2026 14:23:57,4.69,1.59,1.47,27.94,2.99,7.46,7.81,31.25,6.25,15.62,17.19,3.12,10.62,31.25,12.0670853,2847,390,1363,46.5,17.88889,0.144519016,1.3375,4042,648,40.5,2.38744068,1.35,1797,250,18,0.8627106,1.35,4042,729,40.5,2.73107862,1.35625,1797,271,18,0.890579939,1.35625,4042,393.5,40.5,1.43705606,1.35625,83,1.55,1.55,99.80924
09/07/2026 14:23:59,10.94,19.7,3.08,4.62,3.17,20.31,15.62,9.68,4.69,10.94,27.42,18.46,12.39,27.42,12.2831526,2920,399,4042,625,40.5,2.19044924,1.34375,4042,67.5,40.5,0.20114997,1.35,1797,353,18,1.29980838,1.35,4042,314,40.5,1.211015,1.34375,1797,175.5,18,0.5679683,1.34375,1797,858.5,18,3.09065485,1.3,82.375,1.55,1.55,99.80923
09/07/2026 14:24:01,4.62,1.54,0,5.08,0,0,4.62,57.63,1.54,3.08,20,30.77,10.74,57.63,12.6274643,2258,425,1262,48,14,0.128853992,1.35625,1073,55.5,14,0.184535727,1.35625,1397,49.5,14,0.116563037,1.35625,1797,1164,18,4.27650261,1.35625,4027,117,40.5,0.31331715,1.3625,3992,1116,40,3.897749,1.34375,83,1.55,1.55,99.80917
09/07/2026 14:24:03,3.08,1.54,4.55,4.55,3.08,3.08,7.69,3.08,13.85,9.23,27.27,76.92,13.16,76.92,12.1587372,3448,401,1450,32,18,0.0832237154,1.34375,3856,38.5,40.25,0.09822007,1.34375,3279,27,40.5,0.1947098,1.35625,4042,71.5,40.5,0.172056,1.35625,4042,157.5,40.5,0.426611364,1.35625,4017,2078,40.25,7.639533,1.34375,82.875,1.55,1.55,99.80915
09/07/2026 14:24:05,7.81,1.54,6.25,1.59,1.52,3.17,25,5.97,10.94,12.5,28.12,40,12.03,40,13.6101866,2345,492,1397,149,14,0.4183195,1.35625,1397,167.5,14,0.558222532,1.35625,1397,168,14,0.436041981,1.35625,1797,663.5,18,2.33062553,1.35625,4042,488,40.5,1.58611059,1.35625,4042,1316.5,40.5,4.5797863,1.3375,82.75,1.55,1.55,99.80914
09/07/2026 14:24:07,4.76,28.57,0,0,0,11.67,26.98,14.29,3.17,15.87,4.76,0,9.17,28.57,12.1388149,1920,386,1397,680.5,14,2.45607543,1.34375,1092,18,14,0.0442060232,1.34375,1397,236,14,0.8567261,1.34375,4042,891.5,40.5,3.39520931,1.34375,1797,364,18,1.287221,1.34375,1797,129,18,0.450324,1.34375,82.375,1.55,1.55,99.8092041
09/07/2026 14:24:09,12.5,4.69,0,4.48,0,0,29.69,4.69,9.38,26.87,14.06,0,8.86,29.69,12.21181,2399,388,4042,397.5,40.5,1.2435329,1.34375,1797,121.5,18,0.4160019,1.34375,1318,15,18,0.03523852,1.34375,1397,677,14,2.74327016,1.34375,1797,794,18,3.02907825,1.35625,4042,320,40.5,1.0828712,1.35625,82.375,1.55,1.55,99.80925
09/07/2026 14:24:11,9.38,20.31,4.69,7.81,1.56,1.56,28.12,12.5,10.94,29.69,3.12,12.5,11.85,29.69,12.0435743,2404,390,3728,389.5,40.5,1.30248141,1.36875,1797,171,18,0.591041565,1.36875,1356,15,18,0.03590878,1.36875,3992,690.5,40,2.44854712,1.3375,1774,837,17.7777786,3.15242338,1.3375,1774,234.5,17.7777786,0.79187274,1.3375,82.625,1.55,1.55,99.8092
09/07/2026 14:24:13,10.94,20.31,1.56,1.54,1.56,18.18,3.12,31.25,1.56,9.38,6.25,10.94,9.72,31.25,12.0176,2736,394,1235,630,12.375,2.27617431,1.35625,1180,27,12.375,0.0638249144,1.35625,1976,393,19.8,1.43116772,1.35625,4042,750.5,40.5,2.796298,1.35625,4017,301,40.25,1.01253986,1.3375,3967,264,39.75,0.9306929,1.3375,82.5,1.55,1.55,99.80917
09/07/2026 14:24:15,19.7,24.24,10.61,42.42,9.09,3.03,34.85,50,16.67,12.12,13.64,10.61,20.58,50,17.2758064,2545,780,1797,965.5,18,2.584374,1.3625,4042,682,40.5,2.24355984,1.35,1797,314,18,0.7567182,1.35,4042,1861,40.5,5.142849,1.33125,1797,449.5,18,1.20980883,1.33125,1797,406.5,18,1.07598448,1.33125,82.625,1.55,1.55,99.80918
09/07/2026 14:24:18,16.67,21.21,33.33,43.94,13.64,13.64,56.06,43.94,24.24,16.67,25.76,31.82,28.41,56.06,18.45193,2909,1057,1785,715,17.88889,1.372251,1.35625,4017,1381,40.25,2.53699756,1.35625,4017,484,40.25,1.28010833,1.35625,4042,2023,40.5,4.435392,1.35,1797,722.5,18,1.93139589,1.35,1797,1015.5,18,2.35127139,1.35,83.75,1.55,1.55,99.80917
09/07/2026 14:24:20,10.94,7.81,6.25,6.45,32.81,17.19,67.19,45.31,17.19,23.44,31.25,9.38,22.93,67.19,16.910387,2884,930,4042,322.5,40.5,0.6511521,1.36875,1797,307,18,0.6517168,1.36875,1797,1107,18,2.03234124,1.36875,4042,2191.5,40.5,4.644573,1.36875,3893,915,39,2.44647574,1.28125,1730,739,17.333334,1.93573534,1.28125,83.875,1.55,1.55,99.8092
09/07/2026 14:24:22,24.62,18.46,15.62,6.15,12.5,15.38,72.31,59.38,28.12,20.31,20.31,17.19,25.86,72.31,16.90162,2903,913,3942,634.5,39.5,1.47791982,1.3,4042,320,40.5,0.6705398,1.35625,1797,507,18,1.25115192,1.3625,4042,2494,40.5,5.348585,1.3625,1797,806,18,2.055066,1.3625,1797,718.5,18,1.64485526,1.3625,84.25,1.55,1.55,99.80922
09/07/2026 14:24:24,14.29,14.29,6.35,3.12,12.7,4.76,73.02,55.56,4.76,9.38,4.76,3.17,17.18,73.02,13.4969883,2913,722,4017,615,40.25,0.922419846,1.375,1785,237,17.88889,0.499759644,1.375,4042,436.5,40.5,0.9929583,1.35625,1797,2582.5,18,5.88898373,1.35625,1797,316,18,0.7823217,1.3625,4042,147,40.5,0.297753721,1.3625,83.875,1.55,1.55,99.80918
09/07/2026 14:24:26,9.23,1.54,1.54,13.85,3.08,1.54,20,3.08,18.46,29.23,6.15,10.77,9.87,29.23,12.357255,1984,410,1235,244,12.375,0.845060468,1.33125,1235,379,12.375,1.22425449,1.33125,1797,97.5,18,0.2884759,1.36875,4042,491.5,40.5,1.73093271,1.3625,1797,934.5,18,3.36866975,1.3625,1797,314.5,18,1.04368842,1.3625,83.5,1.55,1.55,99.809166
09/07/2026 14:24:28,4.69,1.56,43.75,1.56,0,6.25,3.12,0,1.56,4.69,28.12,15.62,9.24,43.75,12.2563086,2828,398,4042,179.5,40.5,0.548220038,1.34375,1797,974,18,3.56622386,1.34375,4042,162,40.5,0.510554552,1.36875,3490,66,40.5,0.110438727,1.36875,1797,107.5,18,0.391865224,1.35,1797,896.5,18,3.25835729,1.35,82.875,1.55,1.55,99.80922
09/07/2026 14:24:30,4.55,1.52,3.03,0,4.62,2.99,21.21,31.82,13.85,22.73,20,12.12,11.53,31.82,12.3661375,2115,403,1561,46,18,0.115309082,1.35625,1797,101.5,18,0.207797974,1.35625,1797,75.5,18,0.214419976,1.3375,1397,978,14,3.664316,1.3375,2096,615,21,2.115869,1.3375,4042,600.5,40.5,2.11680865,1.34375,82.375,1.55,1.55,99.8092346
09/07/2026 14:24:32,6.35,1.59,12.7,3.17,6.35,4.76,52.38,39.68,9.52,7.94,9.52,4.76,13.23,52.38,13.88627,2539,517,1797,125.5,18,0.326552778,1.3375,1797,260,18,0.71305865,1.3375,1797,154.5,18,0.378575623,1.34375,4042,1851.5,40.5,6.505221,1.34375,4017,379.5,40.25,1.27015972,1.35625,1785,329.5,17.88889,0.9984201,1.35625,83,1.55,1.55,99.80924
09/07/2026 14:24:34,7.94,9.52,0,23.81,0,0,14.29,0,1.67,26.67,22.22,1.59,8.97,26.67,12.157362,3187,391,4042,416,40.5,1.46087229,1.35,3761,569,40.5,2.00098944,1.35,1438,23,18,0.0550433956,1.35625,4042,324.5,40.5,1.22417915,1.35,1797,514,18,1.97730052,1.35,4042,497,40.5,1.68976939,1.35,83,1.55,1.55,99.80922
09/07/2026 14:24:36,4.62,0,6.25,1.56,3.12,7.81,43.08,15.38,6.15,12.5,14.06,20,11.21,43.08,12.2989006,1909,403,1025,41.5,12.375,0.108161382,1.34375,1397,154,14,0.482528716,1.34375,1397,140,14,0.478058279,1.34375,4042,983,40.5,3.452789,1.34375,1797,313.5,18,1.12167048,1.35,1797,787.5,18,2.78689981,1.35,82.375,1.55,1.55,99.80917
09/07/2026 14:24:38,1.54,0,14.75,4.48,0,8.2,3.08,20,9.23,19.67,21.54,10.77,9.44,21.54,12.4312563,1938,402,1198,37,14,0.09683217,1.35,1397,410.5,14,1.46040678,1.35,1397,185.5,14,0.662351847,1.35,4042,570.5,40.5,1.94148231,1.3375,1797,585.5,18,2.20502615,1.36875,1797,626,18,2.30212426,1.36875,82.125,1.55,1.55,99.8092346
09/07/2026 14:24:40,1.54,0,0,0,0,0,55.38,26.15,6.15,4.62,3.12,15.38,9.36,55.38,12.0678587,2260,389,1397,42,14,0.122332163,1.36875,1397,25.5,14,0.06672528,1.36875,1021,13,14,0.0309220329,1.36875,3942,1659,39.5,6.252709,1.3125,4017,236,40.25,0.7567093,1.3,1785,358,17.88889,1.273652,1.3,82.125,1.55,1.55,99.80923
09/07/2026 14:24:42,12.31,10.77,7.81,9.23,16.67,12.31,73.44,9.52,16.92,4.62,20,4.62,16.52,73.44,13.6300106,2545,500,1797,254,18,0.656272769,1.34375,1797,130,18,0.344269454,1.34375,4042,524,40.5,1.63494706,1.35625,1797,1478.5,18,5.453917,1.35625,1797,252.5,18,0.7970811,1.36875,4042,358.5,40.5,1.02299309,1.36875,82.5,1.55,1.55,99.80917
09/07/2026 14:24:44,9.23,12.31,3.08,1.54,4.48,44.78,1.54,0,0,0,20.9,6.15,8.67,44.78,11.7960987,3093,390,4042,514,40.5,1.63969994,1.35,1797,62,18,0.193118691,1.35,4042,1113,40.5,4.034183,1.35625,1365,28,18,0.07336885,1.35625,3271,20,40.5,0.0478440374,1.35625,4042,600,40.5,2.18424368,1.35625,82.125,1.55,1.55,99.80917
09/07/2026 14:24:46,32.31,27.69,36.92,36.36,73.85,63.08,40.91,25.76,25.76,20,27.69,20.31,35.89,73.85,20.05906,3274,1130,3992,766.5,40,1.71735311,1.325,3992,1311,40,3.30636573,1.325,3992,2569,40,7.07580376,1.325,3942,931,39.5,2.09136224,1.3125,1971,630,19.75,1.17758334,1.3125,1752,574,17.5555553,1.042282,1.3125,82.25,1.55,1.55,99.8092
09/07/2026 14:24:48,12.7,9.52,49.21,48.39,23.81,17.46,20.63,9.52,3.17,7.94,17.46,9.52,19.11,49.21,16.4463654,2545,680,1797,436.5,18,1.28427839,1.3625,1797,1596,18,4.88020229,1.3625,4042,709,40.5,2.22238469,1.3625,4042,559.5,40.5,1.64494789,1.3625,1797,254,18,0.673585,1.36875,1797,524.5,18,1.50033438,1.375,82.875,1.55,1.55,99.80921
09/07/2026 14:24:50,6.25,21.88,1.56,4.69,0,0,76.56,67.19,3.12,7.81,14.06,7.81,17.58,76.56,15.8634844,3236,724,3992,706.5,40,2.29518151,1.3,3967,132.5,39.75,0.495106637,1.2875,3967,45.5,39.75,0.101985596,1.2875,1763,2742.5,17.666666,6.9755497,1.2875,1763,174.5,17.666666,0.5627505,1.2875,3967,540.5,39.75,1.60033226,1.2875,84,1.55,1.55,99.80922
09/07/2026 14:24:52,13.85,7.69,1.52,1.54,4.62,7.69,12.31,3.08,4.55,18.18,21.21,23.08,9.94,23.08,12.7155733,2911,440,1797,433,18,1.40067053,1.34375,4042,95,40.5,0.243387669,1.34375,4017,313.5,40.25,1.08398807,1.33125,1785,305.5,17.88889,1.01696157,1.33125,1785,530.5,17.88889,1.86329389,1.33125,4042,959.5,40.5,3.40640664,1.36875,83,1.55,1.55,99.8092
09/07/2026 14:24:54,3.17,0,1.59,4.76,4.76,28.57,30.16,7.94,1.59,9.52,25.4,20.63,11.51,30.16,12.9934711,4042,475,4042,100,40.5,0.224236354,1.35,4042,102.5,40.5,0.238377109,1.3625,4042,658.5,40.5,2.24688649,1.35625,4042,774,40.5,2.39654374,1.35625,4042,291.5,40.5,0.999230444,1.35,4042,924.5,40.5,3.230007,1.3625,82.75,1.55,1.55,99.8102
09/07/2026 14:24:56,4.69,0,1.56,26.56,6.35,20.31,7.81,17.19,6.25,7.81,7.81,31.25,11.47,31.25,12.2964964,2058,396,1235,71.5,12.375,0.21607317,1.3625,1797,557,18,2.032853,1.36875,1797,415.5,18,1.52182639,1.36875,3992,524,40,1.80947316,1.34375,1754,135,17.7777786,0.4787002,1.34375,1774,676,17.7777786,2.346374,1.34375,82.375,1.55,1.55,99.8092041
09/07/2026 14:24:58,9.23,1.56,10.77,9.23,16.92,10.77,46.15,40,10.77,14.06,26.56,10.77,17.23,46.15,13.8843575,2891,516,1797,138.5,18,0.384374678,1.3625,1797,216.5,18,0.560074866,1.3625,4042,202,40.5,0.6184281,1.3625,3967,1577.5,39.75,5.67942762,1.3125,3967,378.5,39.75,1.20631862,1.3125,1774,581,17.7777786,1.85093427,1.325,82.875,1.55,1.55,99.8092
09/07/2026 14:25:00,9.38,3.08,0,0,0,4.69,18.75,4.41,3.12,29.69,18.75,28.12,10,29.69,12.3152781,3263,410,1797,252.5,18,0.8964457,1.35625,1765,40.5,18,0.09523456,1.35625,3890,139.5,40.5,0.4329425,1.35625,4042,447.5,40.5,1.48788071,1.35625,4042,639,40.5,2.3561275,1.35625,4042,939,40.5,3.31448126,1.35625,82.75,1.55,1.55,99.80917
09/07/2026 14:25:02,0,1.59,1.59,3.17,19.05,9.52,1.59,14.29,7.94,14.29,25.4,11.11,9.13,25.4,12.5831757,3208,426,4042,116.5,40.5,0.3509562,1.33125,3529,94,40.5,0.300559163,1.33125,4042,667,40.5,2.408993,1.35,4042,377.5,40.5,1.37670851,1.35,1797,539.5,18,1.83439243,1.35,1797,762,18,2.48664546,1.35,82,1.55,1.55,99.80921
09/07/2026 14:25:04,15.62,3.51,28.12,6.25,0,1.59,17.19,4.69,1.56,23.44,7.81,7.81,9.8,28.12,11.8580294,2786,406,1397,389,14,1.17357433,1.35625,1397,751,14,2.50590062,1.35625,1797,42,18,0.09898469,1.35625,4042,416.5,40.5,1.50138581,1.375,4042,577.5,40.5,2.00154448,1.375,4042,259.5,40.5,0.9255758,1.375,81.875,1.55,1.55,99.809166
09/07/2026 14:25:06,23.44,16.67,7.81,3.12,1.56,1.56,25,0,12.5,12.5,7.81,10.94,10.24,25,11.7388754,1955,380,1235,751,12.375,2.66815853,1.34375,1235,161.5,12.375,0.5409457,1.34375,1624,51,19.8,0.163656428,1.34375,4042,535.5,40.5,1.92339456,1.34375,1797,420,18,1.50735068,1.35,1797,364,18,1.31055856,1.35,82,1.55,1.55,99.8092
09/07/2026 14:25:08,21.21,15.15,3.08,6.15,3.08,0,7.58,42.42,15.15,9.23,13.85,9.09,12.17,42.42,13.4949,2024,508,1397,717.5,14,2.38924575,1.3625,1397,188.5,14,0.5269317,1.3625,1797,97.5,18,0.229200587,1.3625,3992,1155,40,3.91387916,1.35,1774,527.5,17.7777786,1.64397812,1.35,1785,361.5,17.88889,1.06688857,1.35625,82,1.55,1.55,99.80923
09/07/2026 14:25:10,1.56,0,1.56,0,0,0,29.69,54.69,10.94,3.12,7.81,7.81,9.77,54.69,11.985425,2270,388,1202,32.5,14,0.0942800045,1.33125,1397,40,14,0.113437906,1.33125,1138,46,14,0.04061376,1.33125,1797,1707,18,6.35081673,1.34375,4042,162.5,40.5,0.5127678,1.34375,4042,337.5,40.5,1.14892149,1.34375,83.125,1.55,1.55,99.8092041
09/07/2026 14:25:12,22.22,3.23,39.06,3.08,0,0,3.17,15.87,1.56,4.62,7.94,3.23,8.66,39.06,11.875104,1998,396,1797,575,18,2.0391233,1.34375,4042,973.5,40.5,3.431573,1.36875,1705,21,18,0.048418697,1.36875,1976,352.5,19.8,1.39356625,1.36875,1235,181,12.375,0.625172,1.36875,1235,275.5,12.375,0.869703948,1.36875,82,1.55,1.55,99.80921
09/07/2026 14:25:14,7.58,32.84,1.59,3.17,6.15,3.17,56.06,12.7,4.55,0,6.06,6.06,11.66,56.06,12.5046759,2516,436,4042,908,40.5,3.165439,1.34375,1797,56,18,0.27162987,1.34375,1797,153.5,18,0.499501377,1.35,1797,1294,18,4.38653231,1.35,3864,44,40.5,0.122292854,1.35,1797,162,18,0.436147124,1.35,81.5,1.55,1.55,99.8092651
09/07/2026 14:25:16,7.69,6.15,24.62,72.31,43.08,47.69,7.69,3.08,1.54,0,12.31,7.69,19.49,72.31,16.5693073,3604,673,1797,194.5,18,0.637606442,1.35,4042,1693,40.5,5.062222,1.35,4042,1536.5,40.5,4.985593,1.35,3711,121.5,40.5,0.405896783,1.35625,4017,115,40.25,0.28916803,1.3625,4017,378,40.25,1.05746913,1.3625,80.625,1.55,1.55,99.8092
09/07/2026 14:25:18,6.25,9.38,10.94,21.88,17.19,7.69,42.19,68.75,18.75,16.42,20.31,20.31,21.67,68.75,17.4822311,3294,786,4042,313,40.5,0.9823193,1.3625,1797,518.5,18,1.63426387,1.3625,4042,410.5,40.5,1.25687754,1.3625,4042,2086.5,40.5,5.92107868,1.3625,1797,560,18,1.63850355,1.3625,4042,826,40.5,2.35084867,1.3625,83.125,1.55,1.55,99.80923
09/07/2026 14:25:20,11.29,9.68,1.61,75.81,0,0,0,0,0,0,4.84,0,8.6,75.81,11.8901186,1973,400,1797,440,18,1.58765161,1.34375,4042,1683.5,40.5,5.94961739,1.34375,1797,44,18,0.08255942,1.34375,1012,23,14,0.06296175,1.34375,1093,23,14,0.0549165532,1.34375,2096,185.5,21,0.594829559,1.34375,82.625,1.55,1.55,99.809166
09/07/2026 14:25:22,3.08,0,4.62,3.12,1.54,1.54,21.54,26.15,21.54,23.53,23.08,33.85,13.63,33.85,12.1755266,2034,390,877,22,12.375,0.0551423021,1.3625,1976,55.5,19.8,0.130051926,1.3625,1718,50.5,19.8,0.100205943,1.3625,4042,870,40.5,3.297739,1.3625,1797,669,18,2.52727914,1.35,1797,670.5,18,2.337869,1.35,82.375,1.55,1.55,99.80918
09/07/2026 14:25:24,4.76,22.95,11.11,1.59,0,8.2,4.76,31.75,1.59,3.28,7.94,26.98,10.41,31.75,12.673913,2325,448,1397,545,14,1.78929782,1.3625,1397,232,14,0.80081743,1.3625,1397,197.5,14,0.632948935,1.3625,3992,805,40,2.85688,1.3375,1774,101.5,17.7777786,0.301033348,1.325,3992,809,40,2.701382,1.325,81.5,1.55,1.55,99.80918
09/07/2026 14:25:26,3.12,1.59,0,0,0,0,1.56,29.69,10.94,20.63,17.19,29.69,9.53,29.69,12.5857792,2281,418,1141,59.5,14,0.147620365,1.3625,1374,43,14,0.09953456,1.3625,1397,48,14,0.10406924,1.3625,3967,739.5,39.75,2.63344049,1.3375,1763,630.5,17.666666,2.36056876,1.3375,4042,986.5,40.5,3.438131,1.29375,81.875,1.55,1.55,99.809166
09/07/2026 14:25:28,10.77,7.58,9.09,34.85,9.23,9.09,10.77,40,10.77,6.35,13.85,38.46,16.73,40,13.9113255,2014,602,1797,239,18,0.397217542,1.34375,4042,904.5,40.5,2.62468386,1.35625,1797,247.5,18,0.424669743,1.35625,1976,959.5,19.8,2.88790226,1.3625,1235,277,12.375,0.667841733,1.3625,1235,987,12.375,2.98456359,1.3625,81.875,1.55,1.55,99.80921
09/07/2026 14:25:30,6.25,1.54,18.75,7.81,0,10.77,43.08,14.06,1.56,23.08,10.94,6.15,12,43.08,12.088048,2335,400,1097,40,12.375,0.09036289,1.35625,1235,479.5,12.375,1.70090783,1.35625,1797,272.5,18,0.9344472,1.35625,4042,884,40.5,3.137171,1.3625,4042,486,40.5,1.82355034,1.35625,1797,240,18,0.807667255,1.35625,81.875,1.55,1.55,99.809166
09/07/2026 14:25:32,3.12,6.9,3.12,25,3.45,1.64,9.38,35.94,6.25,23.73,14.06,3.12,11.31,35.94,12.00974,2897,393,1661,108,18,0.327247143,1.34375,4042,529.5,40.5,1.89484417,1.34375,1797,40.5,18,0.0761528239,1.34375,4042,834,40.5,2.91796422,1.35,1797,467,18,1.73902833,1.3375,4042,377.5,40.5,1.34635782,1.3375,81.5,1.55,1.55,99.80918
09/07/2026 14:25:34,6.25,0,7.46,6.56,6.25,7.81,7.81,35.94,7.81,32.81,17.19,3.12,11.59,35.94,13.6909294,1998,503,1235,128,12.375,0.355021566,1.3625,1235,287,12.375,0.803696334,1.3625,1976,398,19.8,1.30115223,1.3625,3992,952.5,40,3.40653133,1.35,1774,885,17.7777786,3.094733,1.35,1774,369.5,17.7777786,1.15353394,1.35,81.625,1.55,1.55,99.8092041
09/07/2026 14:25:36,7.94,8.33,15.87,19.05,7.94,17.46,34.92,11.11,22.22,31.75,33.33,25.81,19.64,34.92,14.8547983,2519,623,1639,186,18,0.3838244,1.34375,4042,472.5,40.5,1.17279088,1.34375,1797,515,18,1.49554789,1.35625,4042,785,40.5,2.46076274,1.35625,1797,701.5,18,2.14479733,1.35625,1797,1080.5,18,2.8492,1.35625,81.875,1.55,1.55,99.80919
09/07/2026 14:25:38,7.81,12.5,1.56,0,3.12,0,23.44,31.25,1.56,14.06,7.81,7.81,9.24,31.25,12.1637774,3148,402,1797,445,18,1.63066852,1.34375,1639,27,18,0.06861634,1.34375,3323,52.5,40.5,0.1280798,1.34375,4042,1128,40.5,4.30769062,1.34375,4042,324,40.5,1.11517644,1.34375,4042,437.5,40.5,1.41538668,1.35625,81.375,1.55,1.55,99.80919
09/07/2026 14:25:40,35.38,28.57,31.25,18.75,28.12,31.25,34.38,22.22,38.46,32.31,24.62,34.38,29.97,38.46,21.2386913,2519,1048,1797,1009.5,18,2.73975539,1.35,4042,982.5,40.5,2.720796,1.35625,1797,1081,18,3.14087725,1.35625,1797,1036,18,2.91470337,1.35625,3942,1028,39.5,2.85169339,1.31875,1741,1153.5,17.4444447,3.05502057,1.31875,80.5,1.55,1.55,99.80916
09/07/2026 14:25:42,3.12,0,12.5,0,3.12,37.5,3.12,0,1.56,24.19,23.44,6.25,9.57,37.5,12.1753082,2467,402,1680,55.5,18,0.1431772,1.34375,1797,312,18,1.02518237,1.34375,4042,887.5,40.5,3.195678,1.34375,1444,36,18,0.100210361,1.35,1797,550.5,18,1.93081081,1.35,4042,570.5,40.5,1.964074,1.35,81.125,1.55,1.55,99.80923
09/07/2026 14:25:44,6.25,4.69,7.81,9.23,20.31,12.5,48.44,37.5,20.31,21.88,20.31,21.88,19.26,48.44,17.0749626,2887,796,1763,218.5,17.666666,0.570184648,1.29375,1763,346,17.666666,0.9219419,1.29375,3967,719,39.75,1.9396224,1.29375,4042,1761.5,40.5,4.98660326,1.35625,1797,910.5,18,2.63451219,1.35625,3992,823.5,40,2.461768,1.35625,82,1.55,1.55,99.80916
09/07/2026 14:25:46,17.19,27.69,32.81,37.5,26.15,28.12,44.62,56.92,44.62,44.62,24.62,23.08,33.99,56.92,22.4716377,3172,1314,1730,742,17.333334,1.81271017,1.275,1730,1252,17.333334,3.24713278,1.275,3893,961,39,2.48970246,1.275,3893,1927.5,39,4.43763876,1.275,3893,1956,39,4.522483,1.26875,3893,1047.5,39,2.57669878,1.2875,83.5,1.55,1.55,99.809166
09/07/2026 14:25:48,1.56,1.56,29.69,48.44,31.25,17.19,39.06,12.5,1.56,3.12,18.75,21.88,18.88,48.44,16.6453972,3229,680,3652,96,40.5,0.294137925,1.35625,4042,1092.5,40.5,3.58257055,1.35625,4042,727.5,40.5,2.29927015,1.35625,4042,1262,40.5,3.70469952,1.35625,1797,183.5,18,0.5230046,1.36875,1797,719.5,18,2.1306,1.36875,83.625,1.55,1.55,99.80917
09/07/2026 14:25:50,9.52,3.23,0,6.35,1.59,15.87,33.33,17.46,1.59,4.76,11.11,0,8.73,33.33,12.1571093,2442,400,1397,270,14,1.05850625,1.3375,1397,161.5,14,0.5518238,1.3375,4042,405,40.5,1.42770231,1.35,1976,1081.5,19.8,4.00043869,1.35,1797,199,18,0.598095655,1.35625,4042,281,40.5,0.988518953,1.31875,83.5,1.55,1.55,99.80924
09/07/2026 14:25:52,9.52,0,7.94,9.52,4.48,1.59,6.35,1.59,7.94,31.75,17.46,4.76,8.57,31.75,11.8899755,2479,375,1397,204.5,14,0.7053383,1.36875,1797,446,18,1.52478874,1.36875,4042,153,40.5,0.5281088,1.36875,4042,154,40.5,0.4537688,1.36875,1797,811.5,18,3.11987519,1.35625,1797,482,18,1.80423331,1.35625,83,1.55,1.55,99.80915
09/07/2026 14:25:54,14.52,3.23,16.13,12.9,9.68,53.23,3.23,1.61,0,14.52,0,3.23,11.02,53.23,12.994771,2479,476,1397,434.5,14,1.29122877,1.31875,4042,550,40.5,1.89282107,1.31875,1797,1257,18,4.15493,1.31875,1797,81.5,18,0.2207675,1.31875,4042,392.5,40.5,1.30920732,1.31875,1797,143.5,18,0.338748783,1.3375,82.5,1.55,1.55,99.80912
09/07/2026 14:25:56,14.06,12.5,1.56,6.25,9.38,18.75,1.56,32.81,12.5,28.12,3.12,17.19,13.15,32.81,12.727808,3572,443,1785,456.5,17.88889,1.368037,1.3625,3715,78,40.25,0.217934817,1.3625,4017,470.5,40.25,1.54066753,1.3625,4017,714,40.25,2.615218,1.3625,3992,699,40,2.54867172,1.325,3906,240,40,0.851662755,1.325,82.25,1.55,1.55,99.80922
09/07/2026 14:25:58,8.06,1.67,0,0,0,0,20.97,29.03,0,19.35,15.25,12.9,8.94,29.03,12.088829,2808,391,1235,235,12.375,0.828422964,1.36875,3974,36,40.5,0.09098572,1.36875,1797,31.5,18,0.08287664,1.36875,4017,1100,40.25,4.01059437,1.35625,1785,392,17.88889,1.47052693,1.35625,4042,550,40.5,1.978691,1.36875,81.875,1.55,1.55,99.80915
09/07/2026 14:26:00,14.29,9.38,18.64,25.42,24.24,27.27,38.1,20.34,14.29,11.11,14.29,15.87,19.44,38.1,14.6662064,2545,613,1797,252,18,0.593415141,1.34375,1797,618.5,18,1.622146,1.3625,4042,842,40.5,2.65185046,1.3625,1797,1023.5,18,3.22598219,1.3625,4042,322,40.5,0.862389743,1.3625,1797,620.5,18,1.91153944,1.36875,81.5,1.55,1.55,99.80922
09/07/2026 14:26:02,9.38,14.06,0,0,7.81,14.93,3.12,0,12.5,25,10.94,31.25,10.75,31.25,12.0487022,1948,388,1235,394,12.375,1.393152,1.35,1171,28,12.375,0.06811092,1.35,1976,441.5,19.8,1.494227,1.35,1467,32,18,0.08955719,1.35,4042,677,40.5,2.42866373,1.35,1797,754.5,18,2.74071717,1.34375,81.5,1.55,1.55,99.80915
09/07/2026 14:26:04,6.25,4.62,31.25,4.62,1.54,6.25,16.92,0,9.23,13.85,21.88,21.88,11.52,31.25,12.180769,2545,399,1797,143,18,0.370307267,1.34375,4042,652,40.5,2.24032617,1.34375,1797,128.5,18,0.4241446,1.3375,1797,323,18,1.20556927,1.3375,1797,508.5,18,1.8327949,1.34375,4042,641,40.5,2.21853232,1.34375,81.5,1.55,1.55,99.80924
09/07/2026 14:26:06,3.12,7.69,16.92,14.06,0,0,14.06,9.38,9.38,9.23,12.5,14.06,9.2,16.92,12.0247011,1934,380,1397,147.5,14,0.485651433,1.35,1397,653,14,2.386217,1.35,1177,19,14,0.0443369634,1.35,1797,487,18,1.78781891,1.35,1797,420,18,1.4324652,1.35,4042,554.5,40.5,2.01901984,1.35,81.125,1.55,1.55,99.80917
09/07/2026 14:26:08,0,0,4.69,10.94,4.69,0,15.62,0,0,15.62,32.81,21.88,8.85,32.81,12.0369768,2718,393,1173,48.5,12.375,0.131624758,1.35,1235,357,12.375,1.27090991,1.35,4042,128.5,40.5,0.4200635,1.35625,4042,323,40.5,1.20266747,1.36875,1797,347,18,1.241166,1.36875,4017,1153.5,40.25,4.18388939,1.34375,81.25,1.55,1.55,99.80918
09/07/2026 14:26:10,6.06,4.62,51.52,9.09,12.31,6.06,15.15,8.7,6.15,10.14,12.12,10.61,12.71,51.52,13.2477484,2545,503,1797,173,18,0.4843742,1.34375,4042,1286.5,40.5,4.388809,1.35,1797,300.5,18,0.8987568,1.35,1797,429.5,18,1.43307257,1.35,1797,391.5,18,1.27600777,1.35,4042,437,40.5,1.32344806,1.34375,80.5,1.55,1.55,99.80915
09/07/2026 14:26:12,0,4.69,4.62,12.31,1.54,3.12,21.54,35.38,3.08,32.31,7.69,0,10.52,35.38,12.5182333,2020,446,1744,124.5,19.625,0.4399423,1.275,1235,400.5,12.375,1.28123152,1.275,1741,121.5,17.4444447,0.402252227,1.26875,3918,1188.5,39.25,4.016399,1.26875,1741,710.5,17.4444447,2.42131376,1.26875,1741,127.5,17.4444447,0.419211179,1.26875,81.625,1.55,1.55,99.809166
09/07/2026 14:26:14,10.94,0,12.5,73.44,0,0,1.56,0,0,7.81,0,0,8.85,73.44,11.7366924,3111,395,1797,229,18,0.8015097,1.34375,4042,1832.5,40.5,6.60309744,1.3625,3556,21,40.5,0.04907053,1.3625,1485,29.5,18,0.08384838,1.3625,3742,218,40.5,0.708487,1.3625,4042,38.5,40.5,0.106691,1.30625,81.375,1.55,1.55,99.80916
09/07/2026 14:26:16,7.69,4.62,15.38,60,12.31,20.63,29.23,15.38,10.77,7.69,12.31,29.23,18.77,60,16.4717655,3266,664,1696,204.5,18,0.620679259,1.3625,4042,1235.5,40.5,3.9924283,1.3625,1729,386.5,18,1.43685508,1.3625,4042,980.5,40.5,2.742123,1.36875,4042,259.5,40.5,0.689120352,1.36875,4042,916.5,40.5,2.77241015,1.3625,82.25,1.55,1.55,99.80915
09/07/2026 14:26:18,4.62,7.69,20,67.69,20,16.92,6.15,3.12,10.77,4.62,26.15,41.54,19.11,67.69,16.45493,2920,665,1797,304.5,18,0.8093886,1.35,4042,1382,40.5,4.50173569,1.35,4042,502,40.5,1.8028003,1.35,1797,155.5,18,0.48245886,1.35,4042,359.5,40.5,1.16701126,1.36875,1797,1289,18,3.721607,1.36875,82.625,1.55,1.55,99.8092041
09/07/2026 14:26:20,6.15,9.23,6.15,24.62,28.79,6.25,10.77,1.33,8.06,11.94,5.63,24.62,11.96,28.79,13.4359522,2096,497,1797,349,18,1.11774123,1.34375,4042,612.5,40.5,2.00350428,1.3625,1797,753,18,2.63515425,1.3625,1235,172,12.375,0.47258535,1.3625,1235,444.5,12.375,1.55770576,1.3625,2470,651,24.75,1.955193,1.3625,82.25,1.55,1.55,99.80919
09/07/2026 14:26:22,4.69,7.81,0,0,4.62,0,35.94,1.56,1.56,29.69,6.15,9.38,8.45,35.94,12.1792917,2518,388,1785,338.5,17.88889,1.12646759,1.3625,1647,25,17.88889,0.0619845875,1.3625,4017,112.5,40.25,0.397529036,1.3625,1785,793,17.88889,3.11372066,1.3625,3918,703.5,39.25,2.60055947,1.275,1959,354.5,19.625,1.26669979,1.275,82.375,1.55,1.55,99.8092
09/07/2026 14:26:24,17.19,7.81,22.22,0,0,0,17.19,3.12,1.56,25,14.29,0,9.03,25,12.1810484,2542,397,4042,609,40.5,2.07188439,1.3375,1797,491,18,1.74820888,1.3375,1777,27.5,18,0.06061521,1.3375,1797,398.5,18,1.53959,1.3375,4042,538,40.5,1.95900285,1.35,1797,320,18,1.10295272,1.35625,82.25,1.55,1.55,99.80925
09/07/2026 14:26:26,4.69,0,3.12,23.44,1.56,3.12,28.12,12.5,0,17.19,4.69,6.25,8.72,28.12,12.4196262,2920,423,1797,227,18,0.6661933,1.33125,1797,528.5,18,1.81961083,1.33125,4042,147.5,40.5,0.447304726,1.33125,1797,934,18,3.4056344,1.33125,4042,410.5,40.5,1.47718716,1.33125,4042,290.5,40.5,0.9462916,1.35625,82,1.55,1.55,99.80919
09/07/2026 14:26:28,12.5,15.62,7.81,17.19,12.5,1.56,3.12,2.99,1.56,15.62,17.19,12.5,10.01,17.19,11.7430325,2030,386,1397,474.5,14,1.59838939,1.35,1397,551.5,14,1.99557817,1.35,1797,255,18,1.01322544,1.3625,4017,192,40.25,0.5916992,1.35625,1785,352.5,17.88889,1.286373,1.35625,1785,492,17.88889,1.78610218,1.35625,81.25,1.55,1.55,99.80922
09/07/2026 14:26:30,10.77,10.77,1.54,32.31,6.15,1.54,27.69,30.77,0,1.54,1.54,3.08,10.64,32.31,11.9784813,3294,400,4042,343.5,40.5,1.03337467,1.34375,4042,694,40.5,2.41516137,1.36875,1797,122.5,18,0.4013446,1.36875,4042,1034,40.5,3.93952465,1.33125,4042,102,40.5,0.3163429,1.35625,1797,106,18,0.271023154,1.35625,81,1.55,1.55,99.809166
09/07/2026 14:26:32,10.94,6.25,25,12.31,4.62,3.12,29.69,9.38,3.08,21.54,10.77,18.75,12.95,29.69,12.4249449,2545,416,1797,213.5,18,0.5999063,1.33125,1797,653,18,2.270027,1.33125,4042,61,40.5,0.136128545,1.33125,1797,620.5,18,2.35728145,1.33125,4042,483.5,40.5,1.69446778,1.33125,1797,463.5,18,1.5785234,1.35,81.125,1.55,1.55,99.80922
09/07/2026 14:26:34,6.15,4.69,10.94,1.54,3.08,0,13.85,0,10.77,13.85,26.15,29.23,10.02,29.23,12.1895924,2322,395,1235,152.5,12.375,0.5489945,1.35625,1235,251.5,12.375,0.901341856,1.35625,1584,20,19.8,0.04600127,1.35625,1797,239.5,18,0.8619535,1.35625,4042,591.5,40.5,2.083769,1.35625,4042,1117.5,40.5,4.03397036,1.35625,81.125,1.55,1.55,99.80913
09/07/2026 14:26:36,3.17,1.59,1.61,11.94,4.62,14.29,33.33,4.76,6.35,26.87,12.7,9.52,10.9,33.33,13.7689877,2920,511,1797,153,18,0.389603049,1.34375,1797,378.5,18,1.24354911,1.34375,4042,502,40.5,1.60352683,1.34375,1797,808,18,2.78144622,1.35,4042,761,40.5,2.4970963,1.35,4042,461.5,40.5,1.37211,1.35,81.25,1.55,1.55,99.80919
09/07/2026 14:26:38,0,4.62,15.38,1.54,1.56,4.62,9.23,43.08,6.15,7.69,10.77,7.69,9.36,43.08,12.2539978,2322,390,1259,120,14,0.41448307,1.34375,1397,368.5,14,1.303386,1.35,1397,127,14,0.398418427,1.35,4042,1049,40.5,3.84924936,1.35,1797,361,18,1.12116134,1.34375,4042,315.5,40.5,1.12966192,1.34375,81.125,1.55,1.55,99.80918
09/07/2026 14:26:40,3.12,0,1.56,31.25,0,0,17.19,4.84,6.25,4.84,30.77,12.5,9.36,31.25,12.2398062,2230,397,1015,28,14,0.06805307,1.34375,1397,704,14,2.49911141,1.34375,1088,19,14,0.0407343842,1.34375,1797,414,18,1.64229369,1.34375,4042,255,40.5,0.8046707,1.34375,4042,964,40.5,3.471094,1.33125,80.625,1.55,1.55,99.80917
09/07/2026 14:26:42,0,0,15.62,1.54,1.59,20.97,3.17,1.67,7.94,23.33,19.05,19.05,9.49,23.33,11.9642181,2389,394,1084,32.5,14,0.0805182159,1.35625,4042,388.5,40.5,1.35751116,1.34375,1797,478,18,1.67473662,1.35625,1574,44,18,0.1368085,1.35625,1797,614,18,2.30322742,1.35625,4042,806,40.5,2.84554482,1.35625,81,1.55,1.55,99.80922
09/07/2026 14:26:44,7.81,1.56,28.12,5.97,4.76,1.54,0,3.12,3.17,9.52,17.46,29.69,9.4,29.69,11.7615,2500,392,1797,184.5,18,0.5675238,1.33125,4042,735.5,40.5,2.60475683,1.3625,1797,134,18,0.428764045,1.3625,1523,118.5,18,0.363616735,1.3625,4042,270.5,40.5,0.982877135,1.3625,1797,907,18,3.25144815,1.3625,80.625,1.55,1.55,99.80924
09/07/2026 14:26:46,17.19,12.7,33.33,44.44,29.69,20.31,37.5,37.5,29.69,22.22,26.56,26.56,28.14,44.44,18.0922947,3283,865,4042,421.5,40.5,1.11690819,1.35,1797,1203,18,3.58689165,1.35,4042,703,40.5,2.14555287,1.35,4017,1183.5,40.25,3.16951466,1.36875,1785,733,17.88889,1.68033111,1.3375,4017,947,40.25,2.36693978,1.3375,81.5,1.55,1.55,99.80921
09/07/2026 14:26:48,4.62,4.62,29.23,43.08,36.92,18.46,36.92,26.15,12.31,18.46,3.08,4.62,19.87,43.08,16.17121,2385,643,1797,146.5,18,0.4615146,1.3375,4042,1290,40.5,4.14809036,1.36875,4042,798,40.5,2.59145355,1.36875,1976,982,19.8,3.05868578,1.36875,1235,550,12.375,1.69744313,1.36875,1217,94,12.375,0.2323691,1.36875,82.375,1.55,1.55,99.80918
09/07/2026 14:26:50,9.23,4.55,1.54,0,4.62,9.09,1.54,16.67,13.85,26.15,27.69,6.15,10.09,27.69,12.430995,3294,404,4042,163,40.5,0.5565503,1.375,1797,37.5,18,0.08930643,1.375,4042,297.5,40.5,1.008371,1.375,1797,445.5,18,1.5890727,1.375,4042,821.5,40.5,3.13628864,1.375,4042,660.5,40.5,2.3699162,1.375,82.625,1.55,1.55,99.80919
09/07/2026 14:26:52,1.56,0,0,0,0,0,3.12,82.81,1.56,0,10.94,3.12,8.59,82.81,12.1131811,2446,393,1797,79.5,18,0.1772826,1.3375,1328,26,18,0.0691290647,1.3375,4042,56,40.5,0.168282747,1.35,1797,1840.5,18,6.766599,1.35,1672,34,18,0.0897085443,1.35,4042,323,40.5,1.14477324,1.35,82.25,1.55,1.55,99.809166
09/07/2026 14:26:54,7.81,1.54,0,0,0,0,12.5,90.62,0,3.17,1.56,4.69,10.16,90.62,11.929553,2189,387,954,32.5,14,0.08102871,1.35625,1219,27,14,0.0662204847,1.35625,1165,21,14,0.04483981,1.35625,4042,2134,40.5,7.829342,1.35625,1714,38.5,18,0.100010276,1.35625,4042,66.5,40.5,0.211158648,1.35625,81.875,1.55,1.55,99.80911
09/07/2026 14:26:56,6.25,3.03,6.25,7.81,6.15,3.12,7.81,57.81,4.69,25.4,4.69,1.56,11.22,57.81,13.3720894,1967,496,1397,256.5,14,0.7309043,1.33125,1397,277.5,14,0.747463644,1.33125,1397,184,14,0.47869873,1.33125,1797,1386,18,5.03835249,1.325,1797,621.5,18,2.23217678,1.325,4017,251.5,40.25,0.6346469,1.34375,81.875,1.55,1.55,99.80914
09/07/2026 14:26:58,1.56,0,6.25,0,23.44,0,3.12,68.75,3.12,3.12,0,1.56,9.24,68.75,12.1710806,3511,404,1391,31.5,18,0.08146654,1.3375,4042,152.5,40.5,0.491904348,1.3375,4042,518.5,40.5,1.89713335,1.3375,4042,1516,40.5,5.547685,1.35625,4042,171,40.5,0.454904765,1.35625,3505,35,40.5,0.0872202,1.35625,81.875,1.55,1.55,99.80921
09/07/2026 14:27:00,3.12,0,3.17,1.59,7.94,12.7,51.56,43.75,15.62,17.46,9.38,1.56,13.99,51.56,14.4281874,3259,572,3942,104.5,39.5,0.280531853,1.28125,1752,109,17.5555553,0.251360327,1.28125,1785,411,17.88889,1.204013,1.35625,4017,1946.5,40.25,6.111967,1.35625,4017,623.5,40.25,1.89047992,1.34375,4042,235,40.5,0.642315745,1.3625,81.75,1.55,1.55,99.80922
09/07/2026 14:27:02,7.81,1.56,9.38,3.12,9.38,0,17.19,7.81,15.62,7.81,14.06,51.56,12.11,51.56,13.6708288,2920,506,1797,154.5,18,0.5207685,1.34375,1797,172,18,0.439071566,1.34375,4042,282,40.5,0.8648131,1.34375,1797,463,18,1.45106184,1.34375,4042,504.5,40.5,1.734803,1.34375,4042,1462.5,40.5,4.94668531,1.325,81.875,1.55,1.55,99.80911
09/07/2026 14:27:04,6.15,1.61,10.77,4.62,4.69,1.59,23.08,12.31,10.77,16.13,29.23,60.94,15.16,60.94,12.5159807,2345,437,1397,68,14,0.199162439,1.3625,1397,157.5,14,0.439571351,1.35625,1397,116.5,14,0.270837128,1.35625,4042,410.5,40.5,1.32583737,1.35625,1797,422,18,1.42551458,1.33125,4042,1445,40.5,5.088949,1.33125,81.625,1.55,1.55,99.80915
09/07/2026 14:27:06,3.12,0,1.56,0,0,3.28,51.56,0,3.12,10.94,29.69,28.12,10.95,51.56,13.37594,1890,495,1235,85,12.375,0.253120422,1.36875,1235,98.5,12.375,0.291176766,1.36875,1235,109,12.375,0.347621948,1.35625,1797,1173.5,18,4.33824348,1.35625,3893,385.5,39,1.29483759,1.26875,1946,1117.5,19.5,3.1049397,1.26875,82.625,1.55,1.55,99.80916
09/07/2026 14:27:08,18.46,9.23,23.08,23.08,6.15,24.62,6.15,0,4.69,4.69,12.5,4.62,11.44,24.62,11.940155,2459,401,1797,524.5,18,1.83529544,1.3375,4042,860.5,40.5,2.97528172,1.3375,1797,502,18,1.58817065,1.35,3523,64.5,40.5,0.203754783,1.35,1797,203.5,18,0.7037713,1.35,1797,249.5,18,0.9198702,1.35,81.625,1.55,1.55,99.80919
09/07/2026 14:27:10,14.06,4.55,12.12,0,3.12,17.19,20.31,0,8.06,11.29,9.38,10.94,9.25,20.31,11.932477,3294,390,4042,426,40.5,1.49036968,1.3375,4042,291,40.5,1.05079687,1.3375,4042,413.5,40.5,1.41431332,1.3375,1797,373,18,1.35329378,1.3375,1797,365,18,1.30000174,1.3375,4042,471.5,40.5,1.51964474,1.3375,80.5,1.55,1.55,99.80922
09/07/2026 14:27:12,6.25,1.56,4.69,3.12,10.94,1.56,42.19,9.38,10.94,11.11,14.06,31.25,12.25,42.19,13.2823591,2720,495,1397,127,14,0.3339122,1.375,1397,165,14,0.470790237,1.375,1397,160,14,0.415715069,1.375,4042,1069.5,40.5,3.58253026,1.375,4042,398,40.5,1.10721648,1.375,4042,1049.5,40.5,3.47681117,1.375,80.625,1.55,1.55,99.80913
09/07/2026 14:27:14,3.08,4.69,21.54,47.69,0,0,53.85,4.62,1.54,1.56,3.08,4.62,12.19,53.85,13.7882185,1939,494,1797,123.5,18,0.412758142,1.34375,4042,1443.5,40.5,5.082928,1.35,1797,34,18,0.0689426661,1.35,1397,1135.5,14,4.24451351,1.35,1352,65.5,14,0.208207265,1.3625,1248,160,14,0.445870072,1.3625,80.875,1.55,1.55,99.8092
09/07/2026 14:27:16,6.25,3.12,14.06,40.62,10.94,6.25,76.56,60.94,1.56,1.56,4.69,3.12,19.14,76.56,16.84918,2456,668,1785,91.5,17.88889,0.3721759,1.3625,1785,735,17.88889,2.8984673,1.35625,3893,220.5,39,0.7580028,1.275,3893,2717.5,39,8.49699,1.275,1730,89,17.333334,0.219342619,1.275,1649,157.5,17.333334,0.469466835,1.275,82.25,1.55,1.55,99.80917
09/07/2026 14:27:18,10.94,4.55,42.19,54.69,29.69,20.31,3.12,3.12,7.81,10.94,12.5,23.44,18.61,54.69,16.227562,2911,677,4040,197,40.5,0.641726732,1.35,1797,1766.5,18,5.29162025,1.35,4042,849,40.5,2.56101727,1.35,1797,164.5,18,0.601753533,1.35,1797,315.5,18,0.922986567,1.36875,3992,769,40,2.267294,1.3,82.625,1.55,1.55,99.80919
09/07/2026 14:27:20,1.56,0,14.06,1.56,7.81,6.25,34.38,3.12,9.23,26.87,7.81,7.81,10.04,34.38,12.2405319,3212,398,1308,37,18,0.08892078,1.3375,4042,267.5,40.5,0.9402703,1.3375,1797,180,18,0.6527629,1.3375,4042,698.5,40.5,2.661519,1.3375,4042,833,40.5,3.15923548,1.3375,4042,373.5,40.5,1.16913092,1.3625,82.25,1.55,1.55,99.80916
09/07/2026 14:27:22,1.56,1.56,4.69,0,9.38,1.56,31.25,42.19,17.19,12.5,14.06,3.12,11.59,42.19,13.6797676,1976,509,1397,133,14,0.3371619,1.36875,1397,143.5,14,0.377713084,1.36875,1397,207.5,14,0.619613349,1.36875,1785,1556.5,17.88889,5.52102327,1.36875,3918,629.5,39.25,2.08699918,1.28125,1959,384.5,19.625,1.27132177,1.28125,81.875,1.55,1.55,99.80919
09/07/2026 14:27:24,6.25,4.69,0,0,25,0,25,12.5,4.69,23.81,6.35,0,9.02,25,11.8688078,2360,390,1235,233.5,12.375,0.8114532,1.3625,1158,25,12.375,0.06544698,1.3625,1976,539,19.8,1.95528185,1.3625,4042,776,40.5,2.72624755,1.3625,1785,614,17.88889,2.24772239,1.34375,3967,154.5,39.75,0.5180233,1.34375,81.75,1.55,1.55,99.8092041
09/07/2026 14:27:26,9.38,0,6.25,9.38,3.12,1.59,6.45,61.29,14.06,12.5,18.75,1.56,12.03,61.29,13.8286629,2545,528,1797,139,18,0.3826129,1.34375,4042,297.5,40.5,0.985093653,1.34375,1797,141,18,0.319474846,1.34375,1797,1475.5,18,5.125092,1.34375,4042,667,40.5,1.93307471,1.34375,1797,449,18,1.40446925,1.34375,81.75,1.55,1.55,99.80914
09/07/2026 14:27:28,4.76,3.17,1.56,55.56,1.59,4.69,8.06,26.98,6.35,9.52,11.11,4.76,11.51,55.56,12.7527885,2920,458,1797,164.5,18,0.446179241,1.34375,1797,1209.5,18,4.252285,1.3375,4042,139.5,40.5,0.326199442,1.3375,1797,619.5,18,2.2385807,1.3375,4042,274.5,40.5,0.7812447,1.35,4042,338.5,40.5,1.1132288,1.35625,81,1.55,1.55,99.8092041
09/07/2026 14:27:30,6.35,9.52,0,0,11.11,1.59,46.03,1.61,1.59,11.11,1.59,12.7,8.6,46.03,12.1195316,2379,397,1797,363.5,18,1.26812947,1.34375,1597,23,18,0.0578849427,1.34375,4042,313.5,40.5,0.9510547,1.34375,1397,986,14,3.62504172,1.34375,1397,336.5,14,1.15225279,1.34375,4042,359.5,40.5,1.21822369,1.34375,80.5,1.55,1.55,99.8092
09/07/2026 14:27:32,4.69,15.62,4.69,1.56,10.94,10.94,15.62,4.69,12.5,23.44,15.62,10.94,10.94,23.44,12.4046535,2014,432,1797,433.5,18,1.35227132,1.3375,1797,68,18,0.1772925,1.3375,4042,484.5,40.5,1.5778321,1.35625,1976,404,19.8,1.442448,1.35625,1235,686.5,12.375,2.3732326,1.3625,1235,514.5,12.375,1.79594958,1.3625,80.875,1.55,1.55,99.80918
09/07/2026 14:27:34,10.77,10.94,21.54,35.38,7.69,7.94,1.54,1.56,1.54,18.46,3.08,4.62,10.42,35.38,11.84212,2920,396,4042,386.5,40.5,1.24058425,1.34375,1797,1175.5,18,4.16486025,1.35,1797,191,18,0.5964352,1.36875,1797,91.5,18,0.283004016,1.36875,4042,441.5,40.5,1.61272919,1.36875,4042,88.5,40.5,0.271569043,1.36875,80.125,1.55,1.55,99.8092
09/07/2026 14:27:36,14.06,3.17,12.5,12.5,12.9,12.5,1.56,0,0,4.69,16.67,28.12,9.89,28.12,11.8704157,3261,390,1797,193,18,0.597286761,1.34375,4042,511.5,40.5,1.75544536,1.34375,4042,563.5,40.5,1.99978709,1.34375,1602,37.5,18,0.08596384,1.34375,4042,120,40.5,0.404283017,1.34375,4042,917,40.5,3.32572484,1.34375,80,1.55,1.55,99.809166
09/07/2026 14:27:38,29.23,20,20,10.77,10.77,3.08,24.62,1.54,9.23,12.31,15.38,24.62,15.13,29.23,14.0339174,2545,545,1797,831.5,18,2.50239,1.3375,4042,467,40.5,1.42126822,1.3375,1797,288,18,0.823814,1.3375,1797,490,18,1.51708376,1.3375,1797,405.5,18,1.33204663,1.3375,4042,785.5,40.5,2.70542741,1.3375,79.875,1.55,1.55,99.80917
09/07/2026 14:27:40,3.03,1.52,6.06,3.03,3.03,0,50,1.52,1.52,19.7,24.24,3.03,9.72,50,12.2468853,2315,391,1216,52,14,0.133687422,1.35625,1397,175.5,14,0.539090455,1.35625,1397,34,14,0.07235146,1.35625,4042,1046.5,40.5,3.85795116,1.35625,4042,491.5,40.5,1.82085216,1.375,1797,547.5,18,2.11204481,1.375,80.5,1.55,1.55,99.80915
09/07/2026 14:27:42,7.69,3.17,10.77,16.92,1.54,16.67,3.08,0,4.62,39.68,7.94,20,11.01,39.68,11.8534927,2520,377,1797,180.5,18,0.63710624,1.34375,1797,365,18,1.20692408,1.34375,4042,371.5,40.5,1.31319058,1.34375,1647,32,18,0.09229361,1.35625,4042,877.5,40.5,3.289525,1.35625,1797,433,18,1.51348138,1.35625,80.625,1.55,1.55,99.8092041
09/07/2026 14:27:44,0,4.62,29.23,12.31,6.15,3.08,23.08,6.15,1.54,20,9.23,10.77,10.51,29.23,11.8701582,2502,408,1538,128,18,0.407264024,1.33125,1797,859,18,2.94995713,1.33125,4042,130.5,40.5,0.419702,1.33125,4042,509.5,40.5,1.7784313,1.3625,1797,477.5,18,1.765775,1.3625,1797,340.5,18,1.141058,1.3625,80.625,1.55,1.55,99.8091
09/07/2026 14:27:46,27.69,23.44,33.85,36.92,9.23,20,18.46,14.06,6.15,4.69,10.77,26.15,19.28,36.92,15.105422,2920,645,1797,843,18,2.45912766,1.3625,4042,1223,40.5,3.532971,1.3625,1797,479.5,18,1.49228382,1.3625,1797,449,18,1.15713441,1.3625,4042,131.5,40.5,0.47004804,1.3625,4042,745.5,40.5,2.16291952,1.35,81.75,1.55,1.55,99.80915
09/07/2026 14:27:48,14.06,4.69,23.44,70.31,15.62,20.31,21.88,43.75,7.81,6.25,9.38,6.25,20.31,70.31,17.4656773,2345,787,4042,436,40.5,1.18842793,1.3625,4042,1358,40.5,3.98154,1.3625,1797,852,18,2.3073194,1.35,1397,1342,14,3.819518,1.36875,1397,378.5,14,1.02598929,1.36875,1397,354,14,0.907535,1.36875,81.25,1.55,1.55,99.80917
09/07/2026 14:27:50,1.56,0,20.31,24.19,1.61,6.45,0,7.81,1.56,20.31,17.19,9.38,9.2,24.19,11.96443,1931,406,1183,53.5,14,0.133772641,1.35625,1397,981,14,3.3569932,1.35625,1397,167,14,0.561707735,1.35625,4017,268.5,40.25,0.8314522,1.36875,1797,437.5,18,1.56964433,1.36875,1797,527.5,18,1.77995443,1.36875,80.5,1.55,1.55,99.80921
09/07/2026 14:27:52,0,0,9.38,0,0,0,65.62,12.31,4.69,4.69,9.52,10.94,9.76,65.62,12.1027431,2269,390,1001,25.5,14,0.0682942048,1.35,1397,210,14,0.7160817,1.35,1397,25.5,14,0.05546639,1.35,4017,1554.5,40.25,5.75254345,1.35,4017,155,40.25,0.47064817,1.35,1785,367.5,17.88889,1.29238832,1.36875,80.625,1.55,1.55,99.8092
09/07/2026 14:27:54,17.19,1.61,1.56,0,0,0,34.38,17.74,1.56,4.69,21.88,6.25,8.9,34.38,12.0453978,2281,398,1397,320.5,14,1.20647538,1.34375,1397,68.5,14,0.15222241,1.34375,1119,20.5,14,0.04943329,1.34375,1797,1114.5,18,4.23977327,1.34375,3933,219,40.5,0.686337,1.34375,4042,647,40.5,2.28920412,1.34375,80.875,1.55,1.55,99.80922
09/07/2026 14:27:56,1.59,9.52,1.59,31.75,12.7,0,3.17,1.59,0,9.52,17.46,14.52,8.62,31.75,11.7514849,2294,387,1397,278.5,14,0.926246166,1.33125,1397,727,14,2.60485983,1.33125,1797,293,18,1.046404,1.33125,3336,50.5,40.5,0.148484647,1.34375,4042,282,40.5,0.9711719,1.35,1797,690,18,2.44335318,1.35,80.375,1.55,1.55,99.80915
09/07/2026 14:27:58,20.31,23.88,12.12,10.77,7.35,3.03,17.19,12.5,10.94,12.5,21.54,26.98,14.93,26.98,13.2591391,3294,478,1797,811,18,2.84755778,1.34375,4042,403,40.5,1.19600272,1.34375,4042,183,40.5,0.510256648,1.34375,4042,430,40.5,1.57434714,1.34375,1797,411,18,1.32000232,1.3625,4042,631.5,40.5,2.11189485,1.3625,79.75,1.55,1.55,99.8092346
09/07/2026 14:28:00,10.94,7.81,1.56,17.19,0,0,15.62,18.75,3.12,9.38,7.81,15.62,8.98,18.75,12.0328941,2696,414,1397,421.5,14,1.49192882,1.35625,1397,428,14,1.35608375,1.35625,1328,26.5,14,0.0584630147,1.35625,4017,753.5,40.25,2.81049752,1.3875,4017,282,40.25,0.9822682,1.3875,4017,573,40.25,1.884363,1.3875,80.375,1.55,1.55,99.8092
09/07/2026 14:28:02,9.23,4.62,1.54,3.08,9.23,18.46,3.08,1.54,20,18.46,35.38,40,13.72,40,12.0872192,2418,399,1489,54.5,18,0.135837913,1.36875,1579,26.5,18,0.06935312,1.36875,4042,437.5,40.5,1.47525585,1.36875,1556,34,18,0.089472875,1.34375,1797,611.5,18,2.33816981,1.34375,4042,1231,40.5,4.24123669,1.34375,80.25,1.55,1.55,99.8092346
09/07/2026 14:28:04,10.94,7.81,3.03,14.52,15.62,8.2,4.69,3.03,15.15,18.75,20.31,18.75,11.73,20.31,13.4695749,2479,516,1397,387,14,1.18166935,1.3375,1797,437,18,1.407712,1.3375,4042,434.5,40.5,1.39679337,1.34375,1797,205.5,18,0.586214364,1.34375,1797,731,18,2.46747851,1.34375,4042,898,40.5,3.01177931,1.35625,80,1.55,1.55,99.80913
09/07/2026 14:28:06,3.17,0,6.35,0,1.59,0,50.79,1.67,1.59,3.17,28.57,11.11,9,50.79,12.2701826,2014,420,1235,112.5,12.375,0.344268054,1.34375,1235,207,12.375,0.6672661,1.34375,1976,62,19.8,0.185777023,1.34375,1797,1100.5,18,4.05700254,1.34375,4042,219,40.5,0.5090572,1.3625,1797,820.5,18,2.922893,1.3625,80,1.55,1.55,99.80916
09/07/2026 14:28:08,4.69,0,3.08,18.03,1.49,0,1.56,7.58,4.69,7.81,35.94,26.56,9.29,35.94,11.9212847,2452,404,1235,180.5,12.375,0.509056449,1.34375,1797,353.5,18,1.23078632,1.35625,1797,47.5,18,0.109995656,1.35625,1797,224.5,18,0.7637965,1.35625,4042,314.5,40.5,1.12829268,1.35,4042,1302.5,40.5,4.716952,1.35,80.625,1.55,1.55,99.80916
09/07/2026 14:28:10,3.17,1.59,3.17,9.52,1.59,3.17,46.03,0,11.11,23.81,0,3.17,8.86,46.03,12.1563177,1946,397,928,97,12.375,0.253727674,1.3625,1235,223,12.375,0.7758099,1.3625,1976,140,19.8,0.4738177,1.3625,1797,999.5,18,3.73848081,1.3625,3992,823.5,40,3.038988,1.31875,1747,97.5,18,0.321458817,1.3625,80.5,1.55,1.55,99.8091049
09/07/2026 14:28:12,1.56,1.59,0,0,1.56,1.59,15.62,1.56,7.81,25,31.75,23.44,9.29,31.75,11.85461,2684,386,913,88.5,12.375,0.271368951,1.35,1086,24.5,12.375,0.056477882,1.35,1976,55,19.8,0.173245683,1.35,4042,355,40.5,1.22045624,1.35,4042,676,40.5,2.52749,1.35,4042,1116,40.5,3.96446466,1.35,80.25,1.55,1.55,99.80911
09/07/2026 14:28:14,17.19,34.38,35.94,18.75,14.06,9.38,15.62,10.94,18.75,21.88,25,43.75,22.14,43.75,15.9193954,2505,827,1785,908,17.88889,2.3829875,1.3625,1785,1041,17.88889,2.66583371,1.3625,4017,404.5,40.25,0.699176,1.3625,1785,415.5,17.88889,0.677128732,1.3625,3918,814,39.25,2.153616,1.26875,1741,1380,17.4444447,3.446017,1.26875,81,1.55,1.55,99.809166
09/07/2026 14:28:16,23.08,21.54,49.23,53.85,30.77,23.08,29.23,13.85,27.69,27.69,27.69,20,28.97,53.85,17.912775,3294,843,1797,696.5,18,1.778572,1.34375,4042,1751,40.5,4.8166585,1.34375,4042,579,40.5,1.53113961,1.34375,4042,500.5,40.5,1.17966771,1.34375,4042,1125,40.5,3.13218951,1.35625,1797,407.5,18,1.03353834,1.35625,81.125,1.55,1.55,99.80914
09/07/2026 14:28:18,10.77,9.23,13.85,23.08,9.23,13.85,30.77,6.25,3.08,3.08,55.38,66.15,20.39,66.15,16.0379734,3277,705,1697,223.5,18,0.6243,1.35,4042,386,40.5,1.29016232,1.35,4042,313,40.5,0.824287653,1.36875,4042,613.5,40.5,1.69487977,1.36875,1797,195,18,0.539801836,1.36875,4042,2497.5,40.5,6.71657562,1.36875,82.625,1.55,1.55,99.80917
09/07/2026 14:28:20,12.5,18.75,3.12,12.5,10.94,3.08,15.62,1.56,3.12,20.97,3.12,15.62,10.08,20.97,12.2483006,3294,424,4042,667.5,40.5,2.12268066,1.3375,1797,320,18,0.9930697,1.3375,4042,324,40.5,1.03095484,1.3375,1797,315.5,18,1.12711048,1.3375,4042,528,40.5,1.87047625,1.35,4042,388.5,40.5,1.29697108,1.35,82,1.55,1.55,99.80922
09/07/2026 14:28:22,4.76,17.19,25.4,4.69,14.29,17.46,4.76,7.81,4.76,12.7,3.12,11.11,10.67,25.4,11.8682947,2920,402,1797,401,18,1.381584,1.33125,1797,615,18,2.1676805,1.33125,4042,603.5,40.5,2.022043,1.33125,1797,224,18,0.8106821,1.33125,4042,288,40.5,1.06511652,1.35,4042,278,40.5,0.948035359,1.34375,80.75,1.55,1.55,99.80913
09/07/2026 14:28:24,25,1.56,9.38,9.38,7.81,7.81,23.44,23.44,21.88,39.06,23.44,25,18.1,39.06,16.663187,3471,771,3793,531,38,1.35142481,1.23125,1686,325,16.88889,0.812518537,1.23125,3768,474.5,37.75,1.2039088,1.23125,3768,951,37.75,2.46474481,1.2375,3768,1287,37.75,3.95825815,1.2375,4042,1057.5,40.5,3.05242419,1.36875,81.875,1.55,1.55,99.80922
09/07/2026 14:28:26,3.12,18.75,4.84,3.23,9.38,12.5,7.81,9.38,20.31,21.88,10.94,28.12,12.52,28.12,12.3947239,2137,412,1797,455,18,1.55853653,1.35,1797,82.5,18,0.230538413,1.35,4042,279,40.5,0.7316416,1.35,1976,324.5,19.8,1.15384841,1.34375,1235,711.5,12.375,2.54062748,1.34375,1976,618.5,19.8,2.19250965,1.35625,82.125,1.55,1.55,99.80921
09/07/2026 14:28:28,4.69,0,1.56,0,29.69,31.25,10.94,1.56,4.69,9.52,15.62,9.38,9.91,31.25,11.9104929,1934,398,1008,47.5,12.375,0.1157277,1.3625,982,25.5,12.375,0.0621310249,1.3625,1976,1207,19.8,4.10204458,1.3625,1797,230.5,18,0.953052,1.3625,1797,277.5,18,0.9857536,1.3625,4042,602,40.5,2.07297683,1.35,81.5,1.55,1.55,99.8092041
09/07/2026 14:28:30,6.25,16.39,3.23,3.28,6.56,27.42,14.06,5.08,14.06,26.56,35.94,13.85,14.39,35.94,12.3690538,2345,421,1397,380,14,1.24808621,1.35,1397,86,14,0.243641466,1.35,1397,407,14,1.34491968,1.35,1797,188,18,0.6285953,1.35625,4042,507,40.5,1.89303923,1.35625,4042,956,40.5,3.263669,1.35625,80.875,1.55,1.55,99.80913
09/07/2026 14:28:32,7.81,3.08,9.38,23.44,4.69,3.12,26.56,10.94,4.69,18.75,9.23,3.12,10.4,26.56,12.4724274,2321,422,1397,95,14,0.259188563,1.3625,1397,672.5,14,2.2429986,1.3625,1397,99,14,0.383386582,1.3625,4042,813.5,40.5,3.01101255,1.3625,3942,529,39.5,1.87248719,1.29375,1752,322.5,17.5555553,1.05341613,1.29375,81,1.55,1.55,99.80919
09/07/2026 14:28:34,4.69,3.03,10.94,34.38,1.56,6.06,6.25,0,10.94,28.12,25,3.12,11.17,34.38,12.1349964,3668,392,1797,75,18,0.19428128,1.3375,4042,856.5,40.5,2.991585,1.3375,4042,192.5,40.5,0.5708824,1.3375,4042,80.5,40.5,0.213112861,1.3625,4042,665.5,40.5,2.55774736,1.3625,4042,482.5,40.5,1.7234571,1.3625,80.875,1.55,1.55,99.8092651
09/07/2026 14:28:36,3.12,3.23,18.75,31.25,3.12,23.44,6.25,0,4.92,9.38,11.48,7.81,10.23,31.25,11.8401852,2169,398,1797,103,18,0.297319651,1.34375,1797,1001,18,3.44028664,1.34375,4042,548.5,40.5,1.88305569,1.34375,1797,104,18,0.312140375,1.34375,1785,243,17.88889,0.8545142,1.34375,1797,391,18,1.39890218,1.3625,80,1.55,1.55,99.80919
09/07/2026 14:28:38,4.69,3.12,3.17,1.59,12.5,12.7,4.69,35.94,1.56,23.44,7.81,20.31,10.96,35.94,12.3028612,2682,407,1397,96.5,14,0.282219529,1.36875,1219,34,14,0.08260159,1.36875,1397,424.5,14,1.48919523,1.36875,4042,891,40.5,3.30491638,1.35,4017,517.5,40.25,1.87975,1.375,4017,480,40.25,1.566484,1.375,79.875,1.55,1.55,99.80918
09/07/2026 14:28:40,20.31,17.19,9.38,3.12,10.94,0,14.06,1.56,10.94,23.44,9.38,15.62,11.33,23.44,13.3653412,2915,501,1797,813.5,18,2.68576884,1.325,1797,246,18,0.592051446,1.325,4042,402,40.5,1.236933,1.3375,1797,347.5,18,1.06267154,1.3375,4017,732.5,40.25,2.51560736,1.3375,4042,465.5,40.5,1.5640167,1.34375,80.375,1.55,1.55,99.80922
09/07/2026 14:28:42,1.56,0,0,1.59,1.59,1.59,65.62,7.81,3.12,9.23,15.62,23.44,10.93,65.62,13.0081043,1945,468,1397,86.5,14,0.189434186,1.3375,1345,101.5,14,0.2630333,1.35,1292,73.5,14,0.180336475,1.35,1797,1408.5,18,4.744429,1.35,1797,346,18,1.14295018,1.35,4042,792.5,40.5,2.6942625,1.35625,80.5,1.55,1.55,99.8092041
09/07/2026 14:28:44,0,0,0,0,1.56,0,31.25,54.69,3.12,0,11.29,1.54,8.62,54.69,12.0248575,2481,398,1410,32,18,0.086267516,1.3625,4042,53,40.5,0.174310312,1.3625,1797,55,18,0.158153564,1.3625,4042,1807.5,40.5,6.63084269,1.3625,1797,168.5,18,0.499134749,1.3625,1797,272.5,18,0.916505337,1.3625,80.375,1.55,1.55,99.80919
09/07/2026 14:28:46,4.69,4.69,9.38,25,1.56,3.12,54.69,65.62,18.75,14.06,14.06,6.25,18.49,65.62,15.9798365,2545,718,1797,186.5,18,0.492290139,1.35,4042,488,40.5,1.5608815,1.36875,1797,101,18,0.244178876,1.35625,4042,2366.5,40.5,6.45224428,1.35625,1797,836.5,18,2.478758,1.35625,1797,330,18,0.8822333,1.35625,82.5,1.55,1.55,99.80921
09/07/2026 14:28:48,12.5,7.81,34.38,45.31,12.5,4.69,29.69,17.19,10.94,20.31,26.56,3.12,18.75,45.31,16.328186,2541,676,1797,423,18,1.10525143,1.35,4042,1215,40.5,3.73074841,1.35,1797,213.5,18,0.768762052,1.35,4017,807,40.25,2.42618513,1.3625,1797,656,18,1.93887866,1.36875,1797,742.5,18,2.37035418,1.36875,83.25,1.55,1.55,99.80921
09/07/2026 14:28:50,12.31,3.08,9.23,9.23,6.15,7.69,18.46,31.34,24.62,24.62,33.85,9.23,15.82,33.85,13.5503807,3294,491,4042,274.5,40.5,0.7973552,1.33125,4042,222,40.5,0.5757945,1.34375,1797,163.5,18,0.398079962,1.34375,4042,917.5,40.5,3.33106232,1.34375,1797,784.5,18,2.56960845,1.34375,4042,583.5,40.5,2.06279755,1.34375,82.5,1.55,1.55,99.80919
09/07/2026 14:28:52,3.08,0,15,1.56,21.31,14.06,10.77,9.23,6.15,24.62,15.38,6.15,10.61,24.62,11.8159351,2413,375,1802,37,19.8,0.106259279,1.35,1397,214,14,0.78125596,1.35,1397,696,14,2.54192114,1.34375,1797,362.5,18,1.2949636,1.34375,4042,554,40.5,1.94728255,1.34375,4042,386,40.5,1.38067544,1.34375,81.5,1.55,1.55,99.80924
09/07/2026 14:28:54,1.56,6.25,0,0,17.19,4.69,39.06,16.67,4.69,17.19,1.49,0,9.07,39.06,12.2009163,2316,404,1235,180,12.375,0.6455577,1.34375,1024,25,12.375,0.057722453,1.34375,1976,447.5,19.8,1.63899088,1.34375,4017,1254,40.25,4.58220673,1.35625,4017,489.5,40.25,1.61347806,1.35625,1625,30,18,0.0708049461,1.375,81,1.55,1.55,99.80914
09/07/2026 14:28:56,7.81,14.06,9.38,3.12,7.81,0,21.88,15.62,3.12,23.44,1.54,15.62,10.28,23.44,12.8624344,2853,464,1397,498.5,14,1.61552632,1.33125,4042,307.5,40.5,0.95023793,1.325,4042,203,40.5,0.649791062,1.325,1797,687,18,2.31902218,1.325,1797,622,18,2.19341516,1.325,4042,465.5,40.5,1.567187,1.34375,81.125,1.55,1.55,99.80922
09/07/2026 14:28:58,15.62,4.69,9.09,3.08,4.23,7.35,20.31,29.69,18.75,9.72,12.5,20.31,12.95,29.69,13.4425907,2920,511,4042,407,40.5,1.211261,1.35,1797,147.5,18,0.318301141,1.35,4042,273,40.5,0.7998997,1.35,4042,958,40.5,3.456933,1.375,1797,656,18,2.10364151,1.375,1797,626,18,1.995696,1.375,81,1.55,1.55,99.8092
09/07/2026 14:29:00,10.94,14.06,6.25,4.55,20,0,17.19,0,14.06,20.31,25,9.38,11.81,25,13.5280542,2920,513,1797,509.5,18,1.55731392,1.35,4042,269.5,40.5,0.665428758,1.35,4042,511.5,40.5,1.62780726,1.35,1797,477,18,1.56655681,1.35625,1797,716.5,18,2.38696671,1.35625,4042,593.5,40.5,1.91801226,1.35625,80.75,1.55,1.55,99.80916
09/07/2026 14:29:02,7.69,3.08,4.17,5.88,1.54,1.54,32.31,20,1.35,1.54,6.06,32.31,9.79,32.31,12.0107174,2844,395,1797,212,18,0.670105755,1.3375,4042,219.5,40.5,0.760441065,1.3375,1489,34.5,18,0.114078559,1.3375,4042,1059,40.5,3.948035,1.34375,3895,45,40.5,0.115362942,1.34375,1797,798,18,2.902265,1.34375,80.5,1.55,1.55,99.80916
09/07/2026 14:29:04,7.94,6.35,1.59,11.11,1.59,11.11,11.11,1.61,0,17.46,25.4,16.13,9.28,25.4,11.89146,2335,393,1397,307,14,1.03139138,1.36875,1397,248.5,14,0.8845481,1.36875,1397,277,14,0.882350445,1.36875,1785,194,17.88889,0.6685565,1.36875,4017,417.5,40.25,1.51129448,1.35,4017,912.5,40.25,3.26997328,1.3625,80.5,1.55,1.55,99.809166
09/07/2026 14:29:06,7.81,10.94,23.44,15.62,7.81,15.38,15.62,9.38,7.81,14.06,21.88,21.88,14.3,23.44,13.3360224,2541,492,1797,357.5,18,0.8961395,1.34375,4017,688.5,40.25,2.45250535,1.33125,1797,345.5,18,1.1307497,1.3375,1797,314.5,18,0.970813,1.3375,1797,407,18,1.42180216,1.3375,4042,840,40.5,2.9035778,1.3375,80.125,1.55,1.55,99.8092041
09/07/2026 14:29:08,21.88,7.81,7.69,2.9,10.94,7.81,12.31,41.43,10.94,18.84,12.5,25,15,41.43,12.0110722,3083,393,1235,388.5,12.375,1.322803,1.34375,3338,34.5,40.5,0.07596872,1.34375,1797,158.5,18,0.594998538,1.35,4042,953,40.5,3.5929904,1.35,4042,211.5,40.5,0.700927734,1.35,4042,612.5,40.5,2.17836332,1.34375,80.125,1.55,1.55,99.80913
09/07/2026 14:29:10,16.92,14.06,0,17.65,3.08,17.19,9.23,6.15,6.15,15.62,3.12,16.92,10.51,17.65,12.02595,2545,412,1797,520,18,1.71894777,1.35625,4042,381,40.5,1.33659136,1.35625,1797,420.5,18,1.50040662,1.35625,4042,361,40.5,1.13855863,1.3375,1797,371,18,1.2641356,1.35,1797,416.5,18,1.47956359,1.35,79.625,1.55,1.55,99.809166
09/07/2026 14:29:12,3.08,0,0,0,1.45,0,33.85,44.62,9.23,10.61,1.56,1.54,8.83,44.62,12.1152048,2437,412,1561,53.5,18,0.130662709,1.36875,1385,28,18,0.06986418,1.36875,4042,72,40.5,0.168849722,1.36875,1797,1681.5,18,5.9424777,1.36875,4042,508.5,40.5,1.62613428,1.36875,1797,128,18,0.369337946,1.35625,80.5,1.55,1.55,99.8092
09/07/2026 14:29:14,10.77,3.08,6.15,16.92,3.08,1.79,1.54,26.15,15.38,13.85,16.07,7.69,10.21,26.15,11.7026739,2768,379,1797,181.5,18,0.6214145,1.3375,4042,375.5,40.5,1.25320935,1.31875,1289,30.5,18,0.09142994,1.31875,1397,546.5,14,2.054213,1.31875,4042,716.5,40.5,2.60400748,1.325,4042,422,40.5,1.52975869,1.325,80.375,1.55,1.55,99.80916
09/07/2026 14:29:16,9.38,9.38,43.75,39.06,20.31,12.5,32.81,12.5,21.88,29.69,10.94,10.94,21.09,43.75,18.39226,3668,836,4042,411.5,40.5,1.03133047,1.3625,1797,1405.5,18,4.0006566,1.3625,4042,641.5,40.5,1.89595842,1.3625,4042,959,40.5,2.62259865,1.35625,4042,1028,40.5,3.1329875,1.33125,4042,571.5,40.5,1.62896323,1.33125,81,1.55,1.55,99.80918
09/07/2026 14:29:18,6.35,1.59,17.46,38.1,14.29,17.46,52.38,29.03,11.29,17.46,9.52,6.35,18.44,52.38,17.0083027,3294,697,1797,154,18,0.411112636,1.3375,4042,947,40.5,2.996687,1.35,4042,599,40.5,1.79668021,1.3625,4042,1557,40.5,4.725493,1.3625,4042,578.5,40.5,1.79940867,1.3625,1797,344.5,18,1.085402,1.36875,81.75,1.55,1.55,99.80921
09/07/2026 14:29:20,9.23,5.97,24.62,6.15,34.33,13.85,4.62,3.03,4.62,6.15,26.15,15.38,12.84,34.33,12.0112171,2012,414,1235,130.5,12.375,0.3440714,1.35625,1235,458.5,12.375,1.49035585,1.35625,1976,873,19.8,3.11033225,1.35625,1797,65.5,18,0.178851932,1.35625,4042,185.5,40.5,0.560380638,1.34375,1785,773,17.88889,2.7185986,1.36875,80.875,1.55,1.55,99.80919
09/07/2026 14:29:22,20,18.46,0,0,3.08,1.54,32.31,4.62,4.62,16.92,9.23,18.46,10.77,32.31,11.876997,1997,391,1235,732.5,12.375,2.617574,1.34375,1136,58.5,12.375,0.15971458,1.34375,1976,71.5,19.8,0.178276911,1.34375,4042,654,40.5,2.32081938,1.34375,1797,344,18,1.22419441,1.35,1797,485.5,18,1.79074442,1.35,80.625,1.55,1.55,99.80916
09/07/2026 14:29:24,20,18.46,1.54,4.62,0,1.54,1.54,7.69,1.54,19.4,5.8,27.69,9.15,27.69,11.7761679,2863,388,1797,661.5,18,2.321475,1.3375,1458,101,18,0.333760649,1.3375,4042,137.5,40.5,0.3637173,1.35,1797,244.5,18,0.862190664,1.35,4042,486,40.5,1.76217973,1.35,4042,696.5,40.5,2.53410769,1.35,80,1.55,1.55,99.80919
09/07/2026 14:29:26,17.46,22.22,41.27,49.21,15.87,12.7,20.63,20.63,23.81,26.98,19.05,28.57,24.87,49.21,17.1260967,2137,822,1235,610.5,12.375,1.486963,1.3625,1976,1441,19.8,3.57836318,1.3625,1976,403.5,19.8,0.8474193,1.3625,4042,848.5,40.5,2.44850159,1.3625,1797,776.5,18,1.92670929,1.3625,1797,855,18,2.29671717,1.35625,80.5,1.55,1.55,99.8092
09/07/2026 14:29:28,9.38,9.38,7.94,10.77,6.25,20.31,7.81,28.12,7.69,15.38,7.69,3.12,11.15,28.12,12.0967464,2388,397,1235,315.5,12.375,1.11081958,1.325,1235,309,12.375,1.06216359,1.325,1976,431.5,19.8,1.46279061,1.325,1797,556,18,2.093938,1.33125,4042,540.5,40.5,2.024736,1.33125,4042,232,40.5,0.7374094,1.33125,80.5,1.55,1.55,99.80916
09/07/2026 14:29:30,4.62,3.08,4.62,38.46,3.08,21.54,4.62,13.85,4.62,16.92,10.77,3.08,10.77,38.46,11.845809,2891,387,1797,68.5,18,0.189021841,1.34375,4042,877.5,40.5,3.12102938,1.34375,1797,423,18,1.50311959,1.34375,4042,352,40.5,1.28787243,1.34375,1628,360.5,18,1.22825325,1.34375,4042,239,40.5,0.931975067,1.34375,80.5,1.55,1.55,99.80922
09/07/2026 14:29:32,15.38,10.77,13.85,7.69,4.62,4.62,12.31,4.62,18.46,26.15,27.69,26.15,14.36,27.69,12.4662457,2388,435,1235,359.5,12.375,1.17758775,1.35625,1235,236,12.375,0.7491218,1.35625,1976,119.5,19.8,0.3572685,1.35625,4042,246,40.5,0.7244333,1.3625,4042,784,40.5,2.79847,1.3625,1797,864,18,2.97913957,1.36875,80.125,1.55,1.55,99.80915
09/07/2026 14:29:34,9.23,9.23,6.15,19.7,3.08,12.31,27.69,3.12,12.5,23.44,13.85,3.08,11.95,27.69,12.3282814,2358,412,1797,234.5,18,0.6864597,1.34375,1797,425,18,1.50826633,1.34375,4042,366.5,40.5,1.18419027,1.3625,4042,516.5,40.5,1.88545883,1.3625,1235,654.5,12.375,2.44167614,1.36875,1235,273.5,12.375,0.928217351,1.36875,80.375,1.55,1.55,99.8092041
09/07/2026 14:29:36,7.69,23.08,6.15,4.62,1.54,1.54,7.69,26.15,1.54,22.81,18.46,6.15,10.62,26.15,12.0518389,3294,386,4042,603,40.5,1.99192476,1.3375,1797,95.5,18,0.296666741,1.3375,4042,54,40.5,0.2745245,1.3375,1797,747.5,18,2.850479,1.34375,4042,449.5,40.5,1.704434,1.34375,4042,367,40.5,1.30388153,1.34375,80.5,1.55,1.55,99.80919
09/07/2026 14:29:38,1.56,6.25,9.23,84.62,3.08,4.62,3.12,0,0,0,0,1.54,9.5,84.62,11.78662,2344,397,1797,263.5,18,0.719630361,1.35,4042,1984,40.5,6.98687172,1.35,1797,36,18,0.190634385,1.31875,1797,59.5,18,0.182116225,1.33125,1301,13,18,0.0307339113,1.33125,3332,25.5,40.5,0.0614072345,1.33125,79.5,1.55,1.55,99.80921
09/07/2026 14:29:40,1.59,0,0,0,8.06,0,76.19,9.52,4.76,0,0,6.35,8.87,76.19,12.1605415,2405,388,1436,82.5,19.8,0.216760665,1.3625,1197,23,12.375,0.06446191,1.3625,1976,183,19.8,0.6836902,1.35625,4017,1810.5,40.25,6.738565,1.3625,1785,106,17.88889,0.340071976,1.3625,4017,120.5,40.25,0.5005299,1.3625,79.25,1.55,1.55,99.80914
09/07/2026 14:29:42,13.85,6.15,1.54,3.08,5.56,1.47,47.69,33.85,18.46,6.15,12.5,4.62,12.91,47.69,13.72252,4042,489,4042,250.5,40.5,0.730739534,1.3625,4042,179.5,40.5,0.517754436,1.375,4042,192.5,40.5,0.6006734,1.375,4042,1518.5,40.5,5.51333475,1.375,4042,338,40.5,1.23469687,1.375,4042,453,40.5,1.37632775,1.3625,79.625,1.55,1.55,99.80922
09/07/2026 14:29:44,10.61,7.58,1.52,1.52,21.21,13.64,12.12,3.03,3.03,22.73,1.54,31.82,10.86,31.82,11.8569565,2388,396,4042,335.5,40.5,1.02889323,1.34375,4042,36.5,40.5,0.09115378,1.35,1797,676,18,2.29228377,1.35,1976,176.5,19.8,0.551207542,1.34375,1235,516.5,12.375,1.92194259,1.34375,1235,637.5,12.375,2.32194781,1.34375,80,1.55,1.55,99.8092041
09/07/2026 14:29:46,4.69,7.81,40.62,70.31,42.19,26.56,6.25,1.56,4.69,7.81,9.38,4.69,18.88,70.31,15.9874029,2900,671,1797,235,18,0.6772135,1.34375,1797,2138.5,18,6.19844675,1.34375,4042,936.5,40.5,2.926686,1.34375,3926,171,40.5,0.443443716,1.34375,4042,252.5,40.5,0.7097806,1.35,1797,292.5,18,1.03417635,1.35,80.25,1.55,1.55,99.80922
09/07/2026 14:29:48,10.61,10.61,10.61,43.94,7.58,3.03,54.55,95.45,3.03,0,1.52,3.03,20.33,95.45,16.6785526,2895,672,3880,254,40.25,0.8504481,1.3625,1785,653,17.88889,2.42840528,1.3625,4017,124.5,40.25,0.441171765,1.3625,3967,2817.5,39.75,8.43359,1.2875,1752,72.5,17.5555553,0.189795569,1.30625,1971,112,19.75,0.291615635,1.30625,82.625,1.55,1.55,99.809166
09/07/2026 14:29:50,1.59,0,63.49,33.33,1.59,1.59,1.59,0,3.17,1.59,0,0,8.99,63.49,11.7747459,2936,391,3565,86,40.5,0.209319711,1.3375,4042,2045.5,40.5,7.37093639,1.35,4042,84,40.5,0.194493115,1.34375,2879,58,40.5,0.0967485756,1.34375,1797,45.5,18,0.1546408,1.35,1290,24.5,18,0.06220085,1.3375,81.75,1.55,1.55,99.80921
09/07/2026 14:29:52,7.94,23.81,1.59,0,20.31,0,17.46,6.35,12.7,6.35,34.92,0,10.95,34.92,13.51259,3294,495,4042,738.5,40.5,2.32578945,1.3375,1797,137,18,0.3267642,1.3375,4042,509.5,40.5,1.64353883,1.3375,4042,389.5,40.5,1.39688981,1.35,1797,400,18,1.320079,1.35,4042,793.5,40.5,2.78485775,1.35,81.125,1.55,1.55,99.80922
09/07/2026 14:29:54,4.55,0,0,0,3.03,0,56.06,19.12,6.06,4.55,16.67,13.64,10.31,56.06,12.1328773,3118,407,3264,109.5,40.5,0.262676239,1.3625,1523,31.5,18,0.0811703354,1.36875,4042,43.5,40.5,0.0829765946,1.36875,4042,1472,40.5,5.417015,1.35,1797,200,18,0.676175356,1.35625,4042,585,40.5,2.26432848,1.35625,80.5,1.55,1.55,99.80921
09/07/2026 14:29:56,30.77,26.15,4.69,0,1.54,35.38,4.62,0,6.15,6.25,0,1.54,9.76,35.38,11.7825241,1949,387,4042,1125,40.5,3.862459,1.3375,1797,93,18,0.3104663,1.3375,1797,778,18,2.753871,1.3375,1397,90.5,14,0.3040412,1.3375,1397,170.5,14,0.627754569,1.3375,1263,64,14,0.156323284,1.3375,80.625,1.55,1.55,99.80929
09/07/2026 14:29:58,1.59,0,17.46,0,25.4,0,20.63,1.59,4.76,22.22,6.25,7.94,8.99,25.4,12.3778048,1960,396,965,87,12.375,0.226525411,1.3625,1235,353,12.375,1.28211725,1.3625,1976,575.5,19.8,1.98769975,1.3625,1797,471,18,1.88557947,1.36875,3992,581.5,40,2.09614515,1.31875,1797,310,18,1.09009147,1.3625,80.5,1.55,1.55,99.80924
09/07/2026 14:30:00,4.69,3.12,6.25,1.56,3.12,3.12,15.62,34.85,3.12,32.81,10.94,31.25,12.54,34.85,12.1204386,2761,406,1797,145.5,18,0.414151967,1.35625,1797,101.5,18,0.30773747,1.35625,3089,45,40.5,0.137999341,1.35625,1797,883.5,18,3.126254,1.35625,4042,562.5,40.5,1.97019374,1.35625,4042,695.5,40.5,2.49941015,1.35625,80.25,1.55,1.55,99.8092041
09/07/2026 14:30:02,7.69,7.94,30.16,1.59,0,4.35,16.92,0,4.62,30.16,18.46,9.23,10.93,30.16,13.28909,2920,488,1797,206.5,18,0.603695631,1.3375,1797,677,18,2.285789,1.3375,4042,212,40.5,0.625920653,1.3375,1797,413.5,18,1.34429836,1.3375,4042,744.5,40.5,2.53920841,1.3375,4042,677.5,40.5,2.13682675,1.3375,80.375,1.55,1.55,99.8092041
09/07/2026 14:30:04,0,0,10.94,0,0,3.12,3.12,64.06,6.25,10.94,7.81,0,8.85,64.06,12.0957661,1860,394,1067,27.5,14,0.07289313,1.35,1397,309.5,14,1.02704632,1.35,1083,82,14,0.278813332,1.35,4042,1468,40.5,5.32596159,1.38125,1785,312.5,17.88889,1.15867817,1.375,1785,165,17.88889,0.54319346,1.375,80,1.55,1.55,99.80917
09/07/2026 14:30:06,3.17,19.05,1.59,3.17,0,11.11,1.59,0,1.59,22.22,25.4,28.57,9.79,28.57,12.1407785,2744,410,1397,460,14,1.57286906,1.3375,1204,71.5,14,0.303228468,1.3375,4042,238,40.5,0.82636255,1.3375,1736,74.5,18,0.1866418,1.3375,4042,546,40.5,1.83978832,1.3375,4042,1067,40.5,3.80255461,1.3375,80.375,1.55,1.55,99.80921
09/07/2026 14:30:08,15.62,6.25,9.38,1.56,3.12,1.56,9.38,3.12,18.75,34.38,28.12,40.62,14.32,40.62,12.7809858,2786,462,1397,305.5,14,0.991579056,1.35625,1397,138,14,0.383336127,1.35625,1797,59.5,18,0.1399486,1.3625,4042,163.5,40.5,0.484143972,1.3625,4042,825,40.5,2.85059333,1.3625,4042,1278,40.5,4.326456,1.3375,80,1.55,1.55,99.80911
09/07/2026 14:30:10,9.52,8.2,3.28,4.92,0,9.52,17.46,31.15,1.59,17.46,22.22,4.76,10.84,31.15,11.670516,3277,388,1797,208,18,0.722833,1.34375,1698,143,18,0.492476076,1.35,4042,251.5,40.5,0.794831,1.3625,4042,885,40.5,3.34358978,1.3625,4042,359.5,40.5,1.24934876,1.3625,4042,481.5,40.5,1.684661,1.36875,79.5,1.55,1.55,99.8092346
09/07/2026 14:30:13,0,9.38,0,0,1.56,1.56,21.88,4.69,14.06,28.12,12.5,15.62,9.11,28.12,12.0222788,2499,398,1797,231,18,0.8070349,1.3375,1518,33,18,0.07569087,1.3375,4042,75.5,40.5,0.245543212,1.3375,1797,577.5,18,2.1789887,1.3375,4042,915.5,40.5,3.21938014,1.3625,1797,555.5,18,1.87503624,1.3625,79.5,1.55,1.55,99.8092
09/07/2026 14:30:15,9.23,12.31,10.77,1.54,1.54,1.54,13.85,35.38,6.15,3.08,3.08,18.46,9.74,35.38,11.9548178,2484,386,4042,473.5,40.5,1.61913657,1.33125,1797,213,18,0.766681731,1.33125,1426,18,18,0.04076417,1.33125,1797,948,18,3.5569582,1.33125,4042,275,40.5,0.928209841,1.33125,1797,388,18,1.39936447,1.33125,79.5,1.55,1.55,99.8092041
09/07/2026 14:30:17,10.77,4.69,27.69,49.23,12.31,7.69,21.54,49.23,4.62,1.54,13.85,27.69,19.24,49.23,16.4688473,3294,666,1797,246,18,0.734144449,1.3375,4042,1130,40.5,3.811519,1.3375,4042,373,40.5,1.18137145,1.35,4042,1432,40.5,4.298737,1.3375,4042,116,40.5,0.302265555,1.3375,1797,698.5,18,2.1259656,1.3375,80.5,1.55,1.55,99.8092041
09/07/2026 14:30:19,18.75,10.77,38.46,29.23,25,10.94,41.54,55.38,9.38,12.5,17.19,13.85,23.58,55.38,18.341177,2891,850,1797,382.5,18,0.9577508,1.36875,4042,1114.5,40.5,3.26902866,1.36875,1797,635,18,1.89889765,1.36875,3942,1814.5,39.5,5.194424,1.31875,3992,460.5,40,1.18989348,1.325,1774,696,17.7777786,1.86285722,1.325,81.75,1.55,1.55,99.809166
09/07/2026 14:30:21,3.08,0,32.31,3.23,4.48,14.06,13.85,3.08,3.08,16.92,10.77,3.08,8.99,32.31,11.6592531,3294,390,4042,91,40.5,0.305291772,1.36875,1797,727,18,2.614657,1.36875,1797,348.5,18,1.22281444,1.36875,4042,413.5,40.5,1.408461,1.36875,4042,473.5,40.5,1.65839767,1.35625,4042,289,40.5,1.02225661,1.35625,80.75,1.55,1.55,99.8092041
09/07/2026 14:30:23,1.54,3.12,14.71,7.46,6.25,23.44,3.08,1.54,12.31,31.25,14.93,16.92,11.38,31.25,11.82973,2358,393,1235,72,12.375,0.202711716,1.3375,1235,309,12.375,1.08065808,1.3375,1797,518,18,1.86200166,1.35,4042,130.5,40.5,0.39286992,1.35,1797,693.5,18,2.54899788,1.35,4042,635,40.5,2.22919846,1.35,80.25,1.55,1.55,99.8091354
09/07/2026 14:30:25,6.06,5.97,31.82,10.61,11.94,5.88,25.76,3.03,10.61,15.15,22.73,15.15,13.73,31.82,13.1755981,2826,525,1235,229,12.375,0.4656562,1.35,4042,669.5,40.5,2.20768332,1.35,1797,306,18,0.734016061,1.35,1797,700.5,18,2.333315,1.35,4042,435,40.5,1.28996313,1.35,4042,809.5,40.5,2.48608065,1.35,79.625,1.55,1.55,99.80914
09/07/2026 14:30:27,0,4.76,0,0,0,1.61,29.69,6.25,12.5,34.38,14.52,3.12,8.9,34.38,11.9181614,2333,399,1920,138,19.8,0.4651181,1.36875,1046,32,12.375,0.0816396,1.36875,1397,88,14,0.2468308,1.36875,1797,822.5,18,2.909693,1.36875,3918,978,39.25,3.50243378,1.26875,3918,334.5,39.25,1.11521637,1.26875,80.125,1.55,1.55,99.80915
09/07/2026 14:30:29,17.91,8.96,7.46,16.42,5.97,6.06,11.94,13.64,13.43,23.88,7.58,11.94,12.1,23.88,13.0599928,2920,490,4042,573.5,40.5,1.77368557,1.35625,4042,541.5,40.5,1.75154245,1.35625,1797,182.5,18,0.59714514,1.35625,1797,381,18,1.2787993,1.35625,4042,796.5,40.5,2.75453043,1.30625,1797,465,18,1.40505087,1.31875,80.125,1.55,1.55,99.80921
09/07/2026 14:30:31,10.94,3.12,1.56,15.62,1.56,1.56,7.81,32.81,0,7.81,12.5,18.75,9.51,32.81,11.834115,2822,398,1797,267.5,18,0.930152,1.35,1797,386.5,18,1.27104592,1.35,3454,21.5,40.5,0.170385674,1.35,4042,849,40.5,3.12313581,1.3625,4042,160.5,40.5,0.467772633,1.35,1797,700,18,2.47438574,1.35,79.875,1.55,1.55,99.809166
09/07/2026 14:30:33,3.17,0,0,15.87,11.11,6.35,39.68,1.59,6.35,6.35,12.7,1.59,8.73,39.68,11.895936,2920,389,4042,97,40.5,0.308141679,1.3375,4042,396,40.5,1.4022783,1.3625,1797,323.5,18,1.14087832,1.3625,4042,919.5,40.5,3.411844,1.3625,1797,297.5,18,1.09392583,1.36875,1797,302.5,18,1.00633025,1.36875,79.75,1.55,1.55,99.8092
09/07/2026 14:30:35,10.94,6.25,3.12,1.56,18.75,6.25,25,51.56,6.25,7.81,15.62,9.38,13.54,51.56,13.89194,3235,529,1797,313,18,0.9631686,1.34375,3689,141.5,40.5,0.353818238,1.34375,4042,490.5,40.5,1.48911345,1.34375,1797,1550,18,5.206187,1.34375,4042,231,40.5,0.6570494,1.3375,4042,448,40.5,1.35518849,1.3375,80.375,1.55,1.55,99.80914
09/07/2026 14:30:37,4.62,1.54,9.23,6.15,1.54,7.69,4.62,24.62,18.46,23.08,13.85,9.23,10.38,24.62,11.8691282,3253,380,1797,117,18,0.411144763,1.35,1797,230.5,18,0.7515559,1.35,3799,143.5,40.5,0.525644243,1.35,4042,530.5,40.5,1.86550725,1.35,4042,812,40.5,3.03465152,1.36875,4042,449,40.5,1.63458753,1.36875,80.5,1.55,1.55,99.8091354
09/07/2026 14:30:39,9.23,3.08,13.85,7.69,12.31,16.92,13.85,28.12,29.23,14.06,4.62,1.54,12.87,29.23,12.687068,3668,440,4042,121.5,40.5,0.34928906,1.3375,4042,209,40.5,0.5335015,1.3375,4042,471,40.5,1.5334959,1.34375,4042,827,40.5,3.06990981,1.35,1797,906,18,3.3860333,1.34375,4042,108,40.5,0.3010734,1.35,80.75,1.55,1.55,99.80919
09/07/2026 14:30:41,6.25,3.12,15.62,6.25,14.06,3.12,23.44,1.56,3.12,15.62,12.5,1.56,8.85,23.44,11.7428255,2545,390,1797,191,18,0.631317556,1.3375,1797,501,18,1.6873827,1.3375,4042,391.5,40.5,1.37161911,1.3375,1797,483,18,1.84023714,1.3375,4042,487,40.5,1.70861137,1.35625,1797,284,18,0.994571149,1.3625,80.25,1.55,1.55,99.80924
09/07/2026 14:30:43,3.12,0,1.56,10.94,0,1.54,12.5,39.06,0,20.63,0,21.88,9.27,39.06,12.6737127,2388,437,1235,77,12.375,0.195841715,1.3375,1235,389.5,12.375,1.18923664,1.3375,1976,41,19.8,0.09289865,1.3375,1797,1094.5,18,4.02231455,1.3375,4042,417,40.5,1.64974141,1.3375,4042,603.5,40.5,1.980853,1.35625,80.25,1.55,1.55,99.80919
09/07/2026 14:30:45,17.46,9.38,7.94,11.11,6.35,25.4,44.44,55.38,12.7,12.7,17.46,11.11,19.29,55.38,17.9997654,3253,846,3942,599,39.5,1.68088257,1.2875,1971,458.5,19.75,1.38909,1.2875,1752,690,17.5555553,2.54273868,1.2875,3942,2126.5,39.5,5.85171032,1.275,3942,499.5,39.5,1.410125,1.275,3967,705.5,39.75,1.91570115,1.2875,81.625,1.55,1.55,99.80916
09/07/2026 14:30:47,12.5,18.75,9.38,40.62,12.5,17.19,20.31,20.31,23.44,17.19,20.31,28.12,20.05,40.62,17.65241,3668,799,4042,705,40.5,1.81818783,1.375,4042,709,40.5,2.221643,1.375,4042,663.5,40.5,1.70537913,1.375,1797,829,18,2.166141,1.3625,4042,911,40.5,2.636095,1.3625,4042,977,40.5,2.73468971,1.3625,82.75,1.55,1.55,99.8092041
09/07/2026 14:30:49,12.31,3.08,35.38,46.15,18.46,12.31,30.77,27.69,13.85,23.08,0,10.77,19.49,46.15,16.4896336,3294,690,1797,128.5,18,0.457196265,1.33125,4042,1406.5,40.5,4.3645277,1.33125,4042,602.5,40.5,1.775126,1.35625,4042,1172,40.5,3.48201156,1.35625,1797,655,18,1.90432143,1.35625,4042,172.5,40.5,0.551927,1.35625,82.75,1.55,1.55,99.8092
09/07/2026 14:30:51,1.59,1.59,4.76,15.87,0,0,0,82.54,4.76,0,0,0,9.26,82.54,12.1218119,2383,399,1797,94,18,0.2427655,1.35625,3461,397,40.5,1.38226163,1.3625,1562,16.5,18,0.04054298,1.3625,4017,1795.5,40.25,6.63708,1.35625,1785,64,17.88889,0.149932891,1.35625,1678,28,17.88889,0.06692648,1.35625,82,1.55,1.55,99.80914
09/07/2026 14:30:53,3.12,4.55,15.62,10.94,6.15,17.19,6.25,0,3.12,25,12.9,3.12,9,25,11.8459339,2920,390,1797,160.5,18,0.543546736,1.3375,4042,638,40.5,1.89106643,1.35,4042,458.5,40.5,1.6217593,1.35,1797,163,18,0.5549767,1.36875,4042,563.5,40.5,2.14796281,1.36875,1797,357.5,18,1.28527451,1.36875,81.5,1.55,1.55,99.80923
09/07/2026 14:30:55,11.11,4.76,17.46,6.45,3.17,0,41.27,12.7,4.76,11.11,33.33,9.52,12.97,41.27,13.801548,2388,521,1235,249,12.375,0.6969438,1.34375,1235,432.5,12.375,1.31967926,1.34375,1976,116.5,19.8,0.268307418,1.34375,1797,1068.5,18,3.88322878,1.34375,4042,334,40.5,0.955646157,1.34375,4042,923,40.5,3.06391454,1.35625,80.5,1.55,1.55,99.80919
09/07/2026 14:30:57,1.56,9.38,7.81,0,15.87,20.31,3.12,0,6.25,25,11.11,12.5,9.41,25,11.904706,2920,392,1797,202,18,0.682592,1.325,4042,222,40.5,0.654009044,1.325,4042,755.5,40.5,2.74844623,1.35,4042,90.5,40.5,0.291766256,1.35,1797,612,18,2.173037,1.35,1797,468,18,1.68167567,1.35,80.375,1.55,1.55,99.809166
09/07/2026 14:30:59,0,7.69,9.23,7.69,4.62,15.38,0,35.38,0,9.23,6.15,21.54,9.74,35.38,11.7871609,2807,387,3367,185.5,40.5,0.659170032,1.34375,1797,232.5,18,0.7529497,1.34375,1797,311,18,1.13667428,1.34375,1797,785,18,2.952236,1.34375,4042,197,40.5,0.682659566,1.34375,4042,612.5,40.5,2.10264182,1.34375,79.75,1.55,1.55,99.80918
09/07/2026 14:31:01,3.12,6.25,12.5,1.56,0,18.75,7.81,21.88,17.19,3.12,14.06,7.81,9.51,21.88,12.2484426,2732,412,1235,212,12.375,0.6409757,1.35,1235,267.5,12.375,1.03786242,1.35,4042,442,40.5,1.54731631,1.3625,4042,649.5,40.5,2.22596049,1.3625,4042,398.5,40.5,1.39275062,1.35625,1797,500,18,1.70027339,1.35625,79.5,1.55,1.55,99.809166
09/07/2026 14:31:03,7.81,6.15,7.69,12.31,6.15,3.08,24.62,56.92,7.69,16.92,14.06,12.5,14.66,56.92,11.8838825,3394,380,3578,152.5,40.5,0.5303019,1.3375,3905,217.5,40.5,0.767020047,1.3375,2998,17.5,40.5,0.0360003039,1.3375,1797,1347,18,4.902784,1.3375,4042,283.5,40.5,1.0493784,1.3375,4042,259.5,40.5,0.800045848,1.3375,79.625,1.55,1.55,99.80918
09/07/2026 14:31:05,10.94,4.55,14.06,4.69,6.25,7.14,12.5,34.38,12.5,9.09,21.88,7.81,12.15,34.38,13.46822,2856,507,4042,301.5,40.5,0.798240542,1.33125,4042,367,40.5,1.14562559,1.35625,4042,346.5,40.5,1.018011,1.34375,1797,1020.5,18,3.56041527,1.34375,1235,467,12.375,1.4565984,1.35,1976,539,19.8,1.70074749,1.35,79.875,1.55,1.55,99.80919
09/07/2026 14:31:07,7.94,7.94,3.12,7.81,0,3.17,36.51,3.17,3.23,21.82,1.61,22.22,9.88,36.51,11.9676762,2355,391,4042,329,40.5,1.1554395,1.33125,4042,175,40.5,0.6137655,1.3375,1600,79,18,0.2586665,1.3375,1976,744,19.8,2.720621,1.3375,1235,444.5,12.375,1.60036981,1.3375,1235,572.5,12.375,2.00177479,1.3375,79.75,1.55,1.55,99.809166
09/07/2026 14:31:09,6.35,0,3.39,1.59,0,3.33,44.44,23.81,0,9.52,11.11,19.05,10.22,44.44,12.1311522,2281,414,1221,92,14,0.261794239,1.3375,1371,40,14,0.09994922,1.3375,1212,30,14,0.07116785,1.3375,1797,1423.5,18,5.07975,1.3375,4042,273.5,40.5,0.9574936,1.3375,4042,627.5,40.5,2.204137,1.3375,80.125,1.55,1.55,99.8091354
09/07/2026 14:31:11,14.06,3.12,21.88,43.08,24.62,15.38,32.81,14.06,9.38,9.23,12.5,10.94,17.59,43.08,13.6220522,2899,558,1785,295,17.88889,0.7935692,1.34375,4017,1044.5,40.25,3.41094851,1.34375,1785,532.5,17.88889,1.70815432,1.34375,4017,955.5,40.25,2.75078154,1.34375,1774,248.5,17.7777786,0.644058645,1.325,4017,270,40.25,0.627715349,1.3375,79.875,1.55,1.55,99.8092041
09/07/2026 14:31:13,13.85,0,1.54,0,0,18.46,49.23,1.54,1.54,15.15,7.69,12.31,10.11,49.23,12.0510244,2545,396,1797,198.5,18,0.676003754,1.35625,1797,53,18,0.171746552,1.35625,4042,274,40.5,1.01967728,1.35625,4042,1075.5,40.5,3.886343,1.35625,1797,388,18,1.368466,1.35625,1797,387.5,18,1.35336125,1.35625,79.625,1.55,1.55,99.80918
09/07/2026 14:31:15,0,0,1.56,3.12,1.56,0,89.06,17.19,12.5,6.25,3.12,1.56,11.33,89.06,13.1791344,2750,480,1314,28.5,18,0.07288368,1.35625,3672,76.5,40.5,0.2730899,1.35625,1636,103,18,0.248845935,1.35625,4042,2229,40.5,7.379027,1.36875,1797,354.5,18,1.07055175,1.36875,4042,88.5,40.5,0.1612806,1.36875,81,1.55,1.55,99.80918
09/07/2026 14:31:17,7.81,6.25,51.56,56.25,12.5,7.81,17.19,40.62,4.69,9.38,3.12,17.19,19.53,56.25,16.2889538,3668,645,1797,167,18,0.495186269,1.375,4042,1729.5,40.5,5.288691,1.375,4042,241.5,40.5,0.7913784,1.375,4042,1006,40.5,3.57922935,1.375,4042,252.5,40.5,0.8033678,1.375,4042,475.5,40.5,1.43751252,1.325,81.5,1.55,1.55,99.80917
09/07/2026 14:31:19,10.94,9.23,28.12,56.25,42.19,51.56,9.38,7.81,1.56,1.54,7.69,6.25,19.38,56.25,16.156414,2841,677,1397,390,14,1.0716325,1.3625,4042,1356,40.5,4.08061,1.35,4042,1646,40.5,4.81659031,1.35,4042,327,40.5,0.89154315,1.35,1728,40.5,18,0.101168156,1.35625,1797,302.5,18,0.9458156,1.35625,81.125,1.55,1.55,99.80918
09/07/2026 14:31:21,20.31,9.38,14.06,14.06,17.19,15.62,37.5,23.44,31.25,28.12,37.5,18.75,22.27,37.5,15.0015287,2511,593,1976,230,19.8,0.620593846,1.34375,1235,335,12.375,0.93891567,1.34375,1976,359.5,19.8,1.01419365,1.34375,4042,1063.5,40.5,3.678181,1.35,1797,734.5,18,2.18695045,1.3625,4042,835,40.5,2.67986727,1.3625,81.125,1.55,1.55,99.80914
09/07/2026 14:31:23,7.81,38.71,0,3.12,0,0,0,6.25,3.12,17.19,6.25,26.56,9.09,38.71,11.8471756,3198,390,1797,998.5,18,3.47413373,1.35625,1797,36.5,18,0.200354964,1.35625,3648,26.5,40.5,0.0553194545,1.35625,3860,185,40.5,0.651061535,1.375,4042,424.5,40.5,1.51294541,1.375,4042,666.5,40.5,2.32843852,1.375,80.125,1.55,1.55,99.80915
09/07/2026 14:31:25,4.69,10.94,6.25,6.25,12.5,6.25,14.06,37.5,10.94,34.38,9.38,10.94,13.67,37.5,13.5176764,2920,521,1797,258,18,0.673552334,1.34375,1797,229,18,0.5283426,1.34375,4042,358.5,40.5,0.8849746,1.34375,1797,812,18,2.85531735,1.34375,4042,1013.5,40.5,3.55954647,1.34375,4042,457,40.5,1.2835269,1.35,80.75,1.55,1.55,99.8092041
09/07/2026 14:31:27,14.29,1.69,0,0,5.08,28.33,3.17,0,6.35,33.33,12.7,9.52,9.54,33.33,12.0019665,2345,402,1397,318.5,14,1.08057392,1.34375,1397,29,14,0.0850465447,1.34375,1397,648.5,14,2.25447416,1.34375,4042,96,40.5,0.2502753,1.35625,4042,844,40.5,3.073882,1.35625,1797,476,18,1.672117,1.3625,80.25,1.55,1.55,99.80916
09/07/2026 14:31:29,3.17,22.95,18.03,9.84,15.87,1.59,4.76,0,6.35,17.74,7.94,3.17,9.28,22.95,11.87623,2538,385,1976,458,19.8,1.75227749,1.3375,1976,589.5,19.8,2.1516993,1.3375,1397,363.5,14,1.29970038,1.3375,1797,99,18,0.343025863,1.34375,4042,530,40.5,1.94030535,1.34375,4042,271.5,40.5,0.758345664,1.34375,80,1.55,1.55,99.80915
09/07/2026 14:31:31,15.38,0,13.85,1.52,2.99,8.96,12.31,22.73,20,27.69,26.15,15.38,13.91,27.69,13.5873718,2012,489,1797,252,18,0.770585239,1.34375,1797,275.5,18,0.8475619,1.34375,4042,253,40.5,0.79091537,1.34375,1223,618.5,12.25,2.03431559,1.34375,1235,893.5,12.375,3.01763988,1.34375,1976,640,19.8,2.20331764,1.34375,80.375,1.55,1.55,99.80926
09/07/2026 14:31:33,12.5,4.62,0,0,0,0,10.94,34.38,3.12,25,15.62,1.56,8.98,34.38,11.9945469,2217,381,1397,331,14,1.144437,1.3625,1063,18.5,14,0.0445906371,1.3625,1023,16,14,0.0355011262,1.3625,4017,928,40.25,3.39992476,1.33125,4017,581.5,40.25,2.1439867,1.33125,1785,408.5,17.88889,1.3967768,1.33125,80.25,1.55,1.55,99.80915
09/07/2026 14:31:35,6.25,7.81,33.33,25.81,4.69,1.52,3.12,0,4.69,22.06,7.81,28.12,12.1,33.33,11.9300938,3506,406,1235,112.5,12.375,0.297742635,1.3375,4042,1057.5,40.5,3.699648,1.35,4042,31.5,40.5,0.06391477,1.35,3631,39,40.5,0.09800784,1.35,4042,531,40.5,1.93977153,1.3625,4042,665.5,40.5,2.318282,1.35625,80.125,1.55,1.55,99.80915
09/07/2026 14:31:37,1.56,6.25,14.06,1.61,1.61,18.75,6.25,10.94,0,26.56,10.61,3.12,8.44,26.56,12.0603628,2920,395,4042,244.5,40.5,0.7986078,1.34375,1797,342,18,1.1282109,1.34375,1797,478.5,18,1.6688242,1.34375,1797,382,18,1.38711727,1.34375,4042,595.5,40.5,2.17178655,1.34375,4042,326.5,40.5,1.17845225,1.34375,79.625,1.55,1.55,99.8092
09/07/2026 14:31:39,7.69,0,0,1.52,12.31,0,49.23,12.12,1.49,12.12,4.62,13.85,9.58,49.23,11.8888435,1943,379,1797,110,18,0.371904939,1.3375,1374,21,18,0.0530403629,1.3375,4042,279,40.5,0.882672846,1.35625,1976,1221,19.8,4.568105,1.34375,1235,246,12.375,0.915600538,1.34375,1235,395,12.375,1.33628964,1.34375,79.25,1.55,1.55,99.80919
09/07/2026 14:31:41,15.38,12.31,3.08,3.08,15.38,7.69,13.85,26.15,7.69,10.77,9.23,12.31,11.41,26.15,12.6949883,3668,458,4042,516.5,40.5,1.72013378,1.3625,1797,111,18,0.284915537,1.3625,4042,485,40.5,1.63371551,1.3625,4042,878,40.5,2.96396375,1.3625,4042,308,40.5,0.965256631,1.375,4042,450.5,40.5,1.52319849,1.375,79,1.55,1.55,99.80918
09/07/2026 14:31:43,16.92,3.08,3.08,16.92,12.31,3.08,13.85,4.62,1.54,12.31,12.31,24.62,10.38,24.62,11.7090693,1971,378,1797,320,18,1.15287232,1.3375,1797,276.5,18,1.00237954,1.3375,4042,303,40.5,0.969400465,1.3375,1397,297,14,1.19232106,1.3375,1397,317,14,1.15289974,1.3375,1397,754.5,14,2.65773726,1.3375,78.75001,1.55,1.55,99.8092041
09/07/2026 14:31:45,3.08,0,4.62,15.07,10.77,4.62,13.85,26.09,1.54,30.77,24.62,10.77,12.15,30.77,13.008791,3215,464,1323,35.5,18,0.08718203,1.35,4042,353,40.5,1.1182636,1.36875,4042,252,40.5,0.8047765,1.36875,4042,832.5,40.5,2.76754785,1.36875,1797,666,18,2.41102743,1.36875,4042,644.5,40.5,2.09318733,1.36875,79.75,1.55,1.55,99.8092041
09/07/2026 14:31:47,14.06,3.33,53.12,67.19,28.33,6.45,12.5,14.06,12.5,10.77,21.88,18.75,21.91,67.19,17.9283524,2529,822,1797,379.5,18,1.02287841,1.35625,4042,2031.5,40.5,5.89702845,1.35625,1797,517.5,18,1.62819815,1.35625,3992,775.5,40,2.14388037,1.35,1774,384,17.7777786,0.981178463,1.35,1774,843,17.7777786,2.27530932,1.35,80.125,1.55,1.55,99.8092
09/07/2026 14:31:49,0,3.12,29.69,51.56,20.31,1.61,15.62,34.38,1.56,8.33,15.62,25,17.24,51.56,15.687212,2886,642,1597,111.5,18,0.354305625,1.3375,4042,1416.5,40.5,4.29969931,1.3375,1797,278,18,0.916432858,1.3375,4042,1000.5,40.5,3.02802515,1.34375,1797,221.5,18,0.7753431,1.34375,4042,822.5,40.5,2.412488,1.35,81,1.55,1.55,99.80916
09/07/2026 14:31:51,7.69,0,0,2.9,9.23,21.54,16.92,30.77,4.62,7.35,7.69,1.54,9.19,30.77,11.8163652,2484,388,1797,118,18,0.404122025,1.35,1427,92.5,18,0.2267415,1.35,4042,644.5,40.5,2.26506853,1.35,1797,991,18,3.61307955,1.35,4042,296.5,40.5,0.957087457,1.35,1797,188.5,18,0.7761521,1.35625,80.375,1.55,1.55,99.8092041
09/07/2026 14:31:53,9.38,3.08,4.69,15.87,4.84,1.54,28.12,29.69,3.12,14.29,1.56,3.12,9.94,29.69,11.8044119,2479,386,1397,210.5,14,0.6835698,1.35,1797,342,18,1.21823406,1.35,1797,130,18,0.432639629,1.35625,4042,1245.5,40.5,4.359167,1.35625,1797,292,18,1.07874942,1.35,4042,95.5,40.5,0.298020154,1.35,79.875,1.55,1.55,99.8092041
09/07/2026 14:31:55,6.25,10.94,17.19,3.12,1.56,13.64,20.31,1.56,6.25,12.5,14.06,17.19,10.38,20.31,11.9942493,3294,413,1797,356.5,18,1.13163555,1.35625,4042,400.5,40.5,1.30924475,1.35625,4042,234.5,40.5,0.791173756,1.35625,4042,473,40.5,1.6059823,1.35625,1797,389.5,18,1.34902179,1.35,4042,624,40.5,2.23122334,1.35,79.625,1.55,1.55,99.80911
09/07/2026 14:31:57,18.46,6.15,12.31,3.08,6.15,3.08,23.08,38.46,3.08,10.77,9.23,6.15,11.67,38.46,13.3831091,3668,503,4042,448,40.5,1.38888037,1.35,4042,393,40.5,1.24311507,1.35,1797,229,18,0.6197087,1.35,4042,1214.5,40.5,4.2635355,1.35625,4042,357.5,40.5,1.21167147,1.35625,4042,373.5,40.5,1.13072681,1.35625,79.625,1.55,1.55,99.80921
09/07/2026 14:31:59,3.12,0,1.56,46.88,0,0,10.94,21.88,0,9.38,3.12,12.5,9.11,46.88,11.5087032,2795,375,1367,22,18,0.0529898144,1.35,1797,996.5,18,3.60493445,1.35,1482,16.5,18,0.0361051522,1.35,4042,685,40.5,2.42015362,1.36875,4042,244,40.5,0.7807398,1.36875,4042,285,40.5,1.040893,1.35625,79.625,1.55,1.55,99.80921
09/07/2026 14:32:01,0,6.25,1.56,12.5,6.25,0,7.81,21.88,3.12,18.75,1.56,25,8.72,25,12.0388288,2920,405,1797,191,18,0.602003157,1.34375,4042,297,40.5,1.00549161,1.34375,1797,168.5,18,0.5587233,1.34375,4042,630.5,40.5,2.27834058,1.34375,4042,505.5,40.5,1.70133245,1.34375,1797,637.5,18,2.174132,1.35625,79.125,1.55,1.55,99.80918
09/07/2026 14:32:03,3.08,3.08,1.54,1.54,20,18.46,1.54,23.08,4.62,13.85,18.46,36.92,12.18,36.92,12.9376259,2831,475,1500,63,18,0.14917013,1.3625,1563,50.5,18,0.118301079,1.3625,4042,841,40.5,2.45125,1.36875,4042,536,40.5,1.85143352,1.36875,4042,299,40.5,0.8878726,1.35,1797,1058,18,3.66805077,1.35,78.87501,1.55,1.55,99.80919
09/07/2026 14:32:05,15.38,13.85,9.23,10.94,6.15,4.62,52.31,53.85,16.92,6.15,10.77,9.23,17.45,53.85,14.8610229,2488,707,1774,592,17.7777786,1.35755777,1.35625,1763,382,17.666666,0.905143857,1.31875,1752,328,17.5555553,0.7709706,1.31875,3942,2115.5,39.5,4.83427858,1.31875,3942,373.5,39.5,0.964947641,1.31875,1752,451,17.5555553,1.07272661,1.31875,82.625,1.55,1.55,99.80917
09/07/2026 14:32:07,19.05,14.29,15.87,7.81,9.52,9.52,44.44,44.44,22.22,17.46,20.63,15.87,20.1,44.44,16.67598,2889,813,3992,822.5,40,2.11277342,1.31875,1774,318.5,17.7777786,0.8518977,1.31875,1774,417.5,17.7777786,1.10923553,1.31875,3992,1765,40,4.006614,1.31875,1785,718,17.88889,1.75923383,1.33125,4017,835,40.25,2.05822682,1.33125,83.75,1.55,1.55,99.80911
09/07/2026 14:32:09,1.59,1.59,3.17,1.56,0,0,61.9,59.38,14.29,19.05,26.98,25.4,17.91,61.9,14.6258917,2797,702,2945,32.5,39.75,0.08065136,1.29375,2850,32,39.75,0.0761715546,1.29375,1362,39.5,17.666666,0.08141389,1.29375,3967,2453.5,39.75,5.51798534,1.29375,3918,574,39.25,1.3943361,1.29375,1741,1080,17.4444447,2.66768551,1.29375,84.375,1.55,1.55,99.80917
09/07/2026 14:32:11,3.12,4.69,1.56,1.56,4.69,1.56,79.69,70.31,7.81,6.25,17.19,21.88,18.36,79.69,14.3096027,2857,710,3942,140.5,39.5,0.453518867,1.30625,3942,47.5,39.5,0.09511686,1.30625,1763,103.5,17.666666,0.3251856,1.30625,3967,2946.5,39.75,6.56984138,1.30625,1763,291.5,17.666666,0.6907174,1.30625,1763,728,17.666666,1.85121214,1.30625,84.75,1.55,1.55,99.8092041
09/07/2026 14:32:13,4.76,7.94,11.11,4.76,7.94,22.22,7.94,7.94,20.63,19.05,47.62,42.86,17.06,47.62,15.2452974,2920,733,1797,306.5,18,0.852553248,1.35625,1797,362,18,1.23516762,1.35625,1797,683.5,18,1.63032019,1.35625,4042,356,40.5,1.10803986,1.35625,4042,866,40.5,1.842976,1.35625,4042,1825.5,40.5,4.3343215,1.35625,84.5,1.55,1.55,99.80913
09/07/2026 14:32:15,12.5,10.94,35.94,43.08,14.06,6.25,14.06,24.62,6.25,21.88,31.25,28.12,20.75,43.08,16.7680931,3204,819,1741,452,17.4444447,1.17313719,1.2875,1741,1591,17.4444447,3.89147663,1.2875,3918,351.5,39.25,1.16860735,1.2875,3942,887,39.5,2.14541936,1.3,3942,569.5,39.5,1.45702159,1.3,3942,1064.5,39.5,2.62707329,1.3,84.25,1.55,1.55,99.80913
09/07/2026 14:32:17,12.5,10.94,25,29.69,14.06,28.12,59.38,56.25,26.56,23.44,20.31,26.56,27.73,59.38,18.5646648,3855,1013,3818,370,38.25,1.00097871,1.28125,3818,842,38.25,2.22045183,1.26875,3818,547.5,38.25,1.55733728,1.26875,3818,2274.5,38.25,4.77901173,1.26875,3918,1046,39.25,2.57841253,1.29375,3942,999.5,39.5,2.36678672,1.28125,84.75,1.55,1.55,99.80921
09/07/2026 14:32:19,14.29,15.87,11.11,19.05,6.35,7.94,34.92,39.68,11.11,17.46,61.9,65.08,25.4,65.08,17.45559,2541,918,4042,431.5,40.5,1.16607749,1.38125,1797,332.5,18,0.9917391,1.38125,1797,201.5,18,0.570435464,1.38125,4042,1518,40.5,3.43023229,1.38125,1785,583,17.88889,1.62052107,1.34375,1785,2444.5,17.88889,5.197682,1.34375,85,1.55,1.55,99.8092
09/07/2026 14:32:21,13.85,4.62,12.31,33.85,3.08,20,23.08,27.69,18.46,27.69,21.54,27.69,19.49,33.85,15.5808668,3190,717,3893,320,39,0.684652865,1.29375,3893,873,39,2.86622429,1.275,1741,360,17.4444447,1.11953664,1.28125,3918,1013,39.25,2.35248852,1.28125,3942,780.5,39.5,1.83913445,1.29375,1752,955.5,17.5555553,2.35372782,1.29375,84.75,1.55,1.55,99.8092
09/07/2026 14:32:23,4.55,1.54,6.15,4.62,6.06,4.55,19.7,10.61,15.15,16.92,72.73,81.82,20.37,81.82,15.9196806,3660,820,4042,134,40.5,0.316484451,1.35625,1797,311,18,0.804981351,1.35625,4042,231.5,40.5,0.640583456,1.35625,4042,647,40.5,1.65582263,1.375,4017,702,40.25,1.79458666,1.375,4017,2893.5,40.25,6.570122,1.375,84.875,1.55,1.55,99.8092
09/07/2026 14:32:25,17.19,15.62,15.62,21.88,25,25,32.81,29.69,26.56,32.81,35.94,40.62,26.56,40.62,18.8194523,3143,1043,1708,634,17.11111,1.29439628,1.2625,3843,702,38.5,1.62076831,1.2625,3843,878,38.5,2.025516,1.2625,3843,1241.5,38.5,2.88115144,1.2625,3893,1166,39,2.87469316,1.2625,1730,1634.5,17.333334,3.75626755,1.2625,84.75,1.55,1.55,99.80927
09/07/2026 14:32:27,4.69,6.25,40.62,65.62,29.69,46.88,15.62,4.69,6.25,9.38,10.94,10.94,20.96,65.62,17.8541775,3216,864,1763,250.5,17.666666,0.6717254,1.2875,1763,2191,17.666666,5.984484,1.2875,3967,1594.5,39.75,3.88039827,1.2875,3918,310,39.25,0.784779966,1.2875,3942,439,39.5,1.14756346,1.3,3942,401.5,39.5,1.01817524,1.3,84.625,1.55,1.55,99.80914
09/07/2026 14:32:29,17.19,4.69,17.19,9.38,10.94,12.5,48.44,42.19,9.38,17.19,37.5,48.44,22.92,48.44,16.20603,3273,870,3942,286,39.5,0.65104413,1.26875,3942,452.5,39.5,1.19990659,1.26875,3918,494,39.25,1.16669607,1.26875,1959,1605,19.625,3.372041,1.26875,1959,627,19.625,1.53858864,1.26875,3918,1752.5,39.25,3.896584,1.26875,84.875,1.55,1.55,99.80916
09/07/2026 14:32:31,7.94,11.11,4.76,1.59,23.81,36.51,19.05,23.81,33.33,34.92,12.7,26.98,19.71,36.51,16.0169449,4000,785,3967,346.5,39.75,0.853978336,1.30625,3967,159,39.75,0.338410765,1.30625,3967,1269.5,39.75,2.969219,1.30625,4017,897,40.25,2.262229,1.35,4042,1262,40.5,3.28188848,1.375,4042,774,40.5,1.91397572,1.375,84.875,1.55,1.55,99.80923
09/07/2026 14:32:33,27.69,10.77,32.31,43.08,23.08,21.54,47.69,52.31,36.92,38.46,33.85,41.54,34.1,52.31,20.9415741,3622,1262,3992,654.5,40,1.48387885,1.3375,3992,1350.5,40,3.282075,1.3375,3992,892.5,40,1.90050924,1.3375,1774,1960,17.7777786,4.121121,1.31875,3992,1228.5,40,2.67046452,1.31875,3992,1487,40,3.211861,1.3375,84.875,1.55,1.55,99.80915
09/07/2026 14:32:35,7.81,4.69,18.75,14.06,15.62,12.5,60.94,62.5,6.25,6.25,6.25,14.06,19.14,62.5,14.9739923,2882,744,1719,258,17.2222214,0.635681868,1.25625,1946,576,19.5,1.63714755,1.2625,1946,579.5,19.5,1.38615024,1.2625,3893,2383,39,5.18917656,1.2625,3893,212.5,39,0.5408591,1.2625,3893,453,39,1.15777957,1.2625,85.125,1.55,1.55,99.80917
09/07/2026 14:32:37,7.69,4.69,55.38,56.25,12.31,14.06,32.31,21.88,9.23,13.85,44.62,41.54,26.15,56.25,16.32104,3511,803,3334,71.5,39.75,0.193864584,1.3,3967,2106,39.75,4.897325,1.3,1763,191.5,17.666666,0.474422038,1.3,3967,822,39.75,2.38241053,1.3,3992,277.5,40,0.819388151,1.30625,4042,1347.5,40.5,3.19525862,1.325,85,1.55,1.55,99.80914
09/07/2026 14:32:39,9.23,6.35,7.69,3.08,18.46,12.5,41.54,35.94,14.06,13.85,64.62,62.5,24.15,64.62,14.0815859,2778,718,1397,149,14,0.341181666,1.25,3703,41.5,38.75,0.07932405,1.25,1934,424,19.375,1.10695755,1.25,3868,1373.5,38.75,2.85175776,1.25,3843,402.5,38.5,1.034149,1.24375,1921,1918.5,19.25,4.380741,1.24375,85,1.55,1.55,99.80916
09/07/2026 14:32:41,7.94,12.7,17.46,14.29,6.35,3.17,52.38,57.14,15.87,9.52,20.63,25.4,20.24,57.14,15.4405441,2903,721,1785,375.5,17.88889,1.147791,1.3625,1785,453.5,17.88889,1.14387345,1.3625,1774,68.5,17.7777786,0.17679964,1.3625,3992,2021,40,4.81631851,1.3625,4042,491,40.5,1.40219855,1.3625,4042,918.5,40.5,2.38592339,1.36875,85,1.55,1.55,99.80918
09/07/2026 14:32:43,18.75,14.06,14.06,6.25,12.5,4.69,67.19,56.25,26.56,18.75,26.56,25,24.22,67.19,17.674921,2360,882,1663,687.5,16.666666,1.74538851,1.23125,3743,335,37.5,0.861005664,1.21875,1663,259,16.666666,0.6597443,1.21875,3743,2184,37.5,5.256112,1.21875,1675,795,16.7777786,1.92658448,1.21875,1675,1030.5,16.7777786,2.65703225,1.21875,84.875,1.55,1.55,99.8092
09/07/2026 14:32:45,7.81,7.81,1.56,1.56,7.81,21.88,46.88,35.94,17.19,25,32.81,48.44,21.22,48.44,16.4466228,3472,826,3868,280.5,38.75,0.829745352,1.2625,3216,49.5,38.75,0.109895624,1.2625,3868,567,38.75,1.42139566,1.2625,4042,1612,40.5,4.026211,1.36875,1797,797,18,1.99415314,1.36875,4042,1647.5,40.5,3.79998231,1.3625,84.875,1.55,1.55,99.80915
09/07/2026 14:32:47,6.35,1.59,14.29,26.98,20.63,14.29,42.86,44.44,17.46,14.29,73.02,60.32,28.04,73.02,19.1093521,3070,1047,1675,206,16.7777786,0.508788168,1.23125,3768,639,37.75,1.75063908,1.23125,3768,672.5,37.75,2.0428977,1.23125,3768,1550.5,37.75,3.57237434,1.23125,3768,598.5,37.75,1.40971673,1.23125,1675,2613.5,16.7777786,5.54224968,1.23125,85.25,1.55,1.55,99.8092
09/07/2026 14:32:49,29.69,26.56,28.12,29.69,14.06,15.62,25,42.19,34.38,15.62,37.5,35.94,27.86,42.19,19.719923,3273,1000,4017,977,40.25,2.7319088,1.35625,4017,1039.5,40.25,2.716511,1.35625,4017,572.5,40.25,1.54668188,1.35625,1785,1280.5,17.88889,2.982454,1.35,4017,822,40.25,2.09218979,1.35,1785,1309,17.88889,3.44292927,1.35,85.25,1.55,1.55,99.80921
09/07/2026 14:32:51,4.69,7.81,20.31,3.12,9.38,7.81,43.75,56.25,17.19,17.19,6.25,14.06,17.32,56.25,14.8582239,2732,697,1235,247,12.375,0.7149122,1.375,1235,449.5,12.375,1.80163741,1.375,1797,366,18,0.9697796,1.38125,4042,1951.5,40.5,4.390246,1.38125,4042,641.5,40.5,1.25621414,1.38125,4042,525.5,40.5,1.29757285,1.38125,85.125,1.55,1.55,99.8092
09/07/2026 14:32:53,3.17,1.59,26.98,25.4,4.76,1.56,31.75,11.11,21.88,25.4,36.51,47.62,19.81,47.62,15.1603966,3020,716,3568,41.5,40.5,0.105994821,1.36875,1797,928.5,18,2.42588687,1.36875,1480,28,18,0.06582628,1.36875,4042,871,40.5,1.98506224,1.36875,3618,830,36.25,2.18178463,1.18125,3618,1597,36.25,4.106328,1.18125,85,1.55,1.55,99.80915
09/07/2026 14:32:55,6.25,6.25,12.5,14.06,7.81,3.12,54.69,53.12,15.62,25,21.88,21.88,20.18,54.69,15.4731064,2543,775,1797,185.5,18,0.4545948,1.35,4042,610,40.5,1.63507938,1.36875,1797,214.5,18,0.5834925,1.36875,4042,2117,40.5,4.812271,1.36875,1797,684,18,1.96646047,1.36875,1785,841.5,17.88889,1.95685434,1.3625,85.125,1.55,1.55,99.80919
09/07/2026 14:32:57,4.55,0,15.15,12.31,1.54,0,66.67,62.12,16.67,18.18,21.21,16.67,19.59,66.67,13.632185,2779,703,3843,66.5,38.5,0.141752,1.25625,1921,491.5,19.25,1.19310558,1.25625,1305,26,17.11111,0.0542579927,1.25625,3843,2401.5,38.5,4.67163,1.2625,1921,618,19.25,1.48454273,1.2625,3843,614.5,38.5,1.71656513,1.2625,85.125,1.55,1.55,99.8091354
09/07/2026 14:32:59,7.94,6.35,22.22,28.57,17.46,15.87,19.05,11.11,23.81,30.16,36.51,28.57,20.63,36.51,16.3057919,2437,826,1719,268,17.2222214,0.623491645,1.25625,1719,1053,17.2222214,2.82628131,1.25625,3868,595.5,38.75,1.56153154,1.26875,3868,616,38.75,1.50847948,1.26875,1719,1128.5,17.2222214,2.517334,1.26875,1730,1296.5,17.333334,2.87000084,1.2625,85.125,1.55,1.55,99.80922
09/07/2026 14:33:01,11.11,11.11,20.63,20.63,20.63,17.46,49.21,38.1,36.51,36.51,39.68,44.44,28.84,49.21,19.9121113,3153,1104,1884,449,18.875,1.14931083,1.2375,3768,722,37.75,1.86084318,1.2375,3768,695,37.75,1.49087954,1.2375,3768,1691.5,37.75,4.142538,1.2375,3967,1514,39.75,3.33195925,1.30625,1763,1551.5,17.666666,3.53324747,1.30625,85.25,1.55,1.55,99.8092041
09/07/2026 14:33:03,7.81,12.5,0,0,3.12,6.25,42.19,28.12,10.94,18.75,32.81,48.44,17.58,48.44,14.80928,2526,740,1797,427,18,1.28855371,1.35625,3942,79.5,39.5,0.221362725,1.28125,1752,242,17.5555553,0.5446109,1.26875,1971,1375.5,19.75,3.26841354,1.26875,1752,664,17.5555553,1.76042628,1.26875,3942,1654.5,39.5,3.721857,1.26875,85.125,1.55,1.55,99.80919
09/07/2026 14:33:05,7.81,7.81,4.69,9.38,4.69,0,45.31,76.56,0,7.81,6.25,34.38,17.06,76.56,14.9812565,2545,714,4042,358,40.5,0.8348972,1.35,1797,284,18,0.8708689,1.35,1797,127.5,18,0.303432375,1.35,1797,2397.5,18,5.723668,1.35625,1797,218.5,18,0.474762052,1.35625,4042,900,40.5,2.455947,1.35625,85.125,1.55,1.55,99.80919
09/07/2026 14:33:07,16.92,21.54,7.69,13.85,6.15,6.15,36.92,35.38,21.54,16.92,12.31,4.62,16.67,36.92,13.8657875,3294,620,4042,623.5,40.5,1.42615521,1.35625,4042,409,40.5,1.26857293,1.35625,1797,162,18,0.42867887,1.35625,4042,1531.5,40.5,3.5200274,1.35625,4042,691,40.5,1.772598,1.35625,1797,304.5,18,1.0835402,1.35625,84.875,1.55,1.55,99.80919
09/07/2026 14:33:09,12.31,3.08,6.15,3.08,12.31,10.77,24.62,32.31,23.08,29.69,13.85,9.23,15.04,32.31,14.0546236,2545,544,4042,289.5,40.5,0.857933,1.35625,1797,186,18,0.487370461,1.35625,1797,312.5,18,0.925664544,1.35625,1797,1065.5,18,3.4099896,1.35625,1797,1004,18,3.23551917,1.35625,4042,408.5,40.5,1.24189186,1.35625,84.5,1.55,1.55,99.80921
09/07/2026 14:33:11,10.77,10.77,1.54,15.38,0,0,41.54,3.08,3.08,15.38,7.69,4.62,9.49,41.54,11.940649,2497,370,1797,330,18,1.12493587,1.34375,4042,315,40.5,1.11190093,1.34375,1508,18.5,18,0.0431725457,1.34375,1797,926,18,3.54414082,1.34375,4042,356.5,40.5,1.26378047,1.36875,1797,277,18,1.011959,1.36875,83.875,1.55,1.55,99.8092
09/07/2026 14:33:13,21.54,20,7.69,7.69,4.62,3.08,9.23,16.92,6.15,13.85,18.46,32.31,13.46,32.31,12.3736038,2920,399,4042,458.5,40.5,1.61339426,1.34375,4042,214.5,40.5,0.6416686,1.34375,1797,53,18,0.118489034,1.34375,1797,458,18,1.70537841,1.34375,1797,378,18,1.39702487,1.34375,4042,831,40.5,2.93280625,1.34375,83,1.55,1.55,99.80915
09/07/2026 14:33:15,20.63,9.52,12.7,33.33,23.81,4.76,1.59,6.35,3.17,9.52,14.29,20.63,13.36,33.33,13.9083481,3294,521,1797,548.5,18,1.977768,1.35,1797,988,18,2.912464,1.36875,4042,384,40.5,1.26411819,1.36875,4042,183.5,40.5,0.5267472,1.36875,4042,255,40.5,0.8958694,1.36875,4042,768.5,40.5,2.53524518,1.35625,82.5,1.55,1.55,99.809166
09/07/2026 14:33:17,14.29,18.75,28.57,74.6,28.12,12.7,7.94,25.4,12.7,22.22,3.17,3.17,20.97,74.6,16.49452,2903,672,1797,555.5,18,1.7174226,1.35625,4042,1716.5,40.5,5.2142005,1.35625,4042,575.5,40.5,1.88120842,1.3375,1397,593,14,1.88794243,1.3375,2096,523,21,1.499625,1.3375,4042,69.5,40.5,0.196707144,1.35,83.125,1.55,1.55,99.8092346
09/07/2026 14:33:19,9.23,1.54,30.77,32.31,6.15,7.69,23.08,43.08,6.15,6.15,13.85,10.77,15.9,43.08,15.5555267,3294,606,1797,183.5,18,0.49329862,1.36875,1797,997.5,18,3.37180138,1.375,4042,324.5,40.5,0.9212998,1.375,4042,1280.5,40.5,4.075284,1.375,4042,323,40.5,1.05517423,1.36875,4042,529.5,40.5,1.7016083,1.36875,83.375,1.55,1.55,99.809166
09/07/2026 14:33:21,3.12,7.69,0,14.06,14.06,12.5,14.06,0,9.38,4.62,7.81,20.31,8.97,20.31,12.0869122,2345,385,4042,223,40.5,0.7400666,1.35625,1797,311.5,18,1.14370048,1.35625,4042,527,40.5,1.82931364,1.35625,1397,329,14,1.21201861,1.35,1397,285.5,14,1.03303337,1.35,1397,631.5,14,2.15807843,1.35,82.75,1.55,1.55,99.8092
09/07/2026 14:33:23,1.56,1.56,1.56,0,17.19,3.12,29.69,6.25,14.06,32.81,6.25,14.29,10.7,32.81,13.0294619,2926,459,4042,95,40.5,0.2466861,1.35625,1797,100,18,0.31565,1.35625,1797,399,18,1.41757667,1.375,4042,771,40.5,2.66972041,1.375,3918,998.5,39.25,3.2964642,1.28125,1959,391,19.625,1.30720818,1.28125,83.125,1.55,1.55,99.80921
09/07/2026 14:33:25,21.54,4.55,9.23,7.69,10.77,10.77,30.77,24.62,15.38,12.31,16.92,24.62,15.76,30.77,14.9037685,2920,643,4042,634,40.5,1.84070051,1.33125,1797,398,18,0.999743044,1.35,1797,366,18,0.8934736,1.35,4042,1026.5,40.5,3.40817952,1.35,1797,613,18,1.72444952,1.35,4042,818,40.5,2.27680182,1.35,82.625,1.55,1.55,99.80914
09/07/2026 14:33:27,1.54,1.54,30.77,6.15,13.85,55.38,12.31,6.15,1.54,0,0,1.54,10.9,55.38,12.0100851,1954,396,1781,43.5,18,0.10647139,1.34375,1797,673,18,2.418629,1.34375,4042,1339.5,40.5,4.84090757,1.36875,1976,251,19.8,0.8262072,1.36875,1235,41,12.375,0.08867491,1.36875,893,28,12.375,0.0542079,1.36875,82.125,1.55,1.55,99.8092
09/07/2026 14:33:29,7.81,23.44,18.75,6.25,7.81,4.69,21.88,48.44,4.69,1.56,10.94,4.69,13.41,48.44,12.3129921,2867,399,1797,478,18,1.67623878,1.36875,1797,352,18,1.26744914,1.36875,4042,59.5,40.5,0.126123667,1.38125,3992,1287.5,40,4.74261665,1.33125,1531,33,17.7777786,0.09460902,1.33125,4042,182.5,40.5,0.5900657,1.3,82.25,1.55,1.55,99.8092041
09/07/2026 14:33:31,1.59,0,15.62,9.52,0,14.29,1.59,12.7,0,14.29,15.87,20.63,8.84,20.63,12.157526,2450,398,1664,49,18,0.143620372,1.34375,1797,534,18,1.90518415,1.34375,4042,381.5,40.5,1.25951827,1.35625,1922,316.5,19.8,1.07597971,1.35625,1235,332.5,12.375,1.22978115,1.35625,4042,773,40.5,2.830488,1.3125,82.375,1.55,1.55,99.8092041
09/07/2026 14:33:33,12.5,1.56,0,0,17.19,6.25,9.38,45.31,3.12,15.62,1.56,6.25,9.9,45.31,12.2070332,2845,399,1797,176.5,18,0.6060042,1.325,1348,25.5,18,0.0659875944,1.325,4042,486,40.5,1.76589024,1.325,1797,1055,18,3.76925588,1.325,4042,425,40.5,1.59122622,1.325,4042,227.5,40.5,0.693698049,1.3625,81.875,1.55,1.55,99.80917
09/07/2026 14:33:35,11.11,6.35,3.17,15.87,4.76,3.17,9.52,22.22,11.11,17.46,23.81,4.76,11.11,23.81,13.6826105,2920,495,4042,327,40.5,0.955315351,1.35,1797,466,18,1.56518006,1.35,4042,156,40.5,0.41392988,1.35,1797,604.5,18,2.092696,1.35,1797,704,18,2.41017246,1.35,4042,714,40.5,2.42992568,1.35,82.125,1.55,1.55,99.8092041
09/07/2026 14:33:37,13.85,10.77,6.15,26.15,10.94,3.08,13.85,3.08,10.77,23.08,30.77,10.77,13.6,30.77,12.0997972,2338,397,1235,303,12.375,1.01692867,1.35,1235,491,12.375,1.87559307,1.35,1677,160.5,16.8,0.5588125,1.35,1797,186.5,18,0.7110969,1.35625,4042,495,40.5,1.754229,1.35625,4042,748,40.5,2.65649986,1.34375,81.5,1.55,1.55,99.80916
09/07/2026 14:33:39,9.38,15.62,1.56,1.56,6.25,12.5,3.12,39.06,10.94,23.44,10.94,9.38,11.98,39.06,12.0235415,3120,387,4042,422.5,40.5,1.495591,1.3375,3053,17.5,40.5,0.042212382,1.3375,1797,214,18,0.79329586,1.3375,1797,775.5,18,2.96799874,1.3375,4017,473,40.25,1.61995041,1.34375,4017,421.5,40.25,1.41542614,1.34375,81.5,1.55,1.55,99.80923
09/07/2026 14:33:41,6.15,1.56,37.88,1.52,3.03,1.52,1.54,16.92,4.62,21.54,16.67,18.46,10.95,37.88,12.0453577,2014,396,1235,60,12.375,0.181396618,1.33125,1235,788.5,12.375,2.894453,1.33125,1976,46.5,19.8,0.0938357,1.33125,1797,359,18,1.43526256,1.33125,1797,473,18,1.74898815,1.33125,4042,646,40.5,2.06002259,1.33125,81.125,1.55,1.55,99.80914
09/07/2026 14:33:43,6.15,4.69,7.69,1.54,0,7.69,3.08,0,6.15,46.15,21.54,10.77,9.62,46.15,11.9430561,2912,377,1797,215.5,18,0.7320238,1.33125,1797,158,18,0.550852,1.33125,4000,179,40.5,0.6385442,1.33125,1797,65,18,0.1958347,1.33125,4042,999.5,40.5,3.72736955,1.33125,4042,645,40.5,2.30876565,1.33125,81.625,1.55,1.55,99.80919
09/07/2026 14:33:45,7.81,7.81,31.25,12.5,29.69,9.38,12.5,54.69,1.56,4.69,4.69,12.5,15.76,54.69,15.3555975,2895,624,1797,223.5,18,0.6783049,1.35,4017,743.5,40.25,2.24477863,1.34375,1785,557,17.88889,1.737761,1.34375,4017,1429.5,40.25,5.08608,1.34375,1785,264,17.88889,0.6822227,1.34375,3967,523.5,39.75,1.48236775,1.3,81.625,1.55,1.55,99.80913
09/07/2026 14:33:47,4.76,9.52,11.11,38.1,30.16,34.92,49.21,17.46,4.76,1.59,15.87,17.46,19.58,49.21,16.59792,3294,706,1797,273.5,18,0.7435909,1.35,4042,653.5,40.5,2.238571,1.35,4042,1190,40.5,3.33184171,1.35,1797,1219.5,18,3.615335,1.35,4042,237,40.5,0.657207131,1.35,4042,661,40.5,1.95529783,1.35625,81.75,1.55,1.55,99.80919
09/07/2026 14:33:49,10.94,4.69,4.84,37.1,8.06,6.45,1.56,1.56,1.56,4.69,17.19,73.44,14.34,73.44,14.7021561,2337,554,1397,277.5,14,0.810532451,1.35,1397,620,14,2.0796845,1.35,1397,214,14,0.6496802,1.35,1797,171.5,18,0.431983352,1.35,4042,194.5,40.5,0.512709,1.35,3992,1848.5,40,6.112324,1.325,81.625,1.55,1.55,99.80922
09/07/2026 14:33:51,9.52,1.59,12.7,1.59,3.17,4.76,41.27,7.94,3.17,15.87,19.05,15.87,11.38,41.27,13.5990582,2853,500,1397,239,14,0.8022544,1.35,4042,360.5,40.5,1.24193347,1.36875,4042,122.5,40.5,0.293959439,1.36875,4042,1127,40.5,3.821534,1.36875,1797,366,18,1.26474059,1.36875,1797,783,18,2.542206,1.36875,81.625,1.55,1.55,99.8092
09/07/2026 14:33:53,3.08,14.93,10.45,0,21.21,3.03,0,24.24,6.15,7.69,7.69,1.54,8.33,24.24,12.1278172,2511,397,1235,462,12.375,1.55489719,1.3375,1976,260.5,19.8,0.890103161,1.3375,1976,548,19.8,1.94647241,1.3375,1797,555.5,18,2.0655272,1.3375,4042,329.5,40.5,1.19141388,1.35,4042,227,40.5,0.806548655,1.35,81.375,1.55,1.55,99.80921
09/07/2026 14:33:55,3.08,18.46,33.85,9.23,1.54,7.35,15.38,3.08,9.23,10.77,7.69,20,11.64,33.85,12.4710541,2541,432,1797,372.5,18,1.2441498,1.35625,1797,756.5,18,2.56107569,1.35625,4042,227.5,40.5,0.739693761,1.35625,1797,357,18,1.22958386,1.35625,1797,215,18,0.649855435,1.35625,4017,663.5,40.25,2.29598069,1.34375,80.625,1.55,1.55,99.80925
09/07/2026 14:33:57,4.69,15.62,6.25,1.59,9.09,6.06,1.54,15.62,3.12,32.81,9.84,4.69,9.24,32.81,11.9945889,2169,390,1797,430,18,1.433998,1.34375,1797,152,18,0.473962277,1.34375,4042,413.5,40.5,1.41602874,1.375,1797,344,18,1.29823411,1.375,1785,723.5,17.88889,2.72200012,1.375,1797,278.5,18,1.06758571,1.36875,81.125,1.55,1.55,99.80922
09/07/2026 14:33:59,18.75,9.38,14.06,12.5,7.81,7.94,4.69,17.19,9.38,6.15,29.69,40.62,14.85,40.62,12.8748579,2545,465,4042,400,40.5,1.2091248,1.33125,1797,406,18,1.22579563,1.35,1797,157,18,0.427167982,1.35,4042,256,40.5,0.96844,1.35,1797,241,18,0.766489565,1.35,1797,1332.5,18,4.800513,1.35,80.625,1.55,1.55,99.80921
09/07/2026 14:34:01,20.31,18.75,25,15.62,6.25,4.69,10.94,18.75,7.81,7.81,31.25,9.38,14.71,31.25,14.3208933,2920,573,1797,587,18,1.82510448,1.33125,1797,860,18,2.7281785,1.3375,4042,232,40.5,0.6269741,1.3375,1797,711.5,18,2.136769,1.3375,4042,272,40.5,0.7799424,1.34375,4042,775.5,40.5,2.58190823,1.35,80.375,1.55,1.55,99.80921
09/07/2026 14:34:03,9.09,4.55,4.55,15.38,22.73,4.55,6.06,1.52,12.12,16.67,4.55,24.24,10.5,24.24,12.1617956,2720,389,1397,199.5,14,0.657593131,1.35,1397,381,14,1.36109388,1.34375,1397,483,14,1.75372052,1.34375,4042,122.5,40.5,0.400918037,1.34375,4042,586,40.5,2.1081903,1.34375,4042,564.5,40.5,2.07666564,1.34375,80.25,1.55,1.55,99.80913
09/07/2026 14:34:05,7.81,0,0,9.38,0,0,6.25,0,12.5,17.74,17.19,39.06,9.16,39.06,11.8658714,2845,375,1797,138.5,18,0.470281929,1.3375,4042,212.5,40.5,0.750960946,1.3375,1350,15,18,0.0356779546,1.3375,1797,124,18,0.444191664,1.34375,4042,639.5,40.5,2.290756,1.34375,4042,1119,40.5,4.070188,1.34375,80.25,1.55,1.55,99.80921
09/07/2026 14:34:07,0,0,3.12,0,0,0,28.12,75,6.25,0,1.59,4.69,9.9,75,12.3428545,1844,405,1097,35,14,0.0861886,1.3625,1397,49,14,0.109353974,1.3625,1011,21,14,0.0460566059,1.3625,4017,2206,40.25,7.991352,1.3375,1785,49.5,17.88889,0.152635217,1.3375,1759,68,17.88889,0.198929071,1.3375,81.375,1.55,1.55,99.80909
09/07/2026 14:34:09,1.54,0,1.54,0,0,4.62,36.92,60,3.08,0,3.12,0,9.23,60,12.1952677,2215,393,881,28.5,12.375,0.0687147,1.3625,872,19.5,12.375,0.048974622,1.3625,1976,124.5,19.8,0.443990678,1.3625,4017,2102,40.25,7.61913061,1.35625,1785,46.5,17.88889,0.111568674,1.35625,3758,39,40.25,0.07034271,1.35625,81.375,1.55,1.55,99.80917
09/07/2026 14:34:11,4.62,3.08,18.46,6.15,0,1.54,21.54,23.08,7.69,16.92,23.08,7.69,11.15,23.08,13.2888756,2545,489,1797,197,18,0.5756824,1.31875,1797,545.5,18,1.88513088,1.33125,4042,112,40.5,0.295331836,1.33125,1797,940,18,3.22293973,1.33125,1797,529,18,1.65443361,1.33125,4042,612.5,40.5,1.98363209,1.33125,81.375,1.55,1.55,99.809166
09/07/2026 14:34:13,23.08,0,3.08,3.08,3.08,9.23,18.46,4.62,7.69,29.23,4.62,21.88,10.67,29.23,12.027051,2475,390,1797,448.5,18,1.59268618,1.3625,1375,31,18,0.06524089,1.3625,4042,279,40.5,0.8920146,1.3625,4042,331,40.5,1.22429013,1.3625,1797,703.5,18,2.60480332,1.36875,1797,547,18,1.98663521,1.36875,81.125,1.55,1.55,99.80922
09/07/2026 14:34:15,3.12,3.12,67.19,28.12,25,15.62,9.38,12.5,1.56,7.81,3.12,3.12,14.97,67.19,14.5819883,3294,581,1797,147,18,0.374462724,1.3375,4042,1934.5,40.5,5.750684,1.3375,1797,658,18,2.07810044,1.35625,4042,362.5,40.5,1.25993514,1.35625,4042,239.5,40.5,0.641397,1.35625,4042,142,40.5,0.4081524,1.35,80.5,1.55,1.55,99.809166
09/07/2026 14:34:17,6.15,6.15,16.92,26.15,6.15,1.56,52.31,33.85,33.85,26.15,18.46,20,20.64,52.31,16.2065964,2412,707,1397,221,14,0.6332584,1.34375,1397,589.5,14,1.78508282,1.34375,1797,122.5,18,0.295015663,1.38125,4042,1649,40.5,4.81404829,1.38125,4042,1006.5,40.5,2.842468,1.38125,1797,653,18,1.82201588,1.38125,82,1.55,1.55,99.80917
09/07/2026 14:34:19,6.25,4.69,21.88,26.56,9.38,0,10.94,46.88,4.69,6.25,18.75,0,13.02,46.88,14.1923742,3280,543,1797,134.5,18,0.326386154,1.35,4042,930,40.5,2.78823519,1.35,1717,143,18,0.502903163,1.35,4042,1319,40.5,4.273962,1.35625,4042,286,40.5,0.761804461,1.36875,4042,446,40.5,1.58496153,1.36875,82.625,1.55,1.55,99.8091354
09/07/2026 14:34:21,11.11,3.17,6.35,9.68,16.13,15.38,28.57,4.76,3.17,6.45,15.87,15.87,11.38,28.57,13.4767065,3406,501,2470,336,24.75,0.9705356,1.35,4042,381,40.5,1.17061424,1.35,1797,707,18,2.421138,1.35,4042,606,40.5,1.98450541,1.35,4042,275.5,40.5,0.795406938,1.34375,4042,701.5,40.5,2.35082626,1.34375,81.5,1.55,1.55,99.80916
09/07/2026 14:34:23,12.31,27.69,20,2.9,1.61,0,21.54,7.69,0,0,26.15,15.38,11.27,27.69,11.8516741,2845,388,4042,685,40.5,2.373758,1.325,1797,390.5,18,1.38060689,1.325,1608,22.5,18,0.06797924,1.3375,1797,379.5,18,1.32989132,1.3375,3783,23.5,40.5,0.05941732,1.3375,4042,827.5,40.5,3.08484125,1.3375,80.375,1.55,1.55,99.8092346
09/07/2026 14:34:25,14.06,28.12,18.46,7.35,6.25,12.5,9.38,4.69,18.75,7.69,36.92,28.12,16.03,36.92,14.2942505,2545,661,1797,836,18,2.32886529,1.34375,4042,489,40.5,1.28290045,1.34375,1797,375.5,18,0.6579127,1.3375,4042,379.5,40.5,0.7169784,1.36875,1797,498,18,1.19943857,1.36875,1797,1389,18,4.373803,1.36875,80.5,1.55,1.55,99.8092
09/07/2026 14:34:27,12.7,7.94,1.59,15.87,11.11,12.7,12.7,3.17,6.35,3.17,25.4,25.4,11.51,25.4,13.4764,3668,507,4042,404,40.5,1.26929009,1.325,1797,424,18,1.37140107,1.325,4042,495,40.5,1.59315991,1.325,4042,389.5,40.5,1.26138449,1.325,4042,249,40.5,0.726529241,1.325,4042,1081.5,40.5,3.722194,1.3625,80,1.55,1.55,99.8091354
09/07/2026 14:34:29,17.46,4.76,3.17,1.61,9.52,0,0,11.29,6.35,20.63,17.74,12.7,8.77,20.63,11.9488668,2544,403,4042,520.5,40.5,1.719645,1.35,1797,70,18,0.2610829,1.34375,1797,228.5,18,0.780148745,1.35,1787,275,18,0.9948887,1.35,4042,632,40.5,2.258302,1.35,1797,693,18,2.3934586,1.35,80,1.55,1.55,99.80923
09/07/2026 14:34:31,1.59,0,11.11,36.51,0,1.59,1.59,0,6.35,15.87,19.05,15.87,9.13,36.51,11.9122753,2355,398,1381,125,14,0.3504411,1.3375,1235,959.5,12.375,3.29580069,1.3375,1890,27.5,19.8,0.1744133,1.3375,1540,30,18,0.07301238,1.3375,4042,506,40.5,1.80807376,1.3375,4042,740,40.5,2.67951822,1.3375,80.125,1.55,1.55,99.80922
09/07/2026 14:34:33,6.35,0,0,11.11,6.25,18.75,11.11,1.59,6.35,32.81,6.35,4.76,8.79,32.81,11.9029827,3668,388,4042,154.5,40.5,0.526866436,1.3375,1797,250.5,18,0.90374,1.3375,4042,535,40.5,1.89597821,1.3375,4042,227,40.5,0.864411652,1.3375,4042,829,40.5,3.11960745,1.3375,4042,330,40.5,1.04759884,1.3625,80.125,1.55,1.55,99.80918
09/07/2026 14:34:35,12.5,12.5,3.12,12.5,15.62,7.81,3.12,0,0,28.12,12.5,20.31,10.68,28.12,12.4161291,2920,418,1797,433.5,18,1.44659173,1.34375,1797,307.5,18,1.04010844,1.34375,4042,445.5,40.5,1.51427376,1.34375,1797,115,18,0.3847256,1.34375,4042,646,40.5,2.43529773,1.34375,4042,560,40.5,1.83300889,1.34375,80.25,1.55,1.55,99.809166
09/07/2026 14:34:37,14.29,0,12.7,3.28,6.35,7.94,70.31,13.85,14.29,23.08,11.11,9.52,15.56,70.31,14.9684448,2480,603,1797,244,18,0.699652255,1.3625,1223,321,12.25,0.8887754,1.3625,1976,323.5,19.8,0.8869678,1.3625,4042,1781,40.5,5.859651,1.3625,4042,632.5,40.5,1.90600348,1.38125,1797,314.5,18,0.9296241,1.38125,81.375,1.55,1.55,99.80918
09/07/2026 14:34:39,3.12,1.41,8.45,3.03,14.06,14.06,10.94,10.94,6.25,20.31,17.19,1.56,9.28,20.31,11.8875856,2014,394,1797,95.5,18,0.280373,1.33125,1797,269.5,18,0.9185772,1.33125,4042,678.5,40.5,2.38767433,1.34375,1235,389.5,12.375,1.38062084,1.34375,1976,551.5,19.8,2.09490776,1.34375,1235,376.5,12.375,1.32887828,1.34375,80.875,1.55,1.55,99.80923
09/07/2026 14:34:41,0,0,0,15.87,0,0,0,57.81,4.76,6.35,15.87,1.56,8.52,57.81,12.0643759,2003,389,1396,30.5,18,0.08313615,1.3625,1785,345,18,1.26434314,1.3625,1296,16,18,0.03846004,1.375,3992,1312,40,4.79147434,1.35625,1774,244.5,17.7777786,0.8269836,1.35625,1774,387.5,17.7777786,1.30093932,1.35625,80.875,1.55,1.55,99.80917
09/07/2026 14:34:43,0,0,17.19,7.81,21.88,17.19,12.5,10.94,1.56,15.38,0,3.12,8.96,21.88,11.8058128,2493,391,1487,28.5,18,0.07171268,1.34375,1797,533.5,18,1.94356489,1.34375,4042,840,40.5,3.04803753,1.34375,1797,479.5,18,1.70542777,1.34375,4042,380,40.5,1.22780454,1.34375,1792,82.5,18,0.280134022,1.34375,81.125,1.55,1.55,99.8092
09/07/2026 14:34:45,3.12,0,3.12,7.81,4.69,18.75,85.94,40.62,3.12,6.25,14.06,0,15.62,85.94,15.2720852,3294,638,1797,95.5,18,0.273193628,1.35,4042,187,40.5,0.5980323,1.36875,4042,542.5,40.5,1.57717037,1.35625,4042,2350.5,40.5,7.02810049,1.35625,1797,225.5,18,0.598459661,1.3625,4042,426.5,40.5,1.2438432,1.3625,81.75,1.55,1.55,99.80915
09/07/2026 14:34:47,12.7,7.94,50.79,61.9,23.81,33.85,11.11,4.76,14.29,12.7,9.52,7.94,20.94,61.9,17.8652267,3294,813,1797,312,18,0.840884745,1.3375,4042,2013,40.5,5.67091942,1.3375,4042,1217,40.5,3.52960587,1.3375,4042,436.5,40.5,1.21477461,1.3375,1797,477,18,1.35487926,1.35625,4042,424.5,40.5,1.21352148,1.34375,82.375,1.55,1.55,99.8092041
09/07/2026 14:34:49,9.38,4.69,23.44,32.81,12.5,17.19,26.56,20.31,14.06,25,7.81,9.38,16.93,32.81,14.8887815,2920,576,1797,240,18,0.654315,1.35,4042,996.5,40.5,3.37372375,1.35625,4042,425,40.5,1.3592329,1.35625,4042,893.5,40.5,2.928031,1.325,1797,696,18,2.20895362,1.325,1797,207,18,0.6212161,1.325,82.625,1.55,1.55,99.80919
09/07/2026 14:34:51,6.25,4.62,0,1.49,12.7,7.94,21.88,25,12.5,17.91,16.67,3.12,10.84,25,12.6031876,2061,410,1336,154.5,14,0.403544933,1.3625,1595,38.5,18,0.0977968946,1.3625,1797,367,18,1.30003309,1.35625,4042,1026,40.5,3.78807974,1.35625,1797,577,18,2.0071907,1.35625,1797,299.5,18,1.0750581,1.35625,82,1.55,1.55,99.80919
09/07/2026 14:34:53,0,1.56,0,0,20.31,6.25,6.25,0,7.81,15.62,28.12,32.81,9.9,32.81,12.54015,2309,418,1048,131,12.375,0.3460971,1.3375,1130,51,12.375,0.13177526,1.3375,1797,591,18,2.12287974,1.34375,1797,111.5,18,0.3273695,1.34375,4042,420.5,40.5,1.51449585,1.34375,4042,1202.5,40.5,4.17278051,1.34375,81.125,1.55,1.55,99.80921
09/07/2026 14:34:55,17.19,7.94,7.81,4.76,7.81,46.88,10.94,7.81,9.38,25.4,26.56,7.81,15.02,46.88,13.0910892,2545,483,1797,360,18,1.09529877,1.33125,1797,90,18,0.207727239,1.33125,4042,1033,40.5,3.61196351,1.33125,1797,185,18,0.4961625,1.33125,1797,576,18,1.93397009,1.33125,4042,653.5,40.5,2.03090954,1.35,80.875,1.55,1.55,99.80916
09/07/2026 14:34:57,6.15,4.62,10.77,3.08,3.08,24.62,41.54,15.38,9.23,18.46,6.15,6.15,12.44,41.54,13.1090565,4004,464,4042,137.5,40.5,0.418141633,1.35625,4042,246.5,40.5,0.8421234,1.35625,4042,554,40.5,1.99672413,1.35625,3967,1176.5,39.75,4.150437,1.33125,3967,452.5,39.75,1.45459151,1.3125,3967,214,39.75,0.651023746,1.3125,81.125,1.55,1.55,99.80922
09/07/2026 14:34:59,15.38,3.08,1.54,3.08,12.31,20,1.54,0,15.38,18.46,28.12,6.15,10.42,28.12,12.2170362,2536,424,1797,309,18,1.04583848,1.34375,1739,63,18,0.194896892,1.34375,4042,730,40.5,2.40463424,1.3625,1797,63,18,0.158018649,1.3625,4042,657,40.5,2.38405347,1.3125,1797,721,18,2.577498,1.3125,81.25,1.55,1.55,99.8092041
09/07/2026 14:35:01,12.31,1.56,3.08,1.54,10.77,25.76,7.69,15.38,12.31,23.08,12.31,24.62,12.53,25.76,12.7286749,3668,434,4042,234.5,40.5,0.7655438,1.3375,1797,81,18,0.218820974,1.3375,4042,754.5,40.5,2.525143,1.35,4042,362.5,40.5,1.26589417,1.35,4042,562.5,40.5,1.95634,1.35,4042,606.5,40.5,2.02735376,1.35,81,1.55,1.55,99.8092346
09/07/2026 14:35:03,12.7,1.59,7.94,6.78,0,1.59,19.05,17.46,6.35,22.58,22.22,19.05,11.44,22.58,13.6992712,2786,500,1397,351,14,0.9616664,1.35,1397,288.5,14,0.8623972,1.35,4042,112,40.5,0.264203072,1.35,4042,813.5,40.5,2.8381598,1.36875,1797,599,18,2.01627016,1.36875,4042,838.5,40.5,2.8517065,1.36875,80.875,1.55,1.55,99.80921
09/07/2026 14:35:05,0,1.56,1.56,4.69,1.56,0,23.44,31.75,9.38,18.75,6.25,10.94,9.16,31.75,11.9779024,2798,382,1332,57,18,0.183500692,1.33125,3959,124.5,40.5,0.412267625,1.33125,1619,25.5,18,0.06429513,1.33125,4042,1100.5,40.5,4.17248154,1.33125,4042,660.5,40.5,2.290229,1.34375,1797,325,18,1.148513,1.33125,81.125,1.55,1.55,99.8092
09/07/2026 14:35:07,4.69,1.59,0,18.75,7.81,7.81,32.81,11.29,3.12,20.31,4.69,3.12,9.67,32.81,12.1072578,2388,400,1235,96.5,12.375,0.3294725,1.35,1235,414,12.375,1.49618173,1.35,1976,292,19.8,1.02666879,1.35,1797,884,18,3.14808083,1.34375,4042,544,40.5,1.86965823,1.3375,4042,171,40.5,0.523578942,1.3375,80.875,1.55,1.55,99.80916
09/07/2026 14:35:09,0,0,0,0,0,0,32.31,38.46,0,0,3.08,33.85,8.97,38.46,12.0039768,2236,390,1260,22,18,0.060311798,1.35625,1470,21,18,0.053188,1.35625,3050,15.5,40.5,0.0338373855,1.35625,4042,1468,40.5,5.31730366,1.35625,1797,35,18,0.08285105,1.35625,1797,781.5,18,2.73583484,1.35625,80.625,1.55,1.55,99.80916
09/07/2026 14:35:11,20.31,69.84,3.12,10.77,1.56,0,1.56,1.59,1.56,1.59,1.56,3.12,9.72,69.84,11.6271753,2274,395,1797,1842,18,6.58655071,1.34375,4042,335.5,40.5,1.0832808,1.35,1567,19,18,0.0380695127,1.35,1384,29,18,0.210989326,1.35,1703,53,18,0.154313266,1.3625,3151,92,40.5,0.2278418,1.30625,79.875,1.55,1.55,99.80919
09/07/2026 14:35:13,20,7.69,7.69,1.54,0,0,20,6.06,7.69,4.55,9.23,47.69,11.01,47.69,13.26975,2545,495,4042,596.5,40.5,1.96964419,1.34375,1797,168,18,0.5347931,1.34375,1797,72.5,18,0.170775652,1.34375,1797,636.5,18,2.21263981,1.34375,4042,190.5,40.5,0.5131659,1.35,1797,1307,18,4.27920628,1.35,79.375,1.55,1.55,99.80921
09/07/2026 14:35:15,4.69,23.81,40.62,29.69,23.44,23.44,7.81,1.56,6.25,11.11,4.69,12.5,15.8,40.62,14.9902868,3294,599,1797,498,18,1.60311735,1.34375,4042,1410.5,40.5,4.264511,1.34375,4042,697,40.5,2.35859275,1.34375,1797,227.5,18,0.753652036,1.34375,4042,347,40.5,1.02708411,1.33125,4042,414,40.5,1.32060933,1.33125,78.87501,1.55,1.55,99.809166
09/07/2026 14:35:17,4.76,3.12,63.49,68.25,36.51,17.46,9.52,14.29,14.29,7.94,3.17,11.11,21.16,68.25,15.9923544,2895,676,1797,118,18,0.315285176,1.35,4042,2475.5,40.5,6.98738861,1.35,4042,646.5,40.5,2.0151763,1.35,1797,382.5,18,1.1314795,1.35,4042,336,40.5,0.9518578,1.35625,1652,95,18,0.362962723,1.35625,79.375,1.55,1.55,99.8092
09/07/2026 14:35:19,16.67,13.64,21.21,36.36,16.67,15.15,27.27,16.67,7.58,34.85,18.18,10.61,19.57,36.36,15.3908644,3668,627,1797,297,18,0.812846363,1.34375,4042,826,40.5,2.68073654,1.35625,4042,531,40.5,1.48989046,1.3625,4042,860,40.5,2.31475472,1.3625,4042,705.5,40.5,2.47502065,1.3625,4042,540,40.5,1.60628521,1.3625,81.25,1.55,1.55,99.80917
09/07/2026 14:35:21,6.25,19.05,9.38,1.56,9.38,12.5,9.38,1.56,4.69,10.94,21.88,28.12,11.22,28.12,13.0754156,2920,464,1797,461,18,1.501933,1.34375,1797,216,18,0.674236059,1.35625,4042,541,40.5,1.66751611,1.35,1797,232.5,18,0.75468725,1.35,4042,284.5,40.5,0.990372062,1.35,4042,1052,40.5,3.59047484,1.36875,81.25,1.55,1.55,99.80927
09/07/2026 14:35:23,6.35,12.7,26.98,19.05,6.35,6.15,6.35,4.76,11.11,4.76,20.63,3.17,10.7,26.98,13.1513844,4042,479,4042,481.5,40.5,1.48534977,1.3375,4042,1034,40.5,3.59588385,1.3375,4042,235.5,40.5,0.731264234,1.35625,4042,244.5,40.5,0.636334538,1.35625,4042,318,40.5,1.04667985,1.35,4042,563,40.5,1.775294,1.35,80.75,1.55,1.55,99.80917
09/07/2026 14:35:25,24.24,25.76,27.27,13.64,3.03,4.55,24.24,40.91,10.61,16.67,15.15,9.09,17.93,40.91,13.1799088,2920,465,4042,501,40.5,1.49009717,1.325,1797,523.5,18,1.62029278,1.33125,4042,146.5,40.5,0.3402957,1.33125,1797,915,18,3.22766876,1.33125,4042,434.5,40.5,1.48262417,1.33125,1797,268.5,18,0.8426517,1.3625,81.125,1.55,1.55,99.80923
09/07/2026 14:35:27,3.12,3.12,6.25,15.15,2.94,4.69,7.81,9.38,4.69,29.69,17.19,29.69,11.14,29.69,11.9985828,2534,390,1731,63.5,18,0.185417056,1.3375,1797,426.5,18,1.52788031,1.3375,4042,99,40.5,0.317664385,1.3375,1797,262,18,0.7926777,1.3375,4042,567.5,40.5,2.10785866,1.3625,1797,922,18,3.28745246,1.3625,81.375,1.55,1.55,99.80921
09/07/2026 14:35:29,10.77,7.69,15.38,18.46,3.08,4.62,15.38,6.15,18.46,30.77,13.85,10.77,12.95,30.77,13.2922211,3294,504,1797,293,18,0.8699212,1.33125,1797,608,18,1.92621839,1.33125,4042,85.5,40.5,0.198383912,1.33125,4042,429,40.5,1.362211,1.33125,4042,1025.5,40.5,3.50450826,1.35625,4042,585.5,40.5,1.88457847,1.3625,81.25,1.55,1.55,99.80916
09/07/2026 14:35:31,6.15,1.56,3.08,32.31,1.54,15.38,24.62,21.54,6.15,6.15,7.69,1.54,10.64,32.31,11.9730587,2388,399,1235,92.5,12.375,0.237296462,1.31875,1235,692,12.375,2.41118336,1.31875,1976,369.5,19.8,1.28419518,1.31875,1797,854.5,18,3.16566849,1.31875,4042,163.5,40.5,0.496697575,1.31875,4042,223,40.5,0.5998746,1.31875,80.25,1.55,1.55,99.8091354
09/07/2026 14:35:33,16.92,13.85,4.62,15.71,24.64,15.94,38.46,4.62,4.62,6.06,4.62,4.55,12.88,38.46,11.8575373,3294,393,4042,302.5,40.5,0.9644192,1.35625,4042,383,40.5,1.33015561,1.35625,4042,622,40.5,2.15989,1.3625,1797,807.5,18,3.13736677,1.3625,4042,201,40.5,0.6330665,1.3625,1797,43,18,0.09385546,1.34375,79.75,1.55,1.55,99.80914
09/07/2026 14:35:35,7.94,1.59,22.22,29.23,3.12,10.94,3.17,1.56,3.17,29.03,3.17,9.52,10.39,29.23,12.3411894,2889,429,1797,223,18,0.6143459,1.34375,4042,1112,40.5,3.67723274,1.35,4042,270.5,40.5,0.946037,1.35,3857,70,40.5,0.180264041,1.35,1797,548.5,18,2.04560518,1.35,1797,351.5,18,1.13177633,1.35,80,1.55,1.55,99.80919
09/07/2026 14:35:37,3.08,9.38,13.85,54.69,0,3.12,18.46,10.77,4.62,18.46,4.62,13.85,12.91,54.69,12.183795,2689,430,1397,205,14,0.726919055,1.35625,1397,1370.5,14,4.87759066,1.35625,1289,42,14,0.08512889,1.35625,3991,227.5,40.25,0.583966255,1.325,4017,370.5,40.25,1.27574289,1.325,4042,361.5,40.5,1.18873906,1.375,79.5,1.55,1.55,99.80915
09/07/2026 14:35:39,7.81,6.06,9.38,17.19,4.62,16.92,34.38,1.56,17.19,24.62,10.94,3.12,12.81,34.38,13.3591614,1974,492,1397,351.5,14,1.053591,1.3625,1397,439.5,14,1.414847,1.3625,4042,467.5,40.5,1.42934275,1.3625,1797,795.5,18,2.77201033,1.3625,1976,637.5,19.8,2.10476685,1.35625,1235,260.5,12.375,0.8034578,1.35625,79.5,1.55,1.55,99.80916
09/07/2026 14:35:41,0,1.49,18.75,15.38,0,0,1.56,1.56,14.06,33.33,9.38,14.06,9.13,33.33,11.7756243,1866,392,1433,37.5,18,0.0890546963,1.3375,4042,719.5,40.5,2.41852236,1.35,1579,25.5,18,0.055625435,1.35,1672,58.5,19.8,0.140440449,1.3625,1235,984.5,12.375,3.58871,1.3625,1235,524,12.375,1.81304991,1.3625,80.25,1.55,1.55,99.80924
09/07/2026 14:35:43,1.54,0,3.08,3.12,0,7.69,44.62,23.44,25,36.92,15.62,12.31,14.45,44.62,12.2085314,2283,384,949,31,12.375,0.08166075,1.375,897,24.5,12.375,0.0586750247,1.375,1973,151.5,19.8,0.5152098,1.375,1797,917.5,18,3.37526512,1.375,4042,917,40.5,3.35218143,1.375,4042,264.5,40.5,0.92293036,1.375,81,1.55,1.55,99.80918
09/07/2026 14:35:46,11.11,6.35,30.16,46.03,3.12,3.12,14.29,4.76,23.81,20.31,7.81,39.68,17.55,46.03,15.9307833,3289,639,1771,247.5,18,0.843331,1.34375,4042,1186,40.5,3.49573922,1.35625,4042,162.5,40.5,0.500856042,1.35625,4042,355,40.5,1.1863277,1.35625,1797,866.5,18,2.75860119,1.35625,4042,1016,40.5,3.22851443,1.35625,81.125,1.55,1.55,99.80921
09/07/2026 14:35:48,7.69,4.62,44.62,52.31,38.46,9.09,33.85,36.92,4.62,3.08,7.69,9.23,21.01,52.31,16.189024,2881,684,3811,118.5,39.75,0.310558468,1.29375,4042,1897,40.5,5.66166973,1.3625,1797,541.5,18,1.80587244,1.3625,4042,1173,40.5,3.38694954,1.3625,1797,81.5,18,0.227601945,1.35,1797,295.5,18,0.856820345,1.35,82,1.55,1.55,99.80921
09/07/2026 14:35:50,12.7,9.52,19.05,23.81,14.06,9.52,73.02,59.38,10.94,15.62,20.63,3.17,22.62,73.02,17.7365227,3631,851,4017,452.5,40.25,1.20818663,1.36875,4017,761,40.25,2.30786729,1.3625,4017,392.5,40.25,1.13915408,1.3625,3942,2714,39.5,7.134737,1.29375,1752,440,17.5555553,1.255453,1.3,4042,347,40.5,1.07093084,1.33125,83.625,1.55,1.55,99.8092041
09/07/2026 14:35:52,7.81,9.38,26.56,17.46,26.56,3.12,10.94,25.4,4.69,15.87,4.69,21.88,14.53,26.56,14.6647644,2920,540,1797,311.5,18,0.9715363,1.34375,1797,847.5,18,2.78811884,1.34375,4042,552,40.5,1.97914052,1.34375,1797,562,18,2.09687042,1.34375,4042,447.5,40.5,1.50477624,1.35,4042,517.5,40.5,1.86141527,1.35,83.875,1.55,1.55,99.8092
09/07/2026 14:35:54,12.7,0,0,0,0,0,20.63,9.52,7.94,8.06,20.63,25.4,8.74,25.4,12.0473776,2914,393,4042,282.5,40.5,1.01921666,1.3375,1766,27.5,18,0.0876623,1.3375,1797,38,18,0.08655382,1.3375,1797,637,18,2.278187,1.3375,4042,339.5,40.5,1.2045542,1.3375,4042,1034,40.5,3.65360951,1.35,82.875,1.55,1.55,99.8092346
09/07/2026 14:35:56,7.81,1.59,14.06,6.25,20.63,31.75,9.38,4.69,9.38,14.06,7.81,0,10.62,31.75,12.5139809,1955,438,1397,117,14,0.368578672,1.3625,1397,343.5,14,1.16347015,1.3625,1397,1093.5,14,3.987144,1.3625,3992,326.5,40,1.01854861,1.31875,1774,560,17.7777786,1.92821753,1.31875,1774,185.5,17.7777786,0.5891767,1.31875,82.125,1.55,1.55,99.80914
09/07/2026 14:35:58,1.54,4.62,1.54,0,0,0,15.38,76.92,1.54,0,21.21,4.62,10.61,76.92,12.0267181,1858,384,1033,44,14,0.221446157,1.3625,1046,27,14,0.0718333349,1.3625,1437,16.5,19.8,0.0372291878,1.36875,4042,1677.5,40.5,6.186654,1.36875,1792,43,18,0.113344267,1.38125,1797,494.5,18,1.73792124,1.38125,81.625,1.55,1.55,99.80912
09/07/2026 14:36:00,1.56,0,0,0,40.62,3.12,29.69,26.56,3.12,0,6.25,1.56,9.38,40.62,12.0061207,3965,400,4042,69.5,40.5,0.14493905,1.35,3581,28.5,40.5,0.06670608,1.35,4042,899.5,40.5,3.12260652,1.35,4042,1176.5,40.5,4.306306,1.35625,4042,53.5,40.5,0.123240449,1.35625,4042,174.5,40.5,0.568765461,1.35625,81,1.55,1.55,99.80919
09/07/2026 14:36:02,0,15.87,0,19.05,3.17,14.75,15.87,3.17,6.35,7.94,22.22,1.59,9.17,22.22,11.87545,2920,387,4042,346.5,40.5,1.19697571,1.34375,1797,383,18,1.39003038,1.34375,4042,404,40.5,1.37289631,1.34375,1797,338.5,18,1.31708193,1.33125,1797,332,18,1.140986,1.35,4042,515.5,40.5,1.75508857,1.35,79.875,1.55,1.55,99.8092
09/07/2026 14:36:04,6.25,1.52,1.52,1.52,18.75,3.03,29.69,0,3.12,29.69,6.35,9.52,9.25,29.69,11.986433,2908,387,4042,133.5,40.5,0.41864866,1.30625,1725,32.5,18,0.0775751844,1.30625,1797,474.5,18,1.64538372,1.30625,1797,661.5,18,2.47406816,1.30625,4042,674,40.5,2.46069622,1.36875,4042,344,40.5,1.20309138,1.36875,79.875,1.55,1.55,99.80923
09/07/2026 14:36:06,6.15,3.08,3.33,5,21.31,1.67,44.62,23.08,16.92,8.57,12.9,15.38,13.5,44.62,13.5407524,2339,495,1397,140.5,14,0.363800168,1.3625,1397,95,14,0.240748316,1.3625,1397,369,14,1.173563,1.3625,4017,1403,40.25,4.91647959,1.33125,1785,554,17.88889,1.77815425,1.33125,4042,409,40.5,1.22383893,1.3,80.625,1.55,1.55,99.80914
09/07/2026 14:36:08,1.56,0,0,0,1.56,0,4.69,95.31,3.12,6.25,0,3.12,9.64,95.31,12.3319235,2598,398,2920,29.5,40.5,0.07742414,1.36875,1258,23,18,0.0557386354,1.36875,1797,46.5,18,0.102789208,1.36875,4017,2069,40.25,7.580619,1.35625,1785,144,17.88889,0.472824663,1.35625,3811,78,40.25,0.265305549,1.35625,80.75,1.55,1.55,99.80915
09/07/2026 14:36:10,7.69,3.23,3.08,12.31,12.31,3.23,13.85,66.15,7.69,12.12,4.55,1.54,12.31,66.15,11.6409655,2545,381,1797,87,18,0.290330172,1.3375,4042,281.5,40.5,0.8686521,1.3375,1797,246,18,0.8738697,1.3375,1797,1440.5,18,5.301226,1.34375,1797,160,18,0.5603436,1.34375,4042,69.5,40.5,0.201763973,1.34375,80.5,1.55,1.55,99.809166
09/07/2026 14:36:12,1.54,0,24.24,1.52,12.31,1.59,12.31,1.54,3.08,15.15,13.85,21.54,9.05,24.24,11.7377529,2472,393,1360,22.5,18,0.0561783276,1.33125,4042,557,40.5,1.904392,1.3375,1797,293,18,0.949483633,1.34375,4042,323.5,40.5,1.05341518,1.34375,1797,457,18,1.591987,1.34375,1797,706,18,2.53879571,1.34375,80.25,1.55,1.55,99.80923
09/07/2026 14:36:14,3.17,9.52,39.68,11.11,11.11,0,1.59,0,0,3.17,9.52,17.46,8.86,39.68,11.4183207,2807,376,4042,258.5,40.5,0.87016207,1.3375,4042,1063,40.5,3.80372,1.33125,1797,256,18,0.8746127,1.33125,1604,35,18,0.09650517,1.33125,3561,85,40.5,0.279147565,1.33125,1797,560.5,18,1.95645583,1.33125,79.875,1.55,1.55,99.80922
09/07/2026 14:36:16,9.38,6.06,27.27,20,17.19,17.19,39.06,31.25,20.31,12.12,28.12,35.94,21.99,39.06,15.3522768,3668,622,1797,147.5,18,0.369894058,1.3625,4042,788,40.5,2.28608441,1.3625,4042,395,40.5,1.33991015,1.3625,4042,1131.5,40.5,3.47546339,1.3625,4042,549.5,40.5,1.67362952,1.3625,4042,722,40.5,2.276102,1.3625,79.875,1.55,1.55,99.80919
09/07/2026 14:36:18,4.69,6.25,14.06,37.5,4.69,1.56,60.94,60.94,9.38,1.56,14.06,17.19,19.4,60.94,16.3786545,2920,714,1797,181,18,0.5838945,1.3625,4042,673,40.5,2.17469788,1.36875,1797,90.5,18,0.272116542,1.36875,4042,2479.5,40.5,6.905029,1.36875,1797,215.5,18,0.569277465,1.36875,4042,647,40.5,1.8050909,1.36875,81.625,1.55,1.55,99.8092
09/07/2026 14:36:20,6.25,3.12,4.76,11.11,0,3.17,23.44,1.59,6.25,7.81,21.88,51.56,11.75,51.56,12.8140821,1897,448,1042,49,14,0.157838419,1.3375,1397,208.5,14,0.7711344,1.34375,1306,94.5,14,0.306753039,1.34375,1797,511,18,1.834091,1.34375,4042,380,40.5,1.11392593,1.35625,1797,1447.5,18,4.872199,1.35625,81.25,1.55,1.55,99.8092346
09/07/2026 14:36:22,6.25,4.55,15.62,40.62,4.62,10.94,4.69,4.69,4.69,12.12,17.19,26.56,12.71,40.62,11.8795567,2835,393,1387,27,18,0.06336868,1.3625,1797,967,18,3.43217063,1.3625,4042,161,40.5,0.555853844,1.3625,1700,108.5,18,0.356079578,1.3625,4042,243,40.5,0.8366988,1.375,4042,851.5,40.5,2.92707634,1.375,80.375,1.55,1.55,99.80919
09/07/2026 14:36:24,1.54,4.62,44.62,56.92,6.15,3.08,6.15,0,1.54,0,1.54,1.54,10.64,56.92,11.9058523,2984,389,4042,158.5,40.5,0.541799247,1.34375,4042,2012,40.5,7.253544,1.34375,4042,38,40.5,0.08227436,1.34375,1387,82,18,0.205973163,1.34375,3062,19,40.5,0.0441939346,1.34375,1330,24,18,0.06419146,1.34375,79.625,1.55,1.55,99.809166
09/07/2026 14:36:26,17.46,1.59,19.05,17.46,28.57,4.76,11.11,1.59,9.52,12.7,12.7,7.94,12.04,28.57,13.3954248,2920,526,1797,383,18,1.04595482,1.34375,1797,702.5,18,2.36968923,1.35,4042,757.5,40.5,2.56780148,1.3625,4042,304.5,40.5,0.8327659,1.3625,1797,516,18,1.5147903,1.3625,4042,491,40.5,1.51550591,1.3625,78.87501,1.55,1.55,99.80919
09/07/2026 14:36:28,14.06,7.81,1.56,4.69,0,1.56,45.31,9.38,9.38,25,9.38,6.25,11.2,45.31,12.078064,1941,398,1397,415,14,1.43864429,1.3625,1264,36.5,14,0.0895919651,1.3625,1397,37,14,0.09031127,1.3625,4017,1080.5,40.25,3.92393541,1.35,1785,522.5,17.88889,1.85641217,1.35,1785,295,17.88889,1.14594364,1.35,79.375,1.55,1.55,99.8092346
09/07/2026 14:36:30,3.08,4.76,4.69,3.08,40,17.46,12.31,6.15,1.54,13.85,7.69,30.77,12.11,40,11.7378035,2009,394,1654,59,19.8,0.172625259,1.35625,1530,18,19.8,0.041410014,1.35625,1235,1064,12.375,3.7607305,1.35625,1797,228.5,18,0.8383167,1.35625,4042,343,40.5,1.16610956,1.36875,1797,652.5,18,2.2297225,1.36875,79.125,1.55,1.55,99.80917
09/07/2026 14:36:32,10.94,7.81,4.69,1.56,6.25,1.56,46.88,35.94,3.12,1.56,3.12,1.56,10.42,46.88,13.1913538,2545,484,1797,355.5,18,1.113273,1.35625,1797,127.5,18,0.331364363,1.35625,4042,216,40.5,0.560965061,1.35625,4042,1874,40.5,6.625249,1.35625,1797,130.5,18,0.3231385,1.35625,1797,198,18,0.5792539,1.35625,79.75,1.55,1.55,99.80916
09/07/2026 14:36:34,0,0,1.54,4.62,0,0,1.54,92.31,4.62,0,0,1.54,8.85,92.31,12.1090679,2863,393,1615,43.5,18,0.118377455,1.3375,4042,123,40.5,0.3938257,1.3375,1639,36,18,0.0878798,1.3375,1797,1987,18,7.274583,1.3375,4042,111.5,40.5,0.3663212,1.3375,4042,57.5,40.5,0.243241519,1.3375,80.125,1.55,1.55,99.8092346
09/07/2026 14:36:36,0,0,0,0,0,1.56,3.12,70.31,18.75,12.5,0,0,8.85,70.31,12.1813374,2456,394,1763,73,18,0.125529826,1.3625,1296,21.5,18,0.0509110577,1.3625,1797,64.5,18,0.146991432,1.3625,4042,1575,40.5,5.71806431,1.3625,1797,601,18,2.23675752,1.3625,4042,30.5,40.5,0.100791767,1.3625,80.5,1.55,1.55,99.80921
09/07/2026 14:36:38,4.55,1.52,34.85,6.06,3.03,1.52,1.52,40,4.55,21.54,4.55,10.61,11.19,40,12.1934776,2864,387,1797,99.5,18,0.308631629,1.33125,4042,719,40.5,2.49709582,1.33125,1552,39.5,18,0.0900026038,1.33125,4017,802,40.25,3.05445957,1.33125,4042,500,40.5,1.8908819,1.3625,1731,162.5,18,0.502588153,1.3625,80.375,1.55,1.55,99.80922
09/07/2026 14:36:40,15.38,0,7.69,18.46,1.54,1.54,23.08,3.08,7.69,10.77,20,4.62,9.49,23.08,12.1000309,2482,400,1797,348.5,18,1.19599092,1.3375,4042,597.5,40.5,2.036947,1.3625,1797,62,18,0.179456815,1.3625,1976,521.5,19.8,1.82577217,1.3625,1235,370,12.375,1.3589437,1.3625,4042,501,40.5,1.6912601,1.35,79.75,1.55,1.55,99.80922
09/07/2026 14:36:42,7.81,9.38,4.69,7.81,3.12,9.23,31.25,15.62,17.19,7.69,7.81,15.62,11.44,31.25,13.5818157,3294,509,1797,324,18,1.0808717,1.34375,1797,162.5,18,0.458491832,1.34375,4042,324,40.5,1.02210939,1.34375,4042,1041,40.5,3.39064384,1.3625,4042,574,40.5,1.78201175,1.3625,4042,626.5,40.5,2.09215283,1.34375,79.5,1.55,1.55,99.809166
09/07/2026 14:36:44,20,23.08,13.85,4.62,0,1.54,24.62,6.25,1.54,11.94,7.69,18.46,11.13,24.62,11.92294,2889,392,4042,765.5,40.5,2.79228973,1.3375,1797,341.5,18,1.14400649,1.3375,1624,24.5,18,0.0536913946,1.3375,1797,553,18,2.08169174,1.34375,4042,320,40.5,1.1218524,1.34375,4031,350.5,40.5,1.12967873,1.34375,78.75001,1.55,1.55,99.80922
09/07/2026 14:36:46,11.11,4.76,33.33,50.79,22.22,20.63,17.46,16.92,25.4,14.29,19.05,42.86,23.24,50.79,14.6150646,2371,571,1698,68,18,0.151504368,1.34375,4042,1101,40.5,3.43785715,1.34375,4042,420,40.5,1.214779,1.34375,1976,520.5,19.8,1.45855534,1.35625,1235,396,12.375,1.34060347,1.35625,1235,918.5,12.375,2.90433955,1.35625,79.125,1.55,1.55,99.80914
09/07/2026 14:36:48,7.81,3.12,26.56,50,34.38,18.75,29.69,20.31,6.25,1.56,4.69,15.62,18.23,50,16.3182354,3294,665,1797,266,18,0.8302632,1.35625,4042,1112.5,40.5,3.72858953,1.35625,1797,943.5,18,2.99042368,1.35625,4042,1065,40.5,2.95386839,1.35625,4042,163,40.5,0.439050943,1.35,4042,441.5,40.5,1.32623374,1.35,80,1.55,1.55,99.8092
09/07/2026 14:36:50,1.56,1.56,34.38,3.12,1.56,0,21.88,3.17,3.12,16.95,15.62,14.06,9.75,34.38,12.0041294,2499,404,1521,52.5,18,0.155915,1.325,4042,832,40.5,2.83700585,1.325,1797,52,18,0.153908461,1.325,1797,482.5,18,1.67142355,1.325,1797,369.5,18,1.296731,1.325,4042,634.5,40.5,2.22914481,1.325,80.5,1.55,1.55,99.80921
09/07/2026 14:36:52,10.77,7.69,1.54,5.88,16.92,3.03,7.69,4.29,9.23,10.77,35.38,26.15,11.61,35.38,13.1551685,2545,501,4042,352.5,40.5,0.9787371,1.35,1797,241,18,0.697526634,1.35,1797,357.5,18,1.13852835,1.35625,1797,269.5,18,0.7938928,1.35625,1797,372.5,18,1.1175108,1.35625,4042,1412.5,40.5,4.70689631,1.35625,80,1.55,1.55,99.80923
09/07/2026 14:36:54,4.55,3.03,1.52,33.85,34.85,6.06,12.12,7.58,7.58,3.03,3.08,7.58,10.4,34.85,11.83487,2206,391,1397,86,14,0.39345333,1.35625,1397,741,14,2.65466118,1.35625,1397,753,14,2.69257355,1.35625,4042,406.5,40.5,1.43990707,1.36875,3205,117.5,40.5,0.329265058,1.36875,1797,244,18,0.8637354,1.36875,79.25,1.55,1.55,99.8092
09/07/2026 14:36:56,12.7,1.59,4.76,0,20.63,0,26.98,0,6.35,23.81,15.87,7.94,10.05,26.98,11.8644953,1947,393,1397,239.5,14,0.842168033,1.3625,1397,129,14,0.4270842,1.3625,1397,460.5,14,1.6464709,1.3625,1797,553,18,2.07079768,1.3625,3942,612.5,39.5,2.052871,1.29375,1752,362,17.5555553,1.36070812,1.29375,79.375,1.55,1.55,99.8092346
09/07/2026 14:36:58,9.23,26.15,24.62,0,18.46,10.94,1.54,3.08,9.23,12.31,13.85,23.44,12.74,26.15,12.745266,2545,468,1797,782.5,18,2.17749023,1.33125,4042,511.5,40.5,1.75700438,1.33125,1797,339,18,1.05438185,1.33125,4042,128,40.5,0.332849771,1.3625,1797,344.5,18,1.23862612,1.3625,1797,705.5,18,2.5030458,1.3625,79.5,1.55,1.55,99.80916
09/07/2026 14:37:00,10.94,11.11,4.69,15.62,0,0,6.25,4.69,0,37.5,21.88,9.38,10.17,37.5,11.9774981,2366,399,4042,360,40.5,1.13239849,1.33125,4042,380,40.5,1.36289287,1.35,1344,14,18,0.0318917446,1.35,1976,193,19.8,0.6934402,1.35,1397,809,14,3.08062387,1.35,1397,636.5,14,2.22157884,1.35,79.75,1.55,1.55,99.80922
09/07/2026 14:37:02,6.15,1.54,6.25,16.92,10.77,10.77,16.92,6.15,9.23,26.15,27.69,10.77,12.44,27.69,13.1933317,2014,498,1797,230,18,0.710312843,1.34375,1797,448,18,1.46336687,1.34375,4042,508,40.5,1.60690224,1.36875,1976,389,19.8,1.23950279,1.36875,1235,634,12.375,2.18483,1.36875,1235,778,12.375,2.50615644,1.36875,79.625,1.55,1.55,99.80919
09/07/2026 14:37:04,0,0,0,1.56,0,0,48.44,46.88,1.56,1.56,17.19,1.56,9.9,48.44,11.9213476,3081,393,1312,31,18,0.08216007,1.35625,1797,43.5,18,0.0896898955,1.35625,3253,32.5,40.5,0.07978085,1.35625,4042,1800.5,40.5,6.51064968,1.35625,4042,82,40.5,0.233253226,1.36875,4042,370,40.5,1.31465113,1.36875,80.125,1.55,1.55,99.80915
09/07/2026 14:37:06,1.56,6.45,0,0,0,0,9.38,4.69,17.19,56.25,6.25,3.17,8.74,56.25,11.971138,2498,380,1154,130,14,0.551260531,1.3625,1018,19,14,0.0469292626,1.3625,2963,16,40.5,0.03385807,1.3625,4017,295,40.25,1.021837,1.28125,1797,1559.5,18,5.87613344,1.375,4042,263.5,40.5,0.8999717,1.375,81.25,1.55,1.55,99.80924
09/07/2026 14:37:08,9.23,3.08,30.77,21.54,4.62,0,20,16.92,9.23,15.38,9.23,13.85,12.82,30.77,13.131093,2533,483,1797,187,18,0.493851453,1.33125,1797,1055.5,18,3.630417,1.33125,4042,141.5,40.5,0.38912642,1.35,1797,724.5,18,2.49610257,1.35,3992,382.5,40,1.13388884,1.33125,1774,408,17.7777786,1.24935389,1.33125,80,1.55,1.55,99.80922
09/07/2026 14:37:10,0,1.56,0,0,0,30.3,40,1.56,3.08,20,1.54,10.77,9.07,40,11.8135872,1840,382,1384,23.5,18,0.178789645,1.33125,1421,40.5,18,0.100410029,1.34375,4042,723.5,40.5,2.51410246,1.35625,1397,801.5,14,3.0077405,1.35625,1397,451.5,14,1.61393535,1.35625,1397,253.5,14,0.8901725,1.35625,80,1.55,1.55,99.8092041
09/07/2026 14:37:12,6.15,20,7.69,20,3.12,0,12.31,65.62,10.94,4.55,4.69,4.62,13.31,65.62,11.795537,2301,392,4042,410,40.5,1.34207463,1.3375,4042,336,40.5,1.125839,1.33125,1797,27,18,0.049748756,1.33125,1397,1355.5,14,5.0008893,1.3375,1397,196.5,14,0.709703445,1.3375,1133,25,14,0.0686671659,1.3375,79.25,1.55,1.55,99.80924
09/07/2026 14:37:14,9.52,14.06,1.59,15.87,0,0,17.46,31.25,3.17,1.61,6.35,4.76,8.8,31.25,11.899931,2260,393,1235,519,12.375,1.84940934,1.33125,1746,371,19.8,1.2663182,1.33125,1100,16,14,0.0353397653,1.3375,1797,1067.5,18,4.00944853,1.3375,3642,54,40.5,0.188241273,1.3375,4042,331,40.5,1.03070772,1.35625,79.5,1.55,1.55,99.80918
09/07/2026 14:37:16,4.69,1.56,17.19,18.75,6.25,9.38,7.81,60.94,15.62,10.94,17.19,9.38,14.97,60.94,15.1395559,2512,566,3923,111,40.5,0.261380851,1.34375,1797,611,18,2.09294319,1.35,1715,159,18,0.582530558,1.35,1797,1525.5,18,5.1008544,1.35,1797,362.5,18,1.31890655,1.35,4042,628.5,40.5,2.06062818,1.35,80.125,1.55,1.55,99.80922
09/07/2026 14:37:18,7.94,6.35,12.7,49.21,14.29,3.17,61.9,74.6,9.52,9.52,3.17,1.59,21.16,74.6,17.9974251,2920,801,4042,263.5,40.5,0.7273256,1.34375,4042,1052,40.5,3.27123547,1.34375,1797,335.5,18,1.08076859,1.34375,1797,2425,18,7.07999372,1.34375,4042,477,40.5,1.27038157,1.34375,1797,254.5,18,0.706690967,1.35625,82.25,1.55,1.55,99.809166
09/07/2026 14:37:20,3.08,4.62,9.23,1.64,4.84,1.54,32.31,13.85,9.23,9.09,10.77,33.85,11.17,33.85,11.8607664,2345,378,1397,139.5,14,0.473837167,1.34375,1397,177.5,14,0.7711114,1.34375,1397,155.5,14,0.5188889,1.34375,4042,867,40.5,3.24050975,1.35,4042,178.5,40.5,0.509766936,1.35,1797,750,18,2.70868134,1.3375,81.625,1.55,1.55,99.80915
09/07/2026 14:37:22,6.25,9.23,0,1.56,6.25,0,15.62,0,7.81,34.38,21.88,6.25,9.1,34.38,11.8850946,2881,381,1797,322,18,1.13244939,1.31875,1565,44.5,18,0.1064779,1.33125,4042,144,40.5,0.5250676,1.33125,1797,322,18,1.20415354,1.33125,4042,806.5,40.5,3.055927,1.33125,4042,648,40.5,2.24823451,1.325,81.125,1.55,1.55,99.8092346
09/07/2026 14:37:24,3.12,3.17,20.31,11.11,4.69,23.44,7.81,9.52,10.94,21.88,4.76,11.11,10.99,23.44,12.011899,2920,415,1797,160,18,0.501344144,1.35625,1797,492.5,18,1.68555653,1.35625,4042,591.5,40.5,1.99913311,1.35625,4042,402.5,40.5,1.4229126,1.35625,4042,496,40.5,1.550262,1.35625,1797,349,18,1.20411623,1.35,80,1.55,1.55,99.8092
09/07/2026 14:37:26,11.11,9.52,6.35,4.76,3.17,3.17,52.38,14.29,17.46,14.29,7.94,4.76,12.43,52.38,12.817977,2040,458,1397,247,14,0.6796323,1.3375,1235,152.5,12.375,0.423531145,1.3375,1971,63.5,19.8,0.144078285,1.3375,1797,1213.5,18,4.25467873,1.3375,4042,693.5,40.5,2.25464225,1.325,1797,377,18,1.27236092,1.325,80.25,1.55,1.55,99.809166
09/07/2026 14:37:28,22.73,17.65,34.33,18.18,30.88,14.49,15.15,15.94,12.12,12.12,15.15,7.58,18.03,34.33,14.25416,2545,598,4042,583.5,40.5,1.47892654,1.34375,1797,792,18,2.50477171,1.35,1797,923.5,18,2.91078377,1.35,1797,475,18,1.45260453,1.35,4042,466,40.5,1.36186218,1.35,1797,349.5,18,1.001972,1.3625,79.375,1.55,1.55,99.80926
09/07/2026 14:37:30,3.12,1.56,17.19,1.56,1.56,28.12,12.5,0,4.69,14.06,9.38,12.5,8.85,28.12,11.5698223,2545,390,1797,59,18,0.288120121,1.31875,1797,371.5,18,1.29553926,1.325,4042,638.5,40.5,2.19737625,1.325,1797,292.5,18,1.05482543,1.325,1797,417,18,1.53285968,1.325,4042,561,40.5,1.90126348,1.35625,79.375,1.55,1.55,99.80914
09/07/2026 14:37:32,14.29,9.68,1.61,23.81,1.61,4.76,1.59,1.59,4.76,42.86,0,12.7,9.94,42.86,12.415288,2370,428,1397,490,14,1.28994644,1.34375,1397,553,14,1.938987,1.34375,1797,113,18,0.349569947,1.3375,1546,44,18,0.135501876,1.3375,4042,1036,40.5,3.72511935,1.3375,4042,334.5,40.5,1.11691952,1.3375,79.625,1.55,1.55,99.80915
09/07/2026 14:37:34,23.08,17.19,9.23,6.15,21.88,32.81,6.15,18.75,5.88,2.94,1.47,6.15,12.64,32.81,11.66925,2388,405,1235,566,12.375,1.82959831,1.325,1235,188.5,12.375,0.644681454,1.325,1976,1070,19.8,3.79385519,1.325,1797,316.5,18,1.13312471,1.325,4042,152.5,40.5,0.5377682,1.325,4042,137,40.5,0.352034181,1.35,79.125,1.55,1.55,99.80917
09/07/2026 14:37:36,1.56,1.54,4.69,3.23,0,0,20.31,3.08,6.25,47.62,12.5,9.38,9.18,47.62,12.1870394,2278,402,1123,127,14,0.348647982,1.35,1397,146.5,14,0.466925949,1.35,1292,27.5,14,0.06299951,1.35,4017,542,40.25,1.91469491,1.35625,4042,1098,40.5,4.053462,1.30625,1797,469,18,1.614233,1.30625,80,1.55,1.55,99.8092
09/07/2026 14:37:38,14.06,7.81,35.94,46.88,3.12,4.69,3.12,0,4.69,3.12,4.69,4.69,11.07,46.88,12.1397572,2920,458,1797,448.5,18,1.4054929,1.3375,1797,1711,18,5.985595,1.3375,4042,185.5,40.5,0.497476846,1.35625,1797,63,18,0.157292128,1.35625,4042,118,40.5,0.271060437,1.35625,4042,224.5,40.5,0.6114852,1.35625,79.25,1.55,1.55,99.80917
09/07/2026 14:37:40,20,4.62,4.84,0,12.31,4.55,24.62,2.99,4.62,15.15,15.15,26.15,11.25,26.15,12.2509441,2171,405,1797,307.5,18,0.9747462,1.33125,1797,66.5,18,0.203337327,1.33125,4042,403.5,40.5,1.3655827,1.34375,1797,545.5,18,2.02096558,1.34375,1797,368,18,1.31147492,1.35625,1797,741.5,18,2.658065,1.35625,78.87501,1.55,1.55,99.809166
09/07/2026 14:37:42,3.08,4.62,0,5.8,0,33.33,4.62,20.31,6.15,19.4,1.45,10.77,9.13,33.33,11.8954763,2441,388,1403,107.5,18,0.3544493,1.35,1563,115.5,18,0.3956765,1.35,4042,757.5,40.5,2.70080471,1.3375,1797,452.5,18,1.67026067,1.3375,4042,601.5,40.5,2.24480534,1.3375,1797,290.5,18,1.02783191,1.3375,79.25,1.55,1.55,99.80917
09/07/2026 14:37:44,4.69,7.94,7.69,3.08,7.81,1.56,53.12,11.94,12.5,15.62,17.19,3.12,12.19,53.12,13.7905073,2348,513,1235,271.5,12.375,0.832756042,1.35,1235,228,12.375,0.5922679,1.35,1797,219,18,0.6185368,1.3625,4017,1368.5,40.25,4.815987,1.36875,1785,589.5,17.88889,1.87845886,1.36875,4017,403,40.25,1.25113666,1.36875,79.5,1.55,1.55,99.809166
09/07/2026 14:37:46,9.38,20.83,68.75,45.31,12.31,0,10.94,4.69,6.25,13.04,1.49,4.69,16.47,68.75,14.755311,2511,636,1797,660,18,2.02540565,1.34375,4042,2108.5,40.5,5.752381,1.34375,4042,312.5,40.5,0.945189238,1.35,1235,187,12.375,0.553031743,1.35,1976,442,19.8,1.21459746,1.35,1976,104,19.8,0.2849671,1.35,79.125,1.55,1.55,99.80921
09/07/2026 14:37:48,3.12,1.49,34.38,53.12,29.69,15.62,14.06,18.18,0,0,35.94,28.12,19.48,53.12,16.2564373,1932,680,1797,125,18,0.327834249,1.3375,4042,1404,40.5,4.194549,1.34375,1797,787.5,18,2.27104235,1.3375,1397,553,14,1.66251051,1.3375,1161,32,14,0.07314119,1.3375,1397,1176,14,3.47081947,1.3375,80,1.55,1.55,99.80917
09/07/2026 14:37:50,1.54,3.03,9.23,1.54,3.08,3.7,36.92,6.06,6.15,36.67,5,12.31,10.44,36.92,12.4099951,2850,396,1382,32.5,18,0.102296263,1.3375,4042,216,40.5,0.56333524,1.35,1797,52.5,18,0.176871911,1.3375,1797,925,18,3.4568553,1.3375,4042,809.5,40.5,3.05472064,1.3375,4042,339.5,40.5,1.21989226,1.3375,80.375,1.55,1.55,99.8092041
09/07/2026 14:37:52,0,1.47,7.69,1.56,1.54,0,1.54,0,10.45,27.69,11.76,52.31,9.67,52.31,11.8473444,1900,403,1064,46,12.375,0.105065294,1.3375,1235,163.5,12.375,0.481310457,1.3375,1465,19.5,19.8,0.0495144948,1.3375,1797,64.5,18,0.192707434,1.3375,1797,781,18,2.83728719,1.3375,4042,1343,40.5,4.61035728,1.35625,80,1.55,1.55,99.80915
09/07/2026 14:37:54,14.06,7.81,14.29,5.08,9.68,1.56,29.69,3.12,17.19,26.56,9.38,1.56,11.67,29.69,13.3349257,2388,499,1235,360,12.375,1.01654756,1.3625,1235,466,12.375,1.523204,1.3625,1976,193.5,19.8,0.4937933,1.3625,4042,755.5,40.5,2.52973366,1.3625,4042,963,40.5,3.222822,1.36875,1797,256.5,18,0.7868678,1.35625,80.25,1.55,1.55,99.8091049
09/07/2026 14:37:56,3.12,1.56,12.5,3.12,28.12,4.69,0,0,1.56,25,1.56,25,8.85,28.12,11.7987289,2854,392,1797,67.5,18,0.188978925,1.3375,1797,354.5,18,1.1887815,1.3375,4042,687.5,40.5,2.46803641,1.35,3650,53.5,40.5,0.131780386,1.35,1797,529.5,18,1.95516193,1.35,4042,662.5,40.5,2.28643847,1.3625,79.5,1.55,1.55,99.80919
09/07/2026 14:37:58,0,7.69,35.94,6.25,1.54,29.23,3.08,0,6.15,6.25,3.12,15.38,9.55,35.94,11.7464819,2452,382,1588,139.5,18,0.4490497,1.34375,1797,866,18,3.14193964,1.34375,4042,637,40.5,2.283158,1.3375,1446,32,18,0.08738987,1.33125,1797,224.5,18,0.7799511,1.33125,4042,391.5,40.5,1.34996343,1.33125,79.375,1.55,1.55,99.80927
09/07/2026 14:38:00,10.94,0,0,0,1.61,9.38,3.12,9.38,3.12,31.25,35.48,4.69,9.08,35.48,12.1727552,1865,417,1235,235,12.375,0.825695,1.3625,971,27,12.375,0.06128276,1.3625,1397,211.5,14,0.8430043,1.36875,4017,357,40.25,1.1720978,1.35625,1785,769.5,17.88889,2.641235,1.375,1785,900.5,17.88889,3.14411688,1.375,79.5,1.55,1.55,99.80914
09/07/2026 14:38:02,1.54,0,21.54,10.77,0,7.69,10.77,3.08,1.54,7.69,12.31,44.62,10.13,44.62,11.7712173,2853,392,1397,59.5,14,0.178753451,1.35,4042,548.5,40.5,1.95556176,1.3625,4042,190.5,40.5,0.6605949,1.3625,4042,221.5,40.5,0.6191304,1.3625,1797,220.5,18,0.7654434,1.34375,1797,1110,18,3.92291069,1.34375,79.375,1.55,1.55,99.80917
09/07/2026 14:38:04,6.25,0,12.5,6.25,6.25,0,20.31,3.33,23.44,16.39,10.94,28.12,11.15,28.12,13.3087454,2545,490,1797,180,18,0.503362656,1.33125,4042,366,40.5,1.06311619,1.33125,1797,164,18,0.45227024,1.33125,1797,510.5,18,1.86977661,1.33125,1797,821.5,18,2.83366752,1.33125,4042,899.5,40.5,3.00988674,1.33125,79.75,1.55,1.55,99.80923
09/07/2026 14:38:06,0,0,0,0,0,0,3.12,0,6.25,43.08,18.75,32.81,8.67,43.08,11.8967609,2602,388,1237,24,18,0.06266958,1.34375,1211,18.5,17.88889,0.0448465422,1.34375,3286,20,40.5,0.0433410145,1.35,1797,66.5,18,0.2005092,1.35,4042,1090,40.5,4.041676,1.35,4042,1108,40.5,3.82131028,1.3625,80.25,1.55,1.55,99.80917
09/07/2026 14:38:08,1.54,0,0,0,1.56,1.49,18.46,72.58,3.08,13.85,7.69,7.69,10.66,72.58,12.2242479,2272,406,1236,31,14,0.07338905,1.33125,1052,21.5,12.375,0.0581393838,1.3375,1464,17.5,19.8,0.04455386,1.3375,1797,1731.5,18,6.45486641,1.3375,4042,352,40.5,1.269893,1.3375,4042,284,40.5,0.918077767,1.3375,80.375,1.55,1.55,99.80921
09/07/2026 14:38:10,10.94,3.17,4.76,1.59,10.94,34.92,21.88,9.38,15.62,7.81,10.94,1.56,11.13,34.92,12.5693827,2442,447,1397,289.5,14,0.922094166,1.35,1397,150,14,0.444254547,1.35,1976,795,19.8,2.70588183,1.3625,4042,637.5,40.5,2.1264,1.3625,4042,549,40.5,1.90914023,1.34375,1797,262,18,0.8658022,1.34375,79.5,1.55,1.55,99.80911
09/07/2026 14:38:12,1.56,6.25,4.69,3.12,6.25,17.19,3.17,3.12,1.56,12.5,31.25,14.06,8.73,31.25,11.7184715,1941,387,1539,157.5,18,0.5875587,1.325,1797,185,18,0.645266652,1.33125,4042,571.5,40.5,1.97653377,1.35,1797,146.5,18,0.461248219,1.35,1235,331,12.375,1.16036379,1.3625,1235,929,12.375,3.39328861,1.3625,79.125,1.55,1.55,99.80915
09/07/2026 14:38:14,3.08,1.54,7.69,28.57,6.67,7.69,9.23,35.38,4.62,7.69,10.77,1.59,10.38,35.38,11.6847162,1971,389,1397,58,14,0.172617152,1.35625,1397,615.5,14,2.17300749,1.35625,1397,306,14,1.10288393,1.35625,4042,848,40.5,3.0576973,1.38125,1797,295,18,1.00957656,1.38125,1797,212.5,18,0.728399932,1.38125,78.50001,1.55,1.55,99.809166
09/07/2026 14:38:16,9.38,15.62,7.81,42.19,20.31,7.81,35.94,28.12,18.75,6.25,6.25,3.12,16.8,42.19,15.5656652,2732,609,1797,436.5,18,1.35273767,1.33125,4042,597.5,40.5,1.90276527,1.33125,4042,600.5,40.5,1.9193126,1.35,1235,1374,12.375,4.298256,1.35625,1235,523,12.375,1.5794313,1.35625,4042,123,40.5,0.383860081,1.35,79.75,1.55,1.55,99.8092
09/07/2026 14:38:18,12.7,23.44,12.7,39.68,23.08,34.38,39.68,12.7,3.17,9.52,3.17,1.56,17.98,39.68,16.2768135,2523,646,1797,613,18,1.92182255,1.35625,4042,835.5,40.5,2.66993451,1.35625,1797,1024,18,3.17418957,1.35,4042,1059.5,40.5,3.36058116,1.34375,1797,255.5,18,0.7844561,1.34375,1664,89,18,0.2647765,1.34375,80.5,1.55,1.55,99.809166
09/07/2026 14:38:20,20,13.85,7.69,9.23,10.77,42.19,9.23,9.38,4.62,6.15,12.31,12.31,13.14,42.19,13.27581,2920,516,4042,560.5,40.5,1.72827172,1.3375,1797,276,18,0.817101061,1.3375,1797,1000,18,3.39700842,1.3375,1797,459.5,18,1.47127342,1.34375,4042,292.5,40.5,0.8196311,1.34375,4042,508.5,40.5,1.348109,1.34375,80.5,1.55,1.55,99.80923
09/07/2026 14:38:22,3.17,7.94,1.59,1.59,4.69,0,12.7,3.17,3.17,28.57,25.4,15.87,8.99,28.57,11.895936,2920,396,1797,223.5,18,0.7780931,1.3375,1797,98.5,18,0.297508448,1.3375,4042,122,40.5,0.404265732,1.3375,4042,389,40.5,1.39492369,1.3375,1797,676.5,18,2.449327,1.3375,4042,863.5,40.5,2.92865849,1.34375,79.875,1.55,1.55,99.80914
09/07/2026 14:38:24,4.76,3.08,0,0,32.31,9.23,4.76,15.87,9.52,12.7,4.76,14.06,9.25,32.31,11.5721159,2853,382,1797,180,18,0.618185461,1.33125,1400,18.5,18,0.0444431975,1.33125,4042,870.5,40.5,3.11077738,1.33125,4042,390.5,40.5,1.43346918,1.33125,1797,341.5,18,1.21236539,1.35,4042,489.5,40.5,1.58108747,1.33125,79.25,1.55,1.55,99.80922
09/07/2026 14:38:26,18.75,3.12,7.81,4.69,3.12,1.56,21.88,34.38,7.81,18.75,10.94,7.81,11.72,34.38,12.6373138,3294,428,1797,350,18,1.16392076,1.3375,1797,217,18,0.649968743,1.3375,4042,57,40.5,0.111585751,1.3375,4042,1182,40.5,4.337356,1.3625,4042,474,40.5,1.67034781,1.3625,4042,289,40.5,0.8576119,1.3625,80.375,1.55,1.55,99.80919
09/07/2026 14:38:28,9.23,1.54,3.08,9.23,1.54,6.15,3.08,32.31,6.15,20,4.62,20,9.74,32.31,11.9799347,2545,392,4042,139.5,40.5,0.569232166,1.325,1797,239,18,0.7707505,1.325,1797,131.5,18,0.4148354,1.325,1797,746,18,2.677336,1.3375,1797,583,18,2.055582,1.3375,4042,514.5,40.5,1.85736835,1.3375,79.875,1.55,1.55,99.80924
09/07/2026 14:38:30,4.62,3.08,27.69,12.31,6.15,1.54,10.77,26.15,13.85,26.15,23.08,1.54,13.08,27.69,13.2180357,2452,488,1235,128.5,12.375,0.3428023,1.35625,1797,685.5,18,2.30199862,1.35625,1797,128.5,18,0.31645146,1.34375,4042,739,40.5,2.43181729,1.34375,4042,765.5,40.5,2.555807,1.3375,1797,483,18,1.67868435,1.3375,79.875,1.55,1.55,99.80913
09/07/2026 14:38:32,0,3.17,1.59,0,18.75,71.88,1.56,0,4.69,12.5,0,3.12,9.77,71.88,11.80784,3234,407,1632,55.5,18,0.131362423,1.33125,1601,26.5,18,0.0604012236,1.33125,4042,1873.5,40.5,6.560789,1.35,4042,68,40.5,0.218253791,1.35,4042,334,40.5,1.13180149,1.35,4042,87,40.5,0.31406486,1.35,79.25,1.55,1.55,99.80922
09/07/2026 14:38:34,3.08,5.97,28.36,37.31,2.94,1.49,4.62,6.15,7.69,36.92,1.54,6.15,11.85,37.31,11.7891331,2797,394,1511,34,18,0.07966243,1.3375,4042,1347.5,40.5,4.657705,1.3375,1701,42,18,0.09456985,1.3375,1705,49.5,18,0.13737376,1.3375,4042,823.5,40.5,3.03280282,1.3375,3783,67.5,40.5,0.109462261,1.34375,80.25,1.55,1.55,99.8092
09/07/2026 14:38:36,0,1.67,1.56,0,21.31,3.28,29.69,12.7,10.94,21.88,6.25,1.56,9.24,29.69,12.2529306,2279,405,1134,70.5,14,0.20558165,1.33125,1262,48,14,0.11161492,1.33125,1397,490,14,1.69884312,1.3375,1797,855.5,18,3.06122136,1.3375,4042,785.5,40.5,2.78772736,1.3375,4042,183,40.5,0.582484663,1.3375,80.375,1.55,1.55,99.80919
09/07/2026 14:38:38,1.56,0,3.23,1.59,7.81,14.06,48.44,1.56,12.5,3.12,1.59,20.31,9.65,48.44,12.0351181,2611,394,1103,30,14,0.07128484,1.35,1040,17,14,0.0385860652,1.35,1397,437.5,14,1.50012612,1.35,4042,1087.5,40.5,3.92953849,1.35,4042,363,40.5,1.26969612,1.35625,4042,428.5,40.5,1.5595057,1.35625,80.375,1.55,1.55,99.80919
09/07/2026 14:38:40,3.17,4.76,6.35,19.05,3.17,12.7,4.76,0,6.35,1.54,19.05,41.27,10.18,41.27,12.4628124,2920,444,1797,198,18,0.552008331,1.33125,1797,410.5,18,1.48296368,1.33125,4042,433,40.5,1.35013866,1.33125,1797,76,18,0.19332175,1.33125,4042,227.5,40.5,0.7014625,1.35625,4042,1320,40.5,4.74628925,1.35625,79.25,1.55,1.55,99.80918
09/07/2026 14:38:42,1.56,0,17.19,20.63,9.38,3.12,46.88,6.25,0,3.17,0,1.56,9.15,46.88,11.9432173,1984,418,1235,80,12.375,0.230374724,1.35625,1235,791,12.375,2.66128564,1.35625,1797,311.5,18,0.988431931,1.3625,4042,1177.5,40.5,4.084911,1.3625,1797,98.5,18,0.274887264,1.35,1797,52,18,0.1252097,1.35,79.125,1.55,1.55,99.80919
09/07/2026 14:38:44,18.75,10.77,34.38,32.35,3.12,1.56,0,0,4.69,15.62,11.11,3.12,11.29,34.38,11.5091524,2369,374,1797,387.5,18,1.292962,1.3375,4042,1195.5,40.5,4.232468,1.3375,4042,55.5,40.5,0.0699436739,1.3375,1541,51,19.8,0.155773371,1.34375,1397,341,14,1.27901733,1.34375,1397,215.5,14,0.776053667,1.3375,78.50001,1.55,1.55,99.8092
09/07/2026 14:38:46,13.85,6.15,18.46,38.46,36.92,21.54,23.08,24.62,26.15,23.08,9.23,15.38,21.41,38.46,17.22258,2920,754,1797,237,18,0.590851545,1.34375,4042,1175,40.5,3.41025925,1.34375,4042,925,40.5,2.84817219,1.34375,1797,791.5,18,2.47423482,1.34375,1797,948.5,18,2.73261285,1.34375,4042,445,40.5,1.184235,1.35625,79,1.55,1.55,99.80918
09/07/2026 14:38:48,10.77,4.62,26.15,47.69,21.54,21.21,10.77,15.15,3.08,1.54,18.46,46.15,18.93,47.69,16.2027359,2210,651,1797,279,18,0.806944847,1.3375,4042,1231.5,40.5,3.84824371,1.35625,1797,730.5,18,2.43758154,1.35625,1976,373.5,19.8,1.32917583,1.35625,1674,79.5,19.8,0.213038579,1.35625,1976,1212,19.8,3.967106,1.35625,80.125,1.55,1.55,99.8092
09/07/2026 14:38:50,4.69,6.06,26.56,7.81,0,0,10.94,31.25,3.12,4.69,12.5,7.81,9.62,31.25,12.1540852,2920,398,4042,199.5,40.5,0.6033648,1.33125,1797,748,18,2.594593,1.34375,4042,53,40.5,0.1582645,1.35,4042,787,40.5,2.96151018,1.35,1797,247,18,0.787157,1.35,1797,354.5,18,1.2587254,1.35,80.25,1.55,1.55,99.80923
09/07/2026 14:38:52,4.76,7.94,1.67,0,1.59,19.67,9.52,3.17,4.76,25.4,30.65,3.17,9.36,30.65,12.1887732,2415,395,1397,232.5,14,0.8120918,1.35625,1235,46.5,12.375,0.113567561,1.35625,1976,461.5,19.8,1.641231,1.35625,4042,274,40.5,0.9670385,1.35625,1797,674,18,2.4206636,1.3625,4042,683,40.5,2.41958547,1.3625,80,1.55,1.55,99.80921
09/07/2026 14:38:54,0,0,0,0,0,0,60.32,1.59,11.11,15.87,11.48,4.76,8.76,60.32,11.8467436,1760,385,981,24,14,0.06596608,1.35625,958,17.5,14,0.043515116,1.35625,982,14.5,14,0.03161934,1.35625,1797,1272,18,4.74005032,1.35625,1797,636,18,2.19758534,1.35625,4042,348,40.5,1.25584006,1.35625,79.75,1.55,1.55,99.8092041
09/07/2026 14:38:56,9.23,10.77,23.08,18.46,1.54,13.85,20,16.92,15.38,15.38,16.92,26.15,15.64,26.15,16.2331371,3664,698,4042,466.5,40.5,1.33032525,1.34375,4042,790.5,40.5,2.42878032,1.34375,4042,450,40.5,1.40110743,1.35625,4042,759,40.5,2.36900258,1.35625,1797,615,18,1.76393116,1.35,4017,1109,40.25,3.19981074,1.34375,79.5,1.55,1.55,99.80913
09/07/2026 14:38:58,3.08,4.62,18.46,6.06,4.62,6.15,35.38,20,10.77,38.46,26.15,24.62,16.53,38.46,13.0221815,3660,496,1797,122.5,18,0.36243394,1.35,4042,361,40.5,1.0503304,1.3625,4042,172,40.5,0.357937664,1.3625,4042,626,40.5,1.97602379,1.375,4017,896,40.25,3.164758,1.36875,4017,800,40.25,2.57139063,1.36875,80.25,1.55,1.55,99.80915
09/07/2026 14:39:00,6.25,1.56,10.94,10.94,3.12,0,34.38,32.81,3.12,7.81,10.94,15.62,11.46,34.38,12.9232922,3294,454,4042,153,40.5,0.410119861,1.33125,1797,368,18,1.14329255,1.33125,4042,114,40.5,0.210663334,1.33125,1797,1307,18,4.65132666,1.33125,4042,286,40.5,0.829292655,1.3375,4042,497.5,40.5,1.73085666,1.3375,80.625,1.55,1.55,99.80926
09/07/2026 14:39:02,3.12,3.17,6.25,19.05,4.69,4.69,17.19,9.52,9.38,9.52,9.38,29.69,10.47,29.69,12.6506271,2910,447,1739,110.5,18,0.2947459,1.33125,4042,586.5,40.5,1.9363476,1.325,4042,211,40.5,0.603220463,1.325,1797,537.5,18,1.79707158,1.325,1797,383,18,1.285917,1.325,4042,856,40.5,3.00255179,1.325,80.375,1.55,1.55,99.80918
09/07/2026 14:39:04,7.94,6.25,25.4,9.52,6.35,4.76,11.11,4.76,7.94,17.46,15.87,25.4,11.9,25.4,14.4768877,2545,563,1797,302.5,18,0.711075842,1.33125,4042,883.5,40.5,2.84722829,1.33125,4042,304,40.5,0.752316356,1.33125,1797,481.5,18,1.32032716,1.33125,1797,526,18,1.56189847,1.3625,1797,878,18,2.79826212,1.3625,79.75,1.55,1.55,99.8092
09/07/2026 14:39:06,24.24,13.64,21.21,21.21,7.58,3.03,21.21,21.21,24.24,25.76,34.85,21.21,19.95,34.85,17.9468536,3656,904,4042,703,40.5,1.68875015,1.35,4042,872.5,40.5,2.262033,1.35,4042,498.5,40.5,1.17217362,1.35,4042,964,40.5,2.432382,1.35625,3992,1135.5,40,2.96363616,1.375,1774,1248,17.7777786,3.47508526,1.375,80.25,1.55,1.55,99.80921
09/07/2026 14:39:08,4.69,4.62,3.12,12.5,45.31,7.81,18.75,7.81,10.94,10.94,18.75,10.77,13,45.31,13.1117172,2388,489,1235,124,12.375,0.295740843,1.34375,1235,321,12.375,0.957364559,1.34375,1976,918.5,19.8,3.15810084,1.34375,1797,538.5,18,1.81453037,1.34375,4042,513.5,40.5,1.36334884,1.36875,4042,517.5,40.5,1.81127131,1.35625,81,1.55,1.55,99.8092041
09/07/2026 14:39:10,3.12,3.12,3.12,3.12,10.94,38.46,14.06,0,6.25,17.19,9.38,26.56,11.28,38.46,12.8438148,3291,459,1797,123,18,0.373673677,1.35,1781,56,18,0.245190084,1.35,4042,1042.5,40.5,3.4921205,1.35,4042,331.5,40.5,1.13863027,1.35,4042,423,40.5,1.30195391,1.35,4042,780.5,40.5,2.48237944,1.35,80.5,1.55,1.55,99.80914
09/07/2026 14:39:12,20,9.23,26.15,16.92,6.15,12.31,27.69,18.46,30.77,53.85,13.85,26.15,21.79,53.85,16.74432,3294,806,1797,382.5,18,0.9087832,1.35,4042,877,40.5,2.231505,1.35,4042,350.5,40.5,0.8694378,1.35,4042,687,40.5,1.85013938,1.35,1797,1669.5,18,4.514992,1.36875,4042,868,40.5,2.31500459,1.36875,81.875,1.55,1.55,99.80917
09/07/2026 14:39:14,17.19,19.67,9.38,16.39,15.62,16.39,7.81,17.19,3.12,20.31,14.06,17.19,14.53,20.31,14.8108215,3780,598,2470,650.5,24.75,2.07289767,1.3625,4042,621.5,40.5,1.87847328,1.36875,4042,625,40.5,2.046765,1.36875,4042,483.5,40.5,1.56019258,1.36875,4042,540.5,40.5,1.64181256,1.36875,4042,665.5,40.5,1.96172845,1.36875,81.75,1.55,1.55,99.80915
09/07/2026 14:39:16,7.69,3.08,26.15,20,4.62,12.31,44.62,47.69,21.54,30.77,7.69,7.69,19.49,47.69,15.6993856,2521,671,1774,178,17.7777786,0.584874749,1.35,1774,833,17.7777786,2.57316732,1.35,3992,281.5,40,0.9658952,1.35,3992,1658,40,4.74987125,1.35,1797,868.5,18,2.38129354,1.375,1797,208,18,0.6389697,1.375,82.375,1.55,1.55,99.8092
09/07/2026 14:39:18,1.56,7.69,18.75,29.69,9.38,12.7,46.88,41.54,9.38,14.06,25,12.5,19.09,46.88,16.3746758,2884,679,1770,166.5,17.88889,0.532587469,1.36875,4017,677,40.25,2.21354628,1.36875,1785,277,17.88889,0.9241543,1.36875,4017,1694,40.25,4.7980504,1.36875,3942,472,39.5,1.322476,1.30625,1774,788.5,17.7777786,2.63318419,1.325,82.875,1.55,1.55,99.8092346
09/07/2026 14:39:20,6.35,1.59,0,3.17,11.11,7.94,28.57,0,0,11.11,28.57,7.94,8.86,28.57,12.11649,2506,396,1797,198.5,18,0.6778577,1.3375,1563,84.5,18,0.26327613,1.3375,4042,480.5,40.5,1.66387594,1.35,1797,615,18,2.31691647,1.34375,4042,274.5,40.5,0.8785059,1.34375,1797,722.5,18,2.72382236,1.34375,82.125,1.55,1.55,99.80918
09/07/2026 14:39:22,6.35,3.12,1.59,14.52,1.54,1.59,14.29,20.97,14.29,26.98,17.46,9.23,10.99,26.98,13.6058769,3294,495,4042,189.5,40.5,0.529835343,1.34375,4042,385,40.5,1.27298129,1.35,1797,208.5,18,0.5434146,1.35,1797,829.5,18,2.93994427,1.35,4042,826,40.5,2.71802449,1.35,4042,529.5,40.5,1.69469011,1.35,81.5,1.55,1.55,99.8092346
09/07/2026 14:39:24,7.94,1.59,20.63,20.9,0,1.59,25.4,7.94,2.99,26.87,3.12,3.17,10.18,26.87,12.040493,2868,388,1764,120.5,17.88889,0.332686663,1.35,1785,863,17.88889,3.14159417,1.35,4017,31,40.25,0.200298637,1.35,1785,678.5,17.88889,2.53195381,1.35,4042,567.5,40.5,2.10484123,1.35,3812,65,40.5,0.08008849,1.35625,81.125,1.55,1.55,99.80923
09/07/2026 14:39:26,15.62,31.25,26.56,21.88,7.81,20.31,25,23.44,4.69,6.25,10.94,17.19,17.58,31.25,15.889185,4042,747,4042,992,40.5,1.9422226,1.34375,4042,1046,40.5,2.971299,1.34375,4042,579,40.5,1.16588044,1.34375,4042,966,40.5,2.53234267,1.34375,4042,270,40.5,0.724766254,1.33125,4042,630.5,40.5,1.97611475,1.33125,81.375,1.55,1.55,99.8092041
09/07/2026 14:39:28,21.88,32.81,26.56,21.88,3.12,15.38,24.62,24.62,1.54,7.81,32.31,29.23,20.15,32.81,17.9537582,3626,801,3992,1049.5,40,2.79328728,1.35625,1774,1042.5,17.7777786,2.88311,1.35625,3992,379,40,1.01540279,1.35625,3992,869.5,40,2.54006124,1.35625,3992,199,40,0.6556083,1.35625,4017,1268,40.25,4.295918,1.3375,82.25,1.55,1.55,99.809166
09/07/2026 14:39:30,9.38,9.23,10.94,1.56,0,4.62,10.94,44.62,7.81,32.31,6.25,12.5,12.51,44.62,13.0591984,2507,444,3942,230.5,40.5,0.5966287,1.3625,1797,219.5,18,0.7200074,1.3625,1797,84.5,18,0.204615325,1.3625,3967,1114.5,39.75,4.043801,1.31875,1763,740.5,17.666666,2.58248162,1.31875,1774,277.5,17.7777786,0.9930166,1.3125,82.375,1.55,1.55,99.80919
09/07/2026 14:39:32,21.88,12.5,20.31,6.25,11.11,10.94,11.11,6.35,10.94,12.5,25,35.94,15.4,35.94,13.9442225,2545,546,4042,536,40.5,1.49636292,1.3375,1797,524.5,18,1.61860991,1.3375,1797,421,18,1.23449254,1.3375,1797,185,18,0.591028631,1.35,4042,497,40.5,1.54452,1.35,1797,1111.5,18,3.7437427,1.3625,81.875,1.55,1.55,99.80916
09/07/2026 14:39:34,6.35,20.63,1.59,11.11,0,1.59,20.63,11.11,1.59,20.63,14.29,4.76,9.52,20.63,12.4213333,2321,405,1397,527.5,14,1.76389492,1.3375,1397,274,14,0.9439277,1.3375,1253,52,14,0.129417062,1.3375,1797,637,18,2.48823047,1.3375,4042,472.5,40.5,1.74464488,1.3375,4042,468.5,40.5,1.56900311,1.3375,81.5,1.55,1.55,99.809166
09/07/2026 14:39:36,6.35,19.05,0,26.98,0,0,15.87,17.46,0,7.94,9.52,1.59,8.73,26.98,12.11449,3668,388,4042,541.5,40.5,1.81902766,1.34375,4042,598,40.5,2.14788,1.34375,4042,68,40.5,0.154301628,1.34375,4042,735.5,40.5,2.76361275,1.34375,1797,186.5,18,0.6955932,1.34375,4042,197,40.5,0.6712268,1.34375,81,1.55,1.55,99.80931
09/07/2026 14:39:38,12.5,4.69,10.94,20.31,17.19,17.19,28.12,9.38,1.56,1.56,3.12,1.56,10.68,28.12,12.4606018,2462,428,1797,290,18,0.834180653,1.34375,1797,605,18,2.101752,1.34375,4042,756,40.5,2.49827528,1.34375,1397,764.5,14,2.81036448,1.33125,1700,48,18,0.115723886,1.3375,4042,107,40.5,0.319212973,1.3375,80.125,1.55,1.55,99.8092
09/07/2026 14:39:40,16.92,16.92,9.09,7.69,3.03,3.03,47.69,7.69,4.62,10.77,7.58,23.08,13.18,47.69,13.4238577,3668,490,4042,423,40.5,1.13486969,1.35625,4042,338.5,40.5,0.822663665,1.35625,4042,119.5,40.5,0.263933152,1.35625,4042,1049,40.5,3.78813648,1.3625,1797,339.5,18,1.17690027,1.3625,4042,671,40.5,2.26977444,1.34375,80.5,1.55,1.55,99.8092651
09/07/2026 14:39:42,12.5,31.25,4.69,1.56,14.06,3.17,4.69,1.59,15.62,25,15.62,12.5,11.86,31.25,13.28283,2915,487,4017,920,40.25,3.088864,1.34375,4042,160.5,40.5,0.447149366,1.34375,1797,325.5,18,0.9640821,1.34375,1797,126,18,0.4297467,1.34375,1797,782.5,18,2.71027541,1.34375,4042,608,40.5,1.95855427,1.34375,80.375,1.55,1.55,99.8092
09/07/2026 14:39:44,3.12,1.56,4.69,1.56,7.81,32.81,7.81,6.25,14.06,18.75,4.69,12.5,9.64,32.81,12.2361975,2220,394,1108,29.5,14,0.0709652454,1.3625,1397,88,14,0.29412362,1.3625,932,848,9.333333,3.11308146,1.3625,1797,267.5,18,0.96646446,1.36875,4042,710,40.5,2.56491852,1.36875,4042,419,40.5,1.35341716,1.35,80,1.55,1.55,99.80923
09/07/2026 14:39:46,1.54,3.08,32.31,56.92,20,15.38,43.08,52.31,9.23,7.69,6.15,6.15,21.15,56.92,16.4449177,2868,692,1491,71,18,0.202796757,1.35625,4042,1309,40.5,4.109974,1.35625,4042,524.5,40.5,1.6390909,1.35625,1797,1885,18,5.52336359,1.35625,1797,144,18,0.371851861,1.35625,4042,217,40.5,0.6935707,1.35625,81.375,1.55,1.55,99.8092
09/07/2026 14:39:48,19.7,9.09,27.27,36.36,25.76,25.76,46.97,33.33,16.67,9.09,6.06,6.06,21.84,46.97,16.885685,3664,739,4042,388.5,40.5,1.17870665,1.34375,4017,1116.5,40.25,3.24062085,1.34375,4042,866,40.5,2.45646787,1.35625,1797,1349,18,3.84606051,1.35625,4042,492.5,40.5,1.44132912,1.35625,4042,221.5,40.5,0.557227433,1.35625,82.125,1.55,1.55,99.809166
09/07/2026 14:39:50,6.15,1.59,10.77,23.08,15.38,17.19,18.46,18.46,3.08,7.69,1.54,3.08,10.54,23.08,11.8508167,2515,408,1797,147,18,0.467069536,1.36875,1797,686,18,2.36449122,1.36875,4042,608,40.5,2.16928315,1.36875,4017,785.5,40.25,2.768588,1.375,1785,179,17.88889,0.605116665,1.375,1652,43,17.88889,0.09079872,1.375,81.125,1.55,1.55,99.80919
09/07/2026 14:39:52,9.23,0,0,18.46,16.67,34.85,7.69,13.85,1.54,12.31,0,3.08,9.81,34.85,11.7995548,2513,394,4042,164.5,40.5,0.362274736,1.325,1797,428,18,1.45755982,1.31875,1797,1070,18,3.6750145,1.31875,1797,364.5,18,1.37107146,1.31875,1797,292.5,18,1.05411088,1.33125,3850,41.5,40.5,0.118710883,1.33125,80.5,1.55,1.55,99.80919
09/07/2026 14:39:54,3.08,10.77,3.12,3.12,6.15,10.77,6.15,6.25,9.23,26.15,27.69,15.38,10.66,27.69,12.1044,2658,402,1235,293.5,12.375,1.01450765,1.3375,1235,164.5,12.375,0.485298544,1.3375,1397,276.5,14,0.880383551,1.35,3995,76.5,40.5,0.1982821,1.35,4042,738,40.5,2.726504,1.35,4042,861.5,40.5,3.03552961,1.35,80.5,1.55,1.55,99.80919
09/07/2026 14:39:56,4.62,6.25,26.15,17.46,3.12,1.59,29.23,10.77,3.08,7.69,0,1.54,9.29,29.23,11.9451418,2289,394,1235,248.5,12.375,0.8693647,1.36875,1235,871.5,12.375,3.0697372,1.36875,1976,149,19.8,0.41714713,1.36875,1797,816,18,3.02280378,1.36875,4042,246.5,40.5,0.8085182,1.36875,3447,32.5,40.5,0.07328577,1.35625,80.25,1.55,1.55,99.80914
09/07/2026 14:39:58,12.31,6.25,13.85,18.46,7.69,18.75,20,29.85,12.31,15.38,40.91,32.31,19.01,40.91,14.7768116,2920,605,1797,248,18,0.646038532,1.325,4042,461,40.5,1.395251,1.325,1797,493,18,1.40958393,1.325,4042,797,40.5,2.75914454,1.325,1797,334,18,0.9053873,1.325,4042,1299.5,40.5,3.57877564,1.325,79.875,1.55,1.55,99.8092041
09/07/2026 14:40:00,12.31,0,1.54,0,12.31,9.68,12.31,21.54,6.15,12.31,10.77,23.44,10.2,23.44,12.1012506,2647,408,1397,218.5,14,0.731132448,1.3625,1037,25.5,14,0.059939824,1.3625,1397,445,14,1.56719446,1.3625,4017,729,40.25,2.64508653,1.3625,4017,327.5,40.25,0.966871858,1.3625,4017,700.5,40.25,2.48396373,1.3625,80.125,1.55,1.55,99.80926
09/07/2026 14:40:02,4.69,1.56,18.75,3.12,14.06,1.56,12.5,4.69,4.69,26.15,12.5,15.62,9.99,26.15,12.2016506,1971,406,1397,128,14,0.393256634,1.35,1397,396,14,1.32659757,1.35,1397,332.5,14,1.15388691,1.35,1797,342,18,1.1542871,1.35,4042,647,40.5,2.27009249,1.35,1797,590.5,18,2.00563931,1.35625,79.5,1.55,1.55,99.80917
09/07/2026 14:40:04,4.62,0,7.69,0,0,1.52,32.31,23.08,4.62,9.09,15.38,22.73,10.09,32.31,11.96287,3503,400,4042,69,40.5,0.207208142,1.35,4042,131.5,40.5,0.4404289,1.3625,3054,29,40.5,0.06758136,1.3625,4042,1048,40.5,3.74257874,1.3625,4042,368.5,40.5,1.33833718,1.35625,1797,751,18,2.67134786,1.35625,80,1.55,1.55,99.8092
09/07/2026 14:40:06,3.08,1.54,26.15,3.08,0,0,36.92,6.15,3.08,24.62,12.31,4.62,10.13,36.92,11.8949194,2339,394,1235,66,12.375,0.207203329,1.3625,1976,568.5,19.8,1.99032032,1.3625,940,16.5,12.375,0.03863096,1.3625,4042,848,40.5,2.90065718,1.3625,1797,553,18,2.09570313,1.35,4042,311,40.5,1.12221074,1.35,80.625,1.55,1.55,99.80914
09/07/2026 14:40:08,9.38,1.56,15.62,3.12,9.38,4.69,37.5,15.62,12.5,6.25,28.12,14.06,13.15,37.5,13.4584637,3200,495,1235,164.5,12.375,0.4626437,1.3375,4042,315.5,40.5,0.9555866,1.35,4042,293.5,40.5,0.81922555,1.35,4042,1070,40.5,3.79137063,1.35,1797,261,18,0.769264936,1.35,4042,864.5,40.5,2.86861014,1.35,80.25,1.55,1.55,99.80914
09/07/2026 14:40:10,3.03,0,37.88,4.55,0,0,31.82,18.46,7.58,3.03,1.52,7.58,9.62,37.88,11.97682,2456,397,1614,67,18,0.09244356,1.33125,4042,871,40.5,3.07915664,1.33125,1518,18.5,18,0.0399901867,1.33125,1797,998.5,18,3.672342,1.33125,4042,214,40.5,0.8015876,1.33125,1724,215,18,0.663228154,1.33125,79.875,1.55,1.55,99.80917
09/07/2026 14:40:12,4.69,3.12,1.56,0,0,0,45.31,4.55,4.69,20.31,10.94,15.62,9.23,45.31,12.081398,3132,404,4042,183.5,40.5,0.5393022,1.35625,1466,24.5,18,0.0602831431,1.35625,1159,28,14,0.0680575743,1.35625,4042,1097,40.5,3.95336366,1.375,4042,579.5,40.5,2.04496813,1.34375,4042,511,40.5,1.66549706,1.34375,80,1.55,1.55,99.80919
09/07/2026 14:40:14,7.69,36.92,1.54,4.84,0,1.54,12.31,26.15,6.15,13.85,0,29.23,11.69,36.92,12.0307646,2492,409,1797,769,18,2.57103634,1.3625,1620,47.5,18,0.111480989,1.3625,3948,30.5,40.5,0.06735119,1.3625,4017,657.5,40.25,2.44983029,1.38125,1785,276.5,17.88889,0.9730063,1.38125,1785,672.5,17.88889,2.42692375,1.38125,79.75,1.55,1.55,99.80917
09/07/2026 14:40:16,3.17,0,31.75,58.73,6.35,4.76,23.81,46.03,1.59,1.59,19.05,23.81,18.39,58.73,16.28117,2895,695,1791,151.5,18,0.3875853,1.3625,4042,1265.5,40.5,3.98876143,1.3625,4042,249.5,40.5,0.740801632,1.3625,3967,1419.5,39.75,4.13683176,1.3125,1763,157.5,17.666666,0.375804573,1.31875,1763,925.5,17.666666,2.61960721,1.31875,80.375,1.55,1.55,99.80916
09/07/2026 14:40:18,35.94,39.06,32.81,32.81,26.56,7.81,15.62,6.25,14.06,10.94,7.81,14.06,20.31,39.06,16.9737263,3668,764,4042,1417.5,40.5,3.893253,1.36875,4042,961,40.5,2.92504072,1.36875,1797,666,18,1.88340807,1.36875,4042,518.5,40.5,1.47754312,1.36875,4042,443,40.5,1.24225438,1.35,4042,576.5,40.5,1.51149321,1.35,80.5,1.55,1.55,99.80918
09/07/2026 14:40:20,12.5,4.69,2.99,29.69,7.58,1.56,17.19,14.93,9.38,17.19,12.5,14.06,12.02,29.69,12.9779787,2853,468,1397,263.5,14,0.6813663,1.35625,1797,656,18,2.33460665,1.36875,1797,155.5,18,0.472716063,1.36875,4042,695,40.5,2.41030526,1.36875,4042,534,40.5,1.669843,1.36875,4042,507,40.5,1.53534162,1.36875,80.375,1.55,1.55,99.80913
09/07/2026 14:40:22,7.58,18.18,16.67,3.03,3.03,7.58,16.67,0,6.06,24.24,21.21,19.7,11.99,24.24,11.8293228,2895,396,1680,380.5,18,1.28391421,1.34375,1797,383,18,1.45689666,1.34375,4014,161,40.5,0.55575186,1.34375,4042,287,40.5,1.0583986,1.34375,1797,385.5,18,1.28499854,1.35625,4042,779,40.5,2.66527772,1.35625,79.75,1.55,1.55,99.809166
09/07/2026 14:40:24,6.35,4.76,10.77,47.62,6.06,3.08,20.63,11.11,14.29,14.29,29.23,11.11,14.94,47.62,14.3010416,3212,631,1397,334.5,14,0.6634016,1.3625,4042,1212,40.5,3.92809415,1.3625,4042,249,40.5,0.5386473,1.3625,4017,668.5,40.25,1.94777274,1.34375,3992,630.5,40,1.83231616,1.33125,1785,692,17.88889,2.06642461,1.34375,79.5,1.55,1.55,99.80917
09/07/2026 14:40:26,12.31,13.85,26.15,60,9.23,16.92,10.77,10.77,13.85,18.46,6.15,7.69,17.18,60,13.9128962,2415,607,1797,538,18,1.36740422,1.34375,4042,1775,40.5,5.050309,1.34375,4042,407,40.5,1.15752709,1.35,1976,245.5,19.8,0.6100186,1.35,1235,497,12.375,1.42882931,1.35,1397,182,14,0.416960955,1.35,79.625,1.55,1.55,99.80919
09/07/2026 14:40:28,9.09,4.41,9.23,46.97,7.58,1.47,6.15,0,0,10.77,18.18,16.67,10.88,46.97,11.7672806,2415,390,4042,191.5,40.5,0.485879719,1.35,1797,1053.5,18,3.78341627,1.35,4042,160.5,40.5,0.5434708,1.3375,1397,122.5,14,0.4392217,1.3375,1235,235,12.375,0.866897,1.3375,1976,576.5,19.8,2.04278755,1.3375,79.5,1.55,1.55,99.8092651
09/07/2026 14:40:30,1.56,1.56,3.28,3.23,3.28,1.64,64.62,16.92,13.85,6.45,20.31,20.31,13.08,64.62,11.9434948,2252,392,988,24.5,14,0.07648301,1.35,1303,30.5,14,0.06787889,1.35,1339,30.5,14,0.06830637,1.35625,4042,1563.5,40.5,5.65736771,1.35625,1797,205.5,18,0.6909325,1.35625,4042,498.5,40.5,1.80242407,1.35625,79.125,1.55,1.55,99.80915
09/07/2026 14:40:32,0,3.45,26.98,44.44,0,0,1.59,27.87,0,0,1.59,0,8.83,44.44,11.8257952,2629,389,1613,89.5,18,0.287908018,1.35,4042,1486.5,40.5,5.30993843,1.35,1544,27.5,18,0.0515868,1.35,1797,595,18,2.15954065,1.35,3465,26,40.5,0.06282339,1.35,3311,107,40.5,0.2614076,1.35,79.375,1.55,1.55,99.80918
09/07/2026 14:40:34,20.31,17.19,10.94,1.56,21.88,14.06,54.69,12.5,15.62,26.56,21.88,12.5,19.14,54.69,13.7832851,2545,533,1797,257.5,18,0.657230437,1.35625,1797,127,18,0.33683154,1.35625,4042,486.5,40.5,1.43756,1.35625,4042,1268,40.5,4.49880648,1.3625,1797,698,18,2.23581052,1.3625,1797,358.5,18,1.12552941,1.375,80,1.55,1.55,99.809166
09/07/2026 14:40:36,0,0,1.56,3.12,1.54,1.56,23.44,58.73,12.5,21.88,0,7.94,11.02,58.73,11.83823,2168,389,3016,24.5,40.5,0.0625269562,1.36875,1193,16.5,18,0.0416795351,1.375,1236,14,18,0.03225075,1.375,1797,1572,18,5.856094,1.375,3992,538,40,1.83887362,1.3125,1774,167,17.7777786,0.5419256,1.3125,80.125,1.55,1.55,99.80923
09/07/2026 14:40:38,1.59,3.28,7.94,29.23,0,0,1.61,0,23.81,39.68,1.59,1.59,9.19,39.68,11.7889318,2409,391,1797,69,18,0.313251883,1.3375,4042,852,40.5,2.92782521,1.35,3427,23,40.5,0.0537709072,1.35,1235,74.5,12.375,0.2177703,1.35,1976,1260,19.8,4.690448,1.35,1976,66,19.8,0.131030843,1.35,80.875,1.55,1.55,99.80922
09/07/2026 14:40:40,9.23,3.08,15.38,3.08,10.77,41.54,3.08,0,3.08,7.58,12.31,12.31,10.12,41.54,11.854763,2877,408,4042,158.5,40.5,0.479445577,1.35,1797,279.5,18,0.963354349,1.34375,4042,1137.5,40.5,3.93592858,1.3625,3789,56.5,40.5,0.210483581,1.29375,1797,228,18,0.7832892,1.29375,1797,587.5,18,1.99475431,1.29375,80.125,1.55,1.55,99.80922
09/07/2026 14:40:42,9.23,7.94,6.35,12.31,1.54,35.38,21.54,1.54,4.76,4.62,13.85,16.92,11.33,35.38,11.7638025,2104,393,1797,363.5,18,1.30156791,1.3375,1797,198,18,0.6687841,1.3375,4042,797,40.5,2.807987,1.3375,1397,478,14,1.59891963,1.3375,1797,129.5,18,0.4073229,1.34375,1797,391,18,1.32729,1.34375,79.375,1.55,1.55,99.80921
09/07/2026 14:40:44,15.62,10.94,9.38,7.81,17.19,23.44,18.75,6.25,9.38,34.38,12.5,0,13.8,34.38,13.8677216,3294,516,1797,579.5,18,1.70100927,1.3375,4042,237.5,40.5,0.758509755,1.3375,1797,724.5,18,2.42103386,1.3375,4042,452,40.5,1.46007919,1.3375,4042,828,40.5,2.99559283,1.3375,4042,272,40.5,0.859844446,1.35,79.25,1.55,1.55,99.8092
09/07/2026 14:40:47,10.61,7.58,10.61,42.42,4.55,3.03,54.55,43.94,4.55,1.52,15.15,39.39,19.82,54.55,16.0415955,3270,673,1680,205,18,0.6200755,1.35,4042,589.5,40.5,2.0147078,1.35,4042,178,40.5,0.5059234,1.35,1797,1775.5,18,4.86476,1.35,4042,133.5,40.5,0.2795075,1.35625,4017,1158.5,40.25,3.45362,1.34375,80.375,1.55,1.55,99.80918
09/07/2026 14:40:49,20,21.88,16.92,36.92,17.19,17.19,13.85,15.38,18.46,7.69,23.08,33.85,20.2,36.92,15.99582,2920,691,1797,638,18,1.69754076,1.3375,4042,1079.5,40.5,3.3392272,1.3375,1797,430.5,18,1.31591,1.3375,1797,527,18,1.48692048,1.3375,4042,451.5,40.5,1.19981158,1.3375,4042,1021.5,40.5,2.85546374,1.3375,80.125,1.55,1.55,99.8092
09/07/2026 14:40:51,1.56,0,3.12,0,0,0,3.12,43.08,6.25,14.06,18.75,23.44,9.45,43.08,12.2904081,2281,408,4042,88.5,40.5,0.240192443,1.35,4042,49.5,40.5,0.139492542,1.35,1410,33.5,18,0.07026236,1.35,1397,960.5,14,3.4633193,1.35,1397,418,14,1.46805441,1.35,1397,900.5,14,3.25494576,1.34375,80.25,1.55,1.55,99.8092346
09/07/2026 14:40:53,1.54,1.54,2.99,6.35,1.49,0,60,1.52,12.31,1.54,6.15,21.54,9.75,60,11.9761887,2311,395,1295,39,14,0.213217482,1.35,1214,122.5,12.375,0.404450268,1.3625,1476,15.5,19.8,0.0373175479,1.3625,4042,1342.5,40.5,4.807949,1.3625,1797,275.5,18,0.9400618,1.35,4042,572.5,40.5,2.10451221,1.35,79.75,1.55,1.55,99.80912
09/07/2026 14:40:55,3.12,3.12,46.88,40.28,1.39,0,6.25,3.12,0,1.56,3.12,6.25,9.59,46.88,11.65,3294,405,4042,103,40.5,0.3093473,1.35625,4042,1823.5,40.5,6.577865,1.35625,4042,68,40.5,0.08048245,1.35625,1797,149,18,0.6107507,1.3375,4042,117,40.5,0.273378551,1.3375,1797,167.5,18,0.5386854,1.3375,79.375,1.55,1.55,99.80919
09/07/2026 14:40:57,3.12,0,0,10.77,1.56,1.54,20.31,32.81,9.38,16.67,0,10.94,8.92,32.81,12.0527754,1971,392,1797,90.5,18,0.290512383,1.3375,4042,305.5,40.5,1.01840413,1.35625,1797,123,18,0.318283856,1.35,1397,1000,14,3.81088257,1.35,1397,565.5,14,2.04916358,1.35,1397,264.5,14,0.949702144,1.35,80.125,1.55,1.55,99.8092346
09/07/2026 14:40:59,7.69,19.7,1.54,1.39,1.61,1.56,29.23,1.54,23.08,22.86,4.69,10.77,10.47,29.23,11.9430923,1913,394,1397,497.5,14,1.624699,1.35625,1169,31.5,14,0.07214061,1.35625,1276,30,14,0.06630203,1.35625,4042,617.5,40.5,2.18940949,1.36875,1797,946.5,18,3.44216681,1.35625,1797,240,18,0.8468089,1.35625,80.125,1.55,1.55,99.8092957
09/07/2026 14:41:01,12.5,4.69,14.06,10.94,9.52,20.63,9.38,0,10.94,25.81,14.06,28.12,13.39,28.12,15.425931,2171,600,1797,404.5,18,1.18895,1.3375,1797,710.5,18,2.225746,1.35,1797,591.5,18,1.786191,1.35,4042,210.5,40.5,0.5841439,1.35,1797,751,18,2.36050653,1.35,1797,933.5,18,2.86624527,1.35,80,1.55,1.55,99.80918
09/07/2026 14:41:03,10.77,27.69,20,6.15,24.29,20,13.85,6.15,3.08,6.15,13.85,12.31,13.69,27.69,13.2739182,2920,534,1797,745.5,18,2.36028957,1.34375,1797,477.5,18,1.49418867,1.34375,4042,919,40.5,2.92534876,1.34375,4042,383,40.5,1.19310641,1.35625,1797,218,18,0.475391984,1.35625,4042,463.5,40.5,1.05966377,1.35625,79.5,1.55,1.55,99.80922
09/07/2026 14:41:05,3.17,0,7.94,46.03,0,15.87,1.59,0,1.59,3.17,20.63,7.94,8.99,46.03,11.9360609,3285,399,3992,137,40.5,0.3733312,1.3375,1797,1073,18,3.74860764,1.3375,4042,405.5,40.5,1.39329588,1.3375,1797,53,18,0.154822171,1.3375,4042,122,40.5,0.416016877,1.3375,4042,604.5,40.5,2.137837,1.3375,79.5,1.55,1.55,99.80917
09/07/2026 14:41:07,10.94,0,3.12,1.56,0,4.69,15.62,1.56,1.56,37.5,25,14.06,9.64,37.5,12.0754557,2909,415,4042,215,40.5,0.628940761,1.33125,1797,158.5,18,0.442635775,1.3375,1797,149.5,18,0.478037477,1.3375,4017,423.5,40.25,1.48337519,1.3375,1785,752.5,17.88889,2.70801,1.3375,4017,791.5,40.25,2.72686148,1.3375,79.5,1.55,1.55,99.80923
09/07/2026 14:41:09,6.25,3.12,4.69,1.56,1.56,0,1.56,0,6.25,40.62,25,26.56,9.77,40.62,12.3183985,3167,399,1442,101,18,0.38493222,1.3375,4042,154,40.5,0.5550083,1.3625,1394,33.5,18,0.08667362,1.3625,4042,102,40.5,0.338867962,1.3625,4042,977.5,40.5,3.6582582,1.3625,4042,1026,40.5,3.72057152,1.3625,80.125,1.55,1.55,99.80917
09/07/2026 14:41:11,12.7,6.35,1.59,17.46,3.17,3.17,36.51,1.59,6.35,23.81,20.63,14.29,12.3,36.51,13.4627581,2897,513,1797,407.5,18,1.12271369,1.3625,1797,427.5,18,1.37823379,1.3625,4042,118.5,40.5,0.30199632,1.3625,4017,793.5,40.25,2.77964282,1.3625,3967,614.5,39.75,2.036004,1.36875,1763,716.5,17.666666,2.24149561,1.36875,80,1.55,1.55,99.809166
09/07/2026 14:41:13,7.81,14.06,0,0,3.12,4.69,3.12,3.12,18.75,50,4.69,0,9.11,50,12.1471529,2604,402,4042,429,40.5,1.42322564,1.35,3346,42,40.5,0.106069028,1.35,4042,226,40.5,0.6716187,1.35,1397,185.5,14,0.6411941,1.3375,1397,1389.5,14,5.06750441,1.3375,1397,139.5,14,0.446733028,1.3375,80.375,1.55,1.55,99.80923
09/07/2026 14:41:15,4.69,20.31,1.56,0,8.06,16.13,23.08,13.64,3.12,17.74,1.59,14.06,10.33,23.08,11.9605131,2667,393,1367,484,14,1.60519814,1.35,1113,42,14,0.1073932,1.35,1397,467,14,1.61832476,1.35,4042,726,40.5,2.6747098,1.3625,4042,379,40.5,1.38895333,1.34375,4042,262,40.5,0.9307679,1.35,79.75,1.55,1.55,99.80918
09/07/2026 14:41:17,4.69,4.69,3.12,9.38,7.81,9.38,62.5,60.94,18.75,23.44,18.75,3.12,18.88,62.5,15.9154177,2850,709,1379,142.5,17.7777786,0.304023653,1.31875,1797,166.5,18,0.5019351,1.36875,4042,293,40.5,0.8052298,1.36875,4042,2672,40.5,7.21948767,1.36875,4042,622.5,40.5,1.83730674,1.36875,1797,355.5,18,1.08590484,1.36875,81.375,1.55,1.55,99.809166
09/07/2026 14:41:19,7.81,4.69,6.25,68.75,25,37.5,18.75,45.31,4.69,1.56,1.56,0,18.49,68.75,16.69377,3206,651,1797,241.5,18,0.7959156,1.36875,1797,1124.5,18,3.847414,1.36875,4042,1146.5,40.5,3.624579,1.36875,4042,1247.5,40.5,4.07562542,1.38125,3595,44.5,40.5,0.114967942,1.38125,3964,104,40.5,0.179121748,1.38125,82.125,1.55,1.55,99.80917
09/07/2026 14:41:21,12.31,6.15,6.15,1.54,4.62,21.54,38.46,3.08,9.23,21.54,24.62,7.69,13.08,38.46,13.392808,3282,499,4042,253,40.5,0.661388159,1.34375,4042,118,40.5,0.306176364,1.3625,1797,601.5,18,2.03148866,1.3625,4042,760,40.5,2.68858528,1.3625,3992,636,40,2.02223,1.3625,1774,628,17.7777786,2.09693933,1.3625,81.125,1.55,1.55,99.80921
09/07/2026 14:41:23,1.54,4.62,6.15,7.69,7.69,0,26.15,4.62,4.62,15.38,30.77,13.85,10.26,30.77,11.9390116,3294,397,1797,102.5,18,0.329394966,1.33125,1797,233.5,18,0.7341455,1.33125,4042,160,40.5,0.5414223,1.3375,4042,584,40.5,2.07726717,1.3375,4042,441.5,40.5,1.56111681,1.35,4042,861,40.5,3.09624529,1.35625,80.875,1.55,1.55,99.80917
09/07/2026 14:41:25,12.31,1.52,6.25,4.69,21.54,9.23,30.77,1.54,10.77,18.46,32.31,4.62,12.83,32.31,12.98177,2949,503,1797,337,18,0.9727686,1.3375,1797,236.5,18,0.683372259,1.3375,1976,476,19.8,1.44051158,1.35,4042,640.5,40.5,2.197124,1.35,4042,514.5,40.5,1.63572526,1.35,4042,813,40.5,2.48658752,1.35,80,1.55,1.55,99.809166
09/07/2026 14:41:27,17.19,15.62,6.25,4.69,14.06,31.25,6.25,4.92,14.06,28.57,6.25,12.5,13.47,31.25,12.8177309,2920,466,1797,604,18,1.96497262,1.325,4042,209.5,40.5,0.5105313,1.325,1797,812,18,2.85217738,1.33125,1797,154.5,18,0.4185346,1.33125,4042,701,40.5,2.40029383,1.33125,4042,313,40.5,1.03185022,1.33125,79.625,1.55,1.55,99.80917
09/07/2026 14:41:29,9.23,9.23,21.54,6.15,9.23,23.88,4.62,3.08,9.23,24.62,7.69,1.54,10.84,24.62,11.961915,2920,394,1797,275,18,0.8724847,1.34375,4042,592.5,40.5,2.07612276,1.34375,1797,677,18,2.40148258,1.34375,4042,55.5,40.5,0.264082372,1.34375,1797,583.5,18,2.179385,1.34375,4042,178,40.5,0.483080566,1.34375,79.25,1.55,1.55,99.80919
09/07/2026 14:41:31,3.12,3.12,1.56,1.61,3.17,1.61,75,18.75,4.69,3.12,12.5,1.56,10.82,75,12.187232,2628,400,1003,84,14,0.220274389,1.35,1257,20.5,18,0.07230043,1.3625,1385,27,18,0.0513902344,1.3625,4042,1896,40.5,7.01417732,1.35625,4042,83,40.5,0.345962048,1.35625,4042,287.5,40.5,0.988944,1.35625,79.75,1.55,1.55,99.80914
09/07/2026 14:41:33,10.77,4.62,10.77,10.77,10.77,26.15,3.08,32.31,10.77,18.46,3.08,9.09,12.55,32.31,12.270298,3271,430,4042,319,40.5,1.0643338,1.35,1659,87.5,18,0.209275,1.35,4042,652,40.5,2.14319873,1.35,4042,720.5,40.5,2.61086226,1.35,4042,555.5,40.5,1.79416931,1.35,1797,247,18,0.8104973,1.31875,80.125,1.55,1.55,99.80914
09/07/2026 14:41:35,1.56,1.56,3.12,3.12,1.56,24.62,20.31,7.81,3.12,25,21.88,3.12,9.73,25,11.84436,2978,384,3214,67.5,40.5,0.212451532,1.36875,2979,71.5,40.5,0.191317812,1.36875,1797,562,18,2.049497,1.36875,1797,527,18,1.90621138,1.36875,4042,571.5,40.5,2.08870983,1.36875,4042,502,40.5,1.79875493,1.36875,79.75,1.55,1.55,99.80921
09/07/2026 14:41:37,12.31,21.54,7.69,18.46,9.23,3.03,20,7.69,10.77,24.62,12.31,4.62,12.69,24.62,13.3802576,2920,503,4042,766.5,40.5,2.53466678,1.35,1797,508,18,1.49932051,1.35,1797,147,18,0.3882549,1.35,1797,531.5,18,1.8019706,1.35,4042,729,40.5,2.5714736,1.34375,4042,334.5,40.5,1.12390077,1.34375,80.5,1.55,1.55,99.80921
09/07/2026 14:41:39,6.25,1.56,3.12,20.31,14.06,1.56,9.38,0,1.56,0,31.25,28.12,9.77,31.25,11.739624,2849,388,1797,172.5,18,0.5399211,1.33125,1797,492.5,18,1.79443884,1.33125,4042,303,40.5,1.07066774,1.33125,1797,162,18,0.5807545,1.34375,3619,24,40.5,0.06123333,1.34375,4042,1177,40.5,4.2032876,1.35625,79.75,1.55,1.55,99.80918
09/07/2026 14:41:41,3.08,3.08,6.15,44.62,0,1.54,21.54,3.17,6.15,12.31,10.77,18.46,10.91,44.62,11.6592007,2432,386,1374,49.5,14,0.121169508,1.3375,1797,899,18,3.262511,1.3375,1539,19,18,0.03966841,1.3375,1797,405.5,18,1.490161,1.3375,4042,343.5,40.5,1.175301,1.35,4042,600,40.5,2.0901,1.35625,79.125,1.55,1.55,99.809166
09/07/2026 14:41:43,13.85,1.49,6.15,0,1.49,1.49,30.77,4.62,12.31,27.69,15.38,9.23,10.37,30.77,12.8435,3668,438,1797,329.5,18,1.080999,1.31875,4042,130,40.5,0.3911857,1.33125,4042,64,40.5,0.172090247,1.33125,4042,693.5,40.5,2.685594,1.33125,4042,812.5,40.5,2.90630746,1.33125,4042,599,40.5,1.97796965,1.34375,79.25,1.55,1.55,99.80919
09/07/2026 14:41:45,1.54,0,0,0,38.46,28.79,7.69,4.62,0,14.08,4.62,16.92,9.73,38.46,11.4441967,2483,382,1480,26,18,0.0621278249,1.3375,1797,25,18,0.048025094,1.3375,4042,1360,40.5,4.868745,1.3375,3983,171,40.5,0.468497485,1.35625,1797,327,18,1.22484,1.35625,1797,380.5,18,1.34597826,1.35625,78.37501,1.55,1.55,99.80922
09/07/2026 14:41:47,12.5,9.38,29.69,51.56,32.81,17.46,25,25,7.81,4.69,23.44,14.06,21.12,51.56,17.5033379,2732,794,1235,467.5,12.375,1.25774038,1.3,1235,1428,12.375,4.318786,1.3,4042,791,40.5,2.373663,1.35,4042,1010,40.5,2.76494527,1.35,1797,296,18,0.80260396,1.35,4042,771.5,40.5,2.14580154,1.35,79.125,1.55,1.55,99.80919
09/07/2026 14:41:49,3.12,17.19,18.75,64.06,31.25,6.25,10.94,25,1.56,7.81,9.38,28.12,18.62,64.06,16.5619812,2920,692,4042,439.5,40.5,1.29804063,1.3375,1797,1502.5,18,4.631922,1.3375,4042,467,40.5,1.63107944,1.35625,1797,612.5,18,2.01466084,1.35625,1797,216.5,18,0.6781484,1.35625,4042,914,40.5,2.74542427,1.35625,79.875,1.55,1.55,99.80917
09/07/2026 14:41:51,1.52,3.03,60.61,61.54,4.55,4.55,27.27,28.79,6.06,3.03,18.18,16.67,19.65,61.54,15.4299383,3193,733,1520,45.5,17.7777786,0.106681004,1.3125,1774,2470.5,17.7777786,6.421591,1.3125,3992,81.5,40,0.227468774,1.3125,3992,1138,40,2.80782175,1.3125,3838,53,40,0.113696985,1.3125,4042,607.5,40.5,1.509769,1.35625,83.125,1.55,1.55,99.80915
09/07/2026 14:41:53,1.56,6.25,7.81,3.08,1.56,6.25,14.06,82.81,1.59,4.76,1.59,7.81,11.59,82.81,12.2021255,2920,412,1797,126,18,0.372682065,1.34375,1797,58,18,0.133591816,1.34375,4042,145,40.5,0.465929419,1.34375,4042,1910,40.5,6.785075,1.3625,1797,111.5,18,0.357083,1.3625,4042,119,40.5,0.448241472,1.3625,82.875,1.55,1.55,99.80921
09/07/2026 14:41:55,3.12,3.12,1.56,7.81,3.12,0,12.5,25,14.06,10.94,39.06,1.56,10.16,39.06,11.8468075,2136,399,1702,46.5,18,0.0996848345,1.35625,1706,154,18,0.51602006,1.35625,1797,64,18,0.174535528,1.36875,4042,842.5,40.5,3.01346326,1.375,1785,453,17.88889,1.51227021,1.38125,1785,834,17.88889,2.97192669,1.38125,82,1.55,1.55,99.80919
09/07/2026 14:41:57,7.81,1.49,11.94,1.54,6.15,1.54,25,39.06,6.25,7.81,14.06,33.85,13.04,39.06,12.84422,4042,458,4042,75,40.5,0.19363077,1.35,4042,240.5,40.5,0.728953958,1.35,4042,99.5,40.5,0.240019575,1.35,4042,1199,40.5,4.32034,1.35,4042,256.5,40.5,0.720010459,1.35,4042,875.5,40.5,2.8589623,1.3625,81.125,1.55,1.55,99.8092
09/07/2026 14:41:59,4.62,1.59,1.56,0,0,0,60,13.85,7.69,13.85,23.08,4.62,10.9,60,12.0626593,2152,390,999,38,14,0.09372187,1.35625,1035,19.5,14,0.04807761,1.35625,1036,13,14,0.0297896788,1.35625,4042,1554,40.5,5.70972443,1.36875,4017,294,40.25,1.06629729,1.36875,1785,421,17.88889,1.50011384,1.38125,80.625,1.55,1.55,99.80912
09/07/2026 14:42:01,4.69,0,75,1.56,0,0,10.94,4.69,0,3.12,1.56,4.69,8.85,75,11.7855492,2872,395,1797,129.5,18,0.433098257,1.33125,4042,1624.5,40.5,5.66701269,1.33125,1797,39,18,0.0759933442,1.33125,1797,327.5,18,1.17001438,1.34375,3756,56,40.5,0.2790507,1.34375,4042,192.5,40.5,0.5865364,1.34375,79.75,1.55,1.55,99.80918
09/07/2026 14:42:03,9.23,0,12.31,41.54,3.03,0,24.62,7.81,6.15,12.5,20,7.69,12.07,41.54,13.38165,2920,512,1797,159.5,18,0.402806461,1.3375,4042,1174.5,40.5,3.84995317,1.35,4042,98,40.5,0.227318466,1.35,1797,605,18,2.018874,1.35,4042,482.5,40.5,1.60269547,1.31875,1797,551,18,1.651708,1.31875,79.5,1.55,1.55,99.8092041
09/07/2026 14:42:05,3.08,1.59,1.54,0,12.31,16.92,34.38,29.23,4.62,6.15,4.62,10.77,10.43,34.38,11.98244,2350,404,1156,75,12.375,0.205209419,1.35,1148,33.5,12.375,0.07354186,1.35,1976,572.5,19.8,2.01063848,1.35,4042,1264,40.5,4.70552826,1.35625,3992,164,40,0.5954261,1.35625,1785,314.5,17.88889,1.02790463,1.3375,79.25,1.55,1.55,99.80922
09/07/2026 14:42:07,6.15,1.56,1.54,6.25,3.08,0,47.69,20,4.62,13.43,1.54,12.31,9.85,47.69,11.6589766,2117,381,1797,87.5,18,0.275875956,1.33125,1473,146,18,0.5128664,1.33125,1797,79.5,18,0.255842447,1.34375,1797,1274,18,4.71519,1.34375,4042,446.5,40.5,1.56259942,1.35625,1797,252.5,18,0.8777622,1.35625,79.5,1.55,1.55,99.8092041
09/07/2026 14:42:09,0,4.84,1.59,15.87,0,9.52,6.35,0,1.59,12.9,17.46,38.1,9.02,38.1,12.0392637,1932,395,1584,149.5,18,0.497605354,1.3375,1778,401,18,1.29333174,1.3375,4042,317.5,40.5,0.972071,1.3375,1397,159.5,14,0.578913152,1.3375,1397,256.5,14,0.969259262,1.3375,1397,1086.5,14,4.001154,1.3375,79.5,1.55,1.55,99.80914
09/07/2026 14:42:11,21.88,7.81,0,0,1.56,13.85,28.12,0,6.25,18.75,1.49,14.06,9.48,28.12,11.920042,2492,389,1797,592,18,2.07597136,1.31875,1477,45,18,0.1359062,1.33125,4042,340,40.5,1.11634278,1.33125,1797,572,18,2.14560914,1.3375,1797,422,18,1.56663442,1.3375,4042,364.5,40.5,1.26561463,1.3375,79.125,1.55,1.55,99.80924
09/07/2026 14:42:13,6.35,0,7.94,6.35,12.5,25.81,4.76,13.11,7.94,28.57,12.7,12.7,11.56,28.57,13.52495,3200,498,1235,116,12.375,0.303027451,1.35625,4042,347.5,40.5,0.9156211,1.36875,4042,744,40.5,2.436992,1.36875,1797,441.5,18,1.4211148,1.36875,4042,700.5,40.5,2.45964622,1.36875,4042,638,40.5,2.00184274,1.36875,78.87501,1.55,1.55,99.8091
09/07/2026 14:42:15,1.59,0,0,0,9.84,19.67,34.92,13.04,4.76,17.46,3.17,1.59,8.84,34.92,11.8541012,2286,390,1397,45.5,14,0.115393154,1.35,1042,19.5,14,0.0439424776,1.35,1397,614.5,14,2.230054,1.35,4042,1000,40.5,3.57175064,1.35,1797,482.5,18,1.80551112,1.3375,4042,180,40.5,0.6546891,1.3375,78.62501,1.55,1.55,99.80915
09/07/2026 14:42:17,10.77,9.23,29.23,49.23,33.85,30.16,23.08,23.08,10.77,18.46,4.62,3.08,20.46,49.23,16.5273914,2541,700,1797,343.5,18,1.0354898,1.35625,4017,1274.5,40.25,3.59595156,1.36875,1797,1045,18,3.08641052,1.375,1797,945,18,2.913598,1.375,4042,482,40.5,1.41634417,1.375,1797,109.5,18,0.2969466,1.375,79.5,1.55,1.55,99.80925
09/07/2026 14:42:19,15.62,4.69,12.5,40.62,21.88,28.12,21.88,31.25,15.62,12.5,48.44,21.88,22.92,48.44,16.9979343,2545,736,1797,233.5,18,0.6735164,1.3375,1797,640.5,18,2.06891036,1.3375,4042,1025.5,40.5,2.87931752,1.3375,1797,760.5,18,2.15269065,1.34375,1797,613,18,1.75099611,1.34375,4042,1141.5,40.5,3.234049,1.34375,81,1.55,1.55,99.80922
09/07/2026 14:42:21,4.76,3.17,22.22,14.29,0,6.25,11.11,14.29,4.76,19.05,15.62,1.59,9.76,22.22,11.920537,2318,412,1397,151,14,0.474600971,1.325,1397,782,14,2.71916461,1.325,1235,118,12.375,0.356667668,1.325,1797,526.5,18,1.84273,1.325,4042,406,40.5,1.36493587,1.325,4042,485.5,40.5,1.54437315,1.325,80.25,1.55,1.55,99.80917
09/07/2026 14:42:23,7.81,3.12,17.19,48.44,7.81,12.5,7.81,14.06,16.42,11.76,3.03,3.08,12.75,48.44,12.9536543,2587,507,4042,235,40.5,0.604697764,1.3625,2096,1321,21,4.436832,1.36875,1797,320.5,18,0.9374108,1.36875,4017,420,40.25,1.266196,1.36875,1785,531.5,17.88889,1.75741792,1.36875,1785,213.5,17.88889,0.5861732,1.36875,79.25,1.55,1.55,99.80917
09/07/2026 14:42:25,4.69,6.15,12.5,35.48,6.25,10.94,4.69,1.59,4.62,14.29,3.08,31.25,11.29,35.48,13.0602083,2545,528,4042,288.5,40.5,0.685349464,1.31875,1797,1017,18,3.15546346,1.31875,1797,384,18,1.05600631,1.31875,1797,204,18,0.416830242,1.33125,1797,432,18,1.28714132,1.33125,4042,841.5,40.5,2.74820161,1.325,78.62501,1.55,1.55,99.8092
09/07/2026 14:42:27,7.81,6.15,4.69,15.15,10.94,0,15.62,7.81,4.69,20.31,34.85,14.29,11.86,34.85,13.1651077,1947,524,1397,257,14,0.6311258,1.34375,4042,445.5,40.5,1.42453992,1.35,1797,279.5,18,0.8625765,1.35,1235,519.5,12.375,1.278099,1.35,1976,618,19.8,1.95753336,1.3625,1235,1025,12.375,3.238285,1.3625,78.75001,1.55,1.55,99.80917
09/07/2026 14:42:29,15.62,21.88,17.19,1.56,0,6.25,1.56,0,15.62,12.5,17.19,15.62,10.42,21.88,12.6606941,2920,454,1797,780,18,2.57850766,1.31875,1797,331,18,1.05560327,1.31875,4042,196,40.5,0.6241366,1.31875,1797,105,18,0.260885328,1.31875,4042,667.5,40.5,2.29791522,1.33125,4042,647,40.5,2.07875443,1.34375,78.75001,1.55,1.55,99.80913
09/07/2026 14:42:31,3.12,0,27.69,0,0,0,35.94,26.56,1.56,6.25,3.12,6.25,9.21,35.94,12.2654238,1943,410,1255,53,14,0.139864892,1.35625,1397,620.5,14,2.20035887,1.35625,1397,47.5,14,0.11024572,1.3625,4042,1369.5,40.5,4.79881144,1.36875,1770,162,18,0.604829431,1.36875,1797,210.5,18,0.644729555,1.36875,79.875,1.55,1.55,99.809166
09/07/2026 14:42:33,6.25,2.94,3.12,0,37.5,48.44,3.12,7.81,0,4.41,3.12,12.5,10.77,48.44,12.2596035,2772,437,1797,157,18,0.471647143,1.34375,4042,110.5,40.5,0.299907744,1.34375,4042,1720.5,40.5,5.75335455,1.3625,1457,195.5,18,0.7091292,1.3625,3499,65.5,40.5,0.231639832,1.3625,1797,374.5,18,1.203725,1.3625,78.87501,1.55,1.55,99.80917
09/07/2026 14:42:35,9.38,4.69,10.94,34.38,0,0,14.06,3.12,14.06,20.31,15.62,4.69,10.94,34.38,11.9278545,2822,392,1797,144,18,0.4554741,1.3625,1797,774,18,2.84376669,1.3625,3506,22,40.5,0.0479059219,1.3625,1797,256,18,0.9422119,1.3625,4017,757,40.25,2.64999175,1.35,4017,397.5,40.25,1.34013832,1.35,78.75001,1.55,1.55,99.80923
09/07/2026 14:42:37,10.77,16.92,27.69,13.85,10.77,15.38,29.23,6.15,10.77,16.92,16.92,13.85,15.77,29.23,14.7515011,2545,597,4042,495,40.5,1.51092982,1.3625,1797,794,18,2.422327,1.36875,1797,430,18,1.3275938,1.36875,1797,591.5,18,2.023259,1.36875,1797,621,18,1.8880806,1.36875,4042,649.5,40.5,1.77364314,1.36875,79.25,1.55,1.55,99.80916
09/07/2026 14:42:39,14.06,7.81,15.62,1.56,7.81,3.03,31.25,31.25,17.19,20.9,17.19,4.69,14.36,31.25,14.4832058,2345,584,1797,407,18,1.17440045,1.3375,4042,392,40.5,1.20344925,1.3375,4042,246,40.5,0.533156633,1.3375,1397,1190,14,3.96706057,1.33125,1397,786.5,14,2.33867121,1.33125,1397,482.5,14,1.37444484,1.33125,79.75,1.55,1.55,99.80921
09/07/2026 14:42:41,3.08,0,0,11.94,0,3.08,12.31,46.15,3.08,7.69,6.15,16.92,9.2,46.15,11.8334618,1867,381,1004,26.5,14,0.06784868,1.34375,1397,281.5,14,0.96414566,1.34375,1165,80.5,14,0.2599946,1.34375,1797,1275,18,4.45574474,1.34375,4042,208.5,40.5,0.704773843,1.30625,1797,416.5,18,1.49226308,1.30625,79,1.55,1.55,99.8092041
09/07/2026 14:42:43,9.23,3.12,35.38,15.38,1.54,3.12,20,6.15,4.62,4.62,20,16.92,11.67,35.38,12.1072273,2239,425,1235,89.5,12.375,0.344469726,1.34375,1235,933.5,12.375,3.30382,1.34375,1235,47,12.375,0.116681233,1.3625,4042,533.5,40.5,1.72472763,1.3625,3888,204,40.5,0.6011195,1.35625,1797,744.5,18,2.48530221,1.35625,78.62501,1.55,1.55,99.80917
09/07/2026 14:42:45,4.62,0,7.69,21.54,18.06,0,12.31,16.92,9.23,3.08,12.86,20,10.52,21.54,11.8302774,2780,407,959,26,12.375,0.06010836,1.3375,1797,483,18,1.51151526,1.3375,4042,388,40.5,1.40074563,1.34375,4042,562,40.5,1.9184581,1.34375,4042,289,40.5,0.959417641,1.35,1797,692.5,18,2.45157671,1.36875,78.75001,1.55,1.55,99.809166
09/07/2026 14:42:47,3.12,4.69,23.44,48.44,3.12,7.81,35.94,68.75,1.56,4.69,6.25,12.5,18.36,68.75,16.3125629,2884,666,1581,100,18,0.314667374,1.34375,4042,981,40.5,3.35604429,1.34375,4042,169.5,40.5,0.687944651,1.34375,1797,2215,18,6.48432875,1.34375,1797,150,18,0.4680948,1.35,4042,382,40.5,1.02765214,1.35,80,1.55,1.55,99.80917
09/07/2026 14:42:49,25.4,29.51,16.39,45.9,9.84,6.56,28.57,34.92,19.05,12.7,6.35,7.94,20.26,45.9,17.389595,1871,790,1397,955.5,14,2.56678271,1.35625,1397,989,14,2.9866,1.35625,1397,277,14,0.778158963,1.3625,4017,1438.5,40.25,3.96641159,1.35625,1785,724,17.88889,2.071374,1.35625,1235,354.5,12.375,0.901347756,1.35625,80.75,1.55,1.55,99.80914
09/07/2026 14:42:51,0,18.75,6.25,9.38,9.09,25,18.75,9.38,3.12,6.25,6.25,7.81,10,25,11.8561649,2450,391,1797,400.5,18,1.48162949,1.34375,1797,362,18,1.26451838,1.35,4042,713,40.5,2.357361,1.35,1397,501,14,1.85040355,1.3375,1625,143.5,18,0.494965941,1.3375,4042,226,40.5,0.801598251,1.3375,79.625,1.55,1.55,99.80915
09/07/2026 14:42:53,15.62,7.81,4.69,17.74,9.68,15.87,7.81,0,4.69,15.62,3.08,15.62,9.85,17.74,11.6826086,2038,394,1397,353,14,1.1254735,1.35625,1397,413.5,14,1.34752727,1.35625,1797,559,18,2.01689029,1.3625,1797,178.5,18,0.6446547,1.3625,4042,448,40.5,1.50860667,1.3625,1797,409,18,1.45334113,1.3625,78.87501,1.55,1.55,99.809166
09/07/2026 14:42:55,6.15,7.69,27.69,7.69,1.54,1.54,7.69,7.81,10.77,13.85,12.31,40,12.06,40,11.8936434,2545,414,1797,233.5,18,0.7603657,1.33125,4042,698,40.5,2.30473542,1.3375,1797,50.5,18,0.10391365,1.33125,1797,207,18,0.695731,1.33125,1797,345,18,1.21961582,1.33125,4042,948.5,40.5,3.259125,1.33125,79,1.55,1.55,99.80923
09/07/2026 14:42:57,1.54,1.56,26.15,12.31,6.25,4.69,40,12.31,9.23,13.85,13.85,13.85,12.96,40,11.7461147,1889,383,1126,36.5,14,0.08594262,1.35,1397,592,14,2.03844285,1.35,1177,20.5,14,0.0422944576,1.3625,4042,836,40.5,2.98844337,1.36875,1797,387,18,1.48772788,1.36875,1797,426.5,18,1.50999653,1.36875,79.125,1.55,1.55,99.809166
09/07/2026 14:42:59,4.69,1.56,10.94,3.12,7.81,25,17.19,14.06,20.31,28.12,12.5,3.12,12.37,28.12,12.4136887,4042,430,4042,49,40.5,0.121439077,1.34375,4042,224.5,40.5,0.700900257,1.34375,4042,590,40.5,2.07895947,1.34375,4042,485.5,40.5,1.68705916,1.34375,4042,879,40.5,3.12222481,1.34375,4042,351.5,40.5,1.22019589,1.35,79.625,1.55,1.55,99.80918
09/07/2026 14:43:01,7.94,7.94,0,14.29,0,0,1.59,47.62,7.94,20.63,0,0,8.99,47.62,12.02545,3294,407,4042,323.5,40.5,1.108478,1.33125,1797,337,18,1.15896785,1.33125,4042,41.5,40.5,0.107673347,1.33125,4042,1104.5,40.5,3.92761254,1.34375,1797,554.5,18,1.99783063,1.34375,4042,81,40.5,0.242968231,1.34375,79.875,1.55,1.55,99.80917
09/07/2026 14:43:03,7.69,3.08,23.08,4.62,1.54,1.54,9.23,60,6.15,12.31,6.15,3.08,11.54,60,11.7281294,2729,391,3244,35,40.5,0.08506034,1.35625,4042,535.5,40.5,1.82094,1.3125,1452,19.5,18,0.04451353,1.3125,1797,1246,18,4.51255369,1.3125,1797,384,18,1.40890121,1.3125,4042,125,40.5,0.306473166,1.3125,79.375,1.55,1.55,99.80923
09/07/2026 14:43:05,6.35,3.17,1.59,1.59,11.11,4.76,6.35,58.73,7.94,6.35,15.87,9.52,11.11,58.73,13.3670464,2920,495,1797,214,18,0.614896834,1.33125,1797,159,18,0.438658684,1.3375,4042,380,40.5,1.14447534,1.3375,1797,1357.5,18,4.894269,1.3375,4042,383.5,40.5,1.10869062,1.3375,4042,476,40.5,1.47920477,1.3375,79.125,1.55,1.55,99.80921
09/07/2026 14:43:07,21.54,20.31,7.58,4.55,18.46,9.23,20,3.03,23.44,28.79,12.31,23.08,16.03,28.79,12.04622,3278,400,3951,372,40.5,1.197542,1.375,4042,97,40.5,0.312190771,1.375,4042,318.5,40.5,1.24101925,1.375,4042,306.5,40.5,1.06681967,1.375,1797,908.5,18,3.22302818,1.375,1797,399.5,18,1.36713874,1.3625,79.125,1.55,1.55,99.80921
09/07/2026 14:43:09,1.59,7.94,0,0,4.76,0,17.46,12.9,3.17,19.05,4.76,34.92,8.88,34.92,11.7629776,2524,383,1666,211,18,0.6767309,1.35625,1797,35,18,0.0742632747,1.35625,4042,136.5,40.5,0.483847618,1.35625,4042,599,40.5,2.22918844,1.375,1797,489.5,18,1.79331577,1.375,1797,829.5,18,2.8943274,1.375,80.375,1.55,1.55,99.80916
09/07/2026 14:43:11,3.08,1.56,31.25,0,0,3.17,50.77,27.69,6.15,0,3.23,4.62,10.96,50.77,11.6753092,2688,389,1240,32,14,0.08131635,1.35625,1397,610,14,2.16789722,1.35625,1525,22.5,18,0.0512098148,1.35,4042,1548.5,40.5,5.57288456,1.3625,3884,32,40.5,0.0749183744,1.3625,4042,86.5,40.5,0.231562838,1.375,79.625,1.55,1.55,99.80922
09/07/2026 14:43:13,3.08,1.67,4.62,98.46,0,1.54,4.62,3.12,1.56,1.67,0,1.54,10.16,98.46,11.5890894,2804,404,1797,70.5,18,0.147280559,1.3375,4042,2103,40.5,7.51094437,1.3375,1698,26.5,18,0.0603702441,1.3375,3836,156,40.5,0.507493734,1.35625,4042,40,40.5,0.08812508,1.325,1411,27,18,0.06746605,1.325,78.87501,1.55,1.55,99.80923
09/07/2026 14:43:15,3.17,7.94,9.52,1.59,38.1,6.35,33.33,6.35,3.17,8.2,3.39,12.7,11.15,38.1,13.0297756,3668,494,4042,305,40.5,0.869445264,1.325,4042,221,40.5,0.5271697,1.325,1797,859.5,18,2.84232068,1.34375,4042,841.5,40.5,2.802339,1.3375,4042,291,40.5,0.920244038,1.3375,4042,444,40.5,1.40737629,1.35625,78.50001,1.55,1.55,99.8092041
09/07/2026 14:43:17,35.38,15.38,18.46,40,21.54,30.77,33.85,38.46,23.08,12.31,26.15,35.38,27.56,40,16.4637413,1971,696,1797,375.5,18,1.038825,1.34375,1797,562.5,18,1.92613888,1.34375,4042,766,40.5,2.07118654,1.35,1397,1122.5,14,3.31880379,1.35,1397,471.5,14,1.41837943,1.35,1397,878.5,14,2.69169474,1.35,79.25,1.55,1.55,99.80923
09/07/2026 14:43:19,4.76,6.35,23.81,57.14,9.52,12.28,46.03,40.62,3.17,4.69,1.59,0,17.5,57.14,16.0098782,2428,671,1235,260.5,12.375,0.7441421,1.35625,4042,1348.5,40.5,4.153487,1.35625,1797,354.5,18,1.18325877,1.3625,1797,1771,18,5.14807224,1.3625,3942,227.5,39.5,0.6419988,1.3,1752,62,17.5555553,0.120995805,1.3,80.25,1.55,1.55,99.809166
09/07/2026 14:43:21,1.56,1.54,6.25,0,38.24,0,15.62,25,1.56,4.41,4.69,6.25,8.76,38.24,11.7306767,2387,394,1648,38.5,19.8,0.11384888,1.35625,1397,162.5,14,0.542778134,1.35625,1397,876.5,14,3.108885,1.35625,4042,937.5,40.5,3.32257867,1.35625,1797,171.5,18,0.555212855,1.3625,4042,174.5,40.5,0.603775263,1.3625,79.375,1.55,1.55,99.8092041
09/07/2026 14:43:23,6.25,7.81,21.88,6.25,0,20.63,21.88,1.59,9.52,17.19,3.12,1.56,9.81,21.88,11.7382679,2041,404,1797,184,18,0.607131839,1.3375,1797,582,18,2.08843279,1.3375,4042,537.5,40.5,1.84583414,1.3625,1976,510,19.8,1.86541331,1.3625,1235,485.5,12.375,1.64984679,1.3625,1397,126,14,0.3567483,1.35625,78.62501,1.55,1.55,99.809166
09/07/2026 14:43:25,6.35,14.29,14.29,7.94,26.98,18.03,15.87,4.69,22.22,20.55,11.11,12.9,14.6,26.98,14.4005613,3294,609,4042,459,40.5,1.24910307,1.3375,4042,476.5,40.5,1.33280456,1.34375,1797,900,18,2.862895,1.34375,4042,373,40.5,0.9621904,1.34375,4042,960.5,40.5,3.03355479,1.3375,1797,483,18,1.32805967,1.3375,78.37501,1.55,1.55,99.809166
09/07/2026 14:43:27,1.59,0,0,0,14.08,5.71,1.59,1.59,17.46,18.03,23.81,23.81,8.97,23.81,11.8365345,2831,400,1667,48.5,18,0.119904086,1.3375,1419,88.5,18,0.21759516,1.3375,4042,520,40.5,1.77642512,1.3375,1772,55,18,0.1578737,1.3375,4042,657,40.5,2.37460232,1.3375,4042,1033.5,40.5,3.660596,1.34375,78.50001,1.55,1.55,99.80921
09/07/2026 14:43:29,9.38,14.06,6.35,16.13,0,0,35.94,0,3.12,15.15,0,3.12,8.6,35.94,11.7542076,2316,404,1397,560.5,14,1.78571284,1.35625,1397,497,14,1.69046652,1.35625,1286,25,14,0.0544308,1.35625,4042,776,40.5,2.8685112,1.3625,4042,471.5,40.5,1.66470349,1.34375,1732,94.5,18,0.298856437,1.34375,78.50001,1.55,1.55,99.80913
09/07/2026 14:43:31,20.31,12.31,9.38,3.12,7.81,46.15,6.25,1.59,6.15,14.06,6.25,11.11,12.04,46.15,12.6223888,2545,469,1797,531.5,18,1.63371968,1.35625,1797,229,18,0.6977793,1.35625,4042,1156,40.5,3.98317719,1.36875,1797,93.5,18,0.240973726,1.36875,4042,536.5,40.5,1.63629138,1.3625,1797,265.5,18,0.889590144,1.3625,78.25001,1.55,1.55,99.8092
09/07/2026 14:43:33,4.62,4.41,10.77,2.94,12.31,30.77,12.31,15.38,10.77,26.15,12.31,13.85,13.05,30.77,11.623704,1533,392,1397,124.5,14,0.334926277,0.75,1397,251,14,0.717856765,0.75,1797,737,18,2.581018,1.325,1235,467.5,12.375,1.71300542,1.325,1976,478.5,19.8,1.556565,1.325,1397,292.5,14,1.02156806,1.33125,78.25001,1.55,1.55,99.80921
09/07/2026 14:43:35,0,0,1.56,0,21.54,0,31.25,5.36,1.79,28.57,5.26,18.75,9.51,31.25,11.78107,3143,387,1349,57.5,18,0.06938545,1.325,1343,83.5,18,0.203376263,1.35625,4042,498,40.5,1.76993489,1.35625,4042,683.5,40.5,2.54582715,1.35625,4042,552,40.5,2.06654334,1.35625,4042,448.5,40.5,1.59584236,1.35625,78.87501,1.55,1.55,99.80924
09/07/2026 14:43:37,10.77,4.62,23.08,0,1.54,4.69,33.85,0,6.15,14.29,23.53,4.76,10.61,33.85,12.1116419,2514,396,1797,197,18,0.661283135,1.3375,4042,385,40.5,1.15488064,1.3375,1609,116,18,0.389867663,1.325,4042,769.5,40.5,2.8372705,1.325,1797,289,18,1.18726993,1.34375,1797,618.5,18,2.196136,1.34375,78.75001,1.55,1.55,99.80922
09/07/2026 14:43:39,1.59,0,15.62,15.38,4.55,1.52,26.98,26.98,6.35,13.85,4.76,3.17,10.06,26.98,11.9284916,2427,389,1330,26,18,0.0663349554,1.3375,1797,617,18,2.16975451,1.3375,4042,87.5,40.5,0.2735013,1.3375,4042,1138,40.5,4.19027567,1.3625,1797,370.5,18,1.32009029,1.3625,1555,95,18,0.236324877,1.3625,78.87501,1.55,1.55,99.8092041
09/07/2026 14:43:41,28.12,9.21,17.91,5.26,15.62,15.62,23.44,34.38,15.62,10.45,34.38,17.19,18.93,34.38,13.1797171,2104,489,1397,441.5,14,1.378321,1.35,1797,348.5,18,1.07193184,1.35625,1797,240,18,0.8579277,1.36875,4042,922,40.5,3.1421814,1.36875,1797,326.5,18,1.033332,1.36875,1797,654.5,18,2.14610243,1.36875,78.37501,1.55,1.55,99.809166
09/07/2026 14:43:43,3.08,3.45,3.08,6.15,0,0,6.15,1.79,7.69,21.54,44.62,24.62,10.18,44.62,11.8789415,2488,401,1593,120.5,18,0.318695873,1.325,4042,185.5,40.5,0.508194864,1.31875,1658,28,18,0.06790403,1.3375,1797,110,18,0.340002626,1.3375,1797,544.5,18,1.97309256,1.3375,4042,1417,40.5,4.93863535,1.3375,78.37501,1.55,1.55,99.8092346
09/07/2026 14:43:45,1.56,0,0,0,16.13,0,3.12,75,0,9.38,0,0,8.77,75,11.8305483,2243,389,1065,22.5,14,0.0562764257,1.35625,1114,19.5,14,0.04448343,1.35625,1397,348.5,14,1.22127664,1.35625,4042,1682,40.5,6.17147732,1.35625,1797,220.5,18,0.80128,1.375,4042,38.5,40.5,0.0800433457,1.375,79,1.55,1.55,99.8092
09/07/2026 14:43:47,3.17,4.76,26.98,41.27,22.22,11.11,42.86,47.62,14.29,12.7,3.17,0,19.18,47.62,16.6699657,2314,672,1683,111.5,18,0.31600076,1.3375,4042,993.5,40.5,3.35835147,1.3375,4042,563.5,40.5,1.717617,1.34375,1397,1728,14,5.37425375,1.34375,1397,559.5,14,1.64656353,1.34375,1325,76.5,14,0.240093321,1.34375,80.375,1.55,1.55,99.80919
09/07/2026 14:43:49,10.94,34.38,21.88,32.81,15.62,7.81,25,15.62,4.69,12.5,9.38,9.38,16.67,34.38,15.3331242,2412,591,1397,956.5,14,3.12915373,1.325,1397,674.5,14,2.28329754,1.325,4042,362.5,40.5,1.23194146,1.325,1797,836.5,18,2.57338977,1.3375,4042,342,40.5,1.08662534,1.3375,1797,373,18,1.163836,1.3375,79.875,1.55,1.55,99.80914
09/07/2026 14:43:51,6.35,0,52.38,6.35,10.94,7.94,6.35,3.12,6.25,14.29,31.75,6.35,12.67,52.38,13.2099781,2511,497,1976,197,19.8,0.4918854,1.33125,1976,1105,19.8,3.809815,1.29375,1235,327.5,12.375,0.9313243,1.29375,1797,154.5,18,0.4245766,1.29375,4042,475,40.5,1.60937214,1.29375,4042,723.5,40.5,2.27848125,1.29375,79.375,1.55,1.55,99.80922
09/07/2026 14:43:53,3.12,1.56,0,0,4.69,0,17.19,14.06,1.56,21.21,3.12,39.06,8.8,39.06,12.0890808,3088,408,1628,147,18,0.4473699,1.375,2979,22.5,40.5,0.05707843,1.375,1797,139.5,18,0.446408153,1.375,4042,726.5,40.5,2.41721,1.375,4042,494,40.5,1.77191281,1.35,4042,921.5,40.5,3.34625363,1.35,79.5,1.55,1.55,99.80923
09/07/2026 14:43:55,14.06,10.77,10.94,18.75,3.12,3.08,10.94,3.08,3.12,10.94,30.77,7.81,10.61,30.77,11.9133806,4042,405,4042,472.5,40.5,1.52289534,1.325,4042,509,40.5,1.78828466,1.325,4042,32.5,40.5,0.0650920346,1.325,4042,252,40.5,0.8322043,1.325,4042,349.5,40.5,1.17848384,1.33125,4042,816.5,40.5,2.939486,1.3375,78.87501,1.55,1.55,99.80921
09/07/2026 14:43:57,6.25,5.08,6.9,5.08,18.75,3.08,39.06,12.5,4.69,16.36,21.88,12.5,12.68,39.06,12.7715025,2920,474,1797,258.5,18,0.7673907,1.35,1797,162.5,18,0.4278288,1.35,4042,461.5,40.5,1.53709853,1.35,4042,941,40.5,3.2604003,1.35,1797,321.5,18,1.06149757,1.35,4042,702,40.5,2.217796,1.34375,78.62501,1.55,1.55,99.80921
09/07/2026 14:43:59,4.62,16.92,12.31,4.62,9.23,13.85,18.46,3.12,4.62,23.08,20,21.54,12.7,23.08,12.992197,2545,487,1797,503.5,18,1.52165043,1.33125,1797,381,18,1.14214885,1.33125,4042,351,40.5,1.0056473,1.33125,1797,381.5,18,1.37604892,1.33125,1797,542.5,18,1.80267978,1.33125,4042,760,40.5,2.460851,1.34375,78.25001,1.55,1.55,99.80919
09/07/2026 14:44:01,18.75,6.15,14.06,9.38,4.69,7.81,1.56,1.52,7.81,12.5,25,12.5,10.14,25,12.4954948,3294,440,4042,426.5,40.5,1.44037485,1.3375,1797,556,18,1.79977012,1.35625,4042,247.5,40.5,0.7637648,1.35625,4042,129,40.5,0.362499923,1.35625,4042,460.5,40.5,1.47814047,1.35625,1797,818,18,2.83933353,1.35,78.50001,1.55,1.55,99.80918
09/07/2026 14:44:03,9.09,19.7,3.03,3.08,6.06,4.55,56.06,4.55,1.52,13.64,9.09,4.55,11.24,56.06,11.8639154,2471,388,4042,569,40.5,1.87900972,1.34375,1414,19,18,0.0461277254,1.34375,1732,109,18,0.300478965,1.34375,1797,1062,18,4.02404451,1.34375,1797,348.5,18,1.30460012,1.34375,4042,217.5,40.5,0.6779344,1.34375,78.75001,1.55,1.55,99.80924
09/07/2026 14:44:05,17.19,18.75,0,1.59,1.56,14.06,12.5,0,12.5,25,1.56,3.12,8.99,25,11.58076,2004,382,1397,726.5,14,2.560311,1.31875,1197,51.5,14,0.153959945,1.31875,1797,289.5,18,1.02674985,1.325,4042,358,40.5,1.20473552,1.35625,1797,748.5,18,2.79503655,1.35625,1797,117,18,0.380870819,1.35625,78.75001,1.55,1.55,99.8091354
09/07/2026 14:44:07,12.5,7.69,10.94,12.31,10.94,10.94,50,28.12,17.19,23.44,21.88,18.75,18.72,50,15.0012112,2545,632,1797,376,18,0.9783674,1.325,1797,276,18,0.6772718,1.325,4042,398.5,40.5,0.9826501,1.325,1797,1495,18,5.132679,1.33125,4042,485,40.5,1.517757,1.33125,1797,760.5,18,2.15312743,1.33125,79.625,1.55,1.55,99.80919
09/07/2026 14:44:09,15.15,1.54,7.94,10.77,4.62,16.67,10.61,22.73,27.69,21.21,15.15,9.23,13.61,27.69,11.97685,2920,401,1797,175,18,0.589214,1.3375,1797,327,18,1.194813,1.3375,4042,386,40.5,1.35516489,1.35,4042,528,40.5,1.93343186,1.35,1797,534.5,18,1.814429,1.35,4042,454.5,40.5,1.57121944,1.35625,79.25,1.55,1.55,99.80917
09/07/2026 14:44:11,6.25,7.81,1.56,3.23,4.76,8.06,14.06,4.69,14.06,26.56,40,7.81,11.57,40,12.032012,2670,415,1397,109.5,14,0.415456,1.3375,1103,62.5,14,0.18422088,1.3375,1397,140.5,14,0.4261098,1.3375,4042,321,40.5,1.07953262,1.34375,4042,925.5,40.5,3.118017,1.34375,4042,931,40.5,3.19756985,1.34375,78.87501,1.55,1.55,99.80914
09/07/2026 14:44:13,6.15,1.54,9.23,9.23,1.54,1.54,9.23,4.62,10.77,29.23,20,33.85,11.41,33.85,12.0937424,3199,419,3475,59,40.5,0.143847525,1.35625,1797,301,18,1.00574863,1.35625,1797,58.5,18,0.162412912,1.35625,4042,223,40.5,0.7468532,1.35625,4042,679,40.5,2.25453234,1.35625,4042,1193,40.5,4.16195869,1.35625,78.50001,1.55,1.55,99.8092
09/07/2026 14:44:15,0,3.23,0,0,6.35,1.59,31.75,1.59,9.52,11.11,33.33,11.29,9.15,33.33,11.8214436,1865,390,1168,40.5,14,0.23440361,1.35625,987,20,14,0.04979665,1.35625,1397,188,14,0.6355788,1.35625,1797,675.5,18,2.45193434,1.35625,4042,469,40.5,1.504974,1.35625,1797,949.5,18,3.36733937,1.34375,78.12501,1.55,1.55,99.80915
09/07/2026 14:44:17,21.54,21.54,26.15,41.54,12.5,9.23,26.15,15.38,12.31,16.92,30.77,40,22.84,41.54,17.8188858,2107,816,1235,704,12.375,1.93056929,1.35,1976,1005.5,19.8,2.94109559,1.35,1797,530.5,18,1.43856287,1.34375,1797,730.5,18,1.89619482,1.34375,1797,666.5,18,1.85505462,1.34375,4042,1257.5,40.5,3.5933497,1.34375,79.375,1.55,1.55,99.80918
09/07/2026 14:44:19,11.11,12.7,17.46,38.1,19.05,9.38,12.7,25.4,22.22,23.81,26.98,31.75,20.89,38.1,15.8393784,3266,644,3874,108,40.5,0.3212922,1.3375,1797,778,18,2.33833623,1.3375,4042,285,40.5,0.9401749,1.3375,1797,869.5,18,2.43768549,1.3375,4042,602.5,40.5,1.974076,1.3375,4042,1218,40.5,3.63755846,1.3375,80.5,1.55,1.55,99.80919
09/07/2026 14:44:21,1.59,4.76,1.59,12.7,13.85,0,9.52,4.76,4.76,15.87,26.98,12.7,9.09,26.98,11.7845716,2535,395,1797,170,18,0.571475267,1.3625,1735,290,18,1.03926933,1.3625,4042,357.5,40.5,1.14691234,1.3625,1797,299,18,1.0216018,1.31875,1797,427.5,18,1.49447072,1.3375,4042,824,40.5,2.90012813,1.3375,79.375,1.55,1.55,99.80914
09/07/2026 14:44:23,1.54,1.59,15.38,1.59,29.85,24.64,21.54,1.54,0,3.08,18.46,7.69,10.57,29.85,11.73084,2531,409,1716,45,18,0.104633369,1.3375,1797,378.5,18,1.26786578,1.3375,4042,1078.5,40.5,3.65284038,1.3375,4042,433,40.5,1.53638232,1.34375,1790,90.5,18,0.2916035,1.34375,1797,430,18,1.40410876,1.34375,78.62501,1.55,1.55,99.8092
09/07/2026 14:44:25,4.62,6.15,3.08,4.76,10.77,10.77,44.62,47.69,10.77,6.25,6.35,4.62,13.37,47.69,13.8110428,2545,565,1797,271.5,18,0.5917127,1.35625,1797,213,18,0.437712967,1.3625,4042,359.5,40.5,0.8051966,1.3625,4042,1906.5,40.5,6.69619131,1.375,1797,374.5,18,1.02441645,1.375,1797,262.5,18,0.5413441,1.375,78.87501,1.55,1.55,99.80917
09/07/2026 14:44:27,14.29,15.38,12.31,10.94,28.57,30.16,30.16,17.19,15.87,18.46,15.87,25,19.52,30.16,13.2786236,2545,515,1797,478.5,18,1.42508435,1.36875,1797,209.5,18,0.524319768,1.36875,4042,865,40.5,2.8282547,1.36875,1797,610.5,18,2.049942,1.36875,4042,466.5,40.5,1.45127332,1.36875,1797,462.5,18,1.37781322,1.35625,78.37501,1.55,1.55,99.8092041
09/07/2026 14:44:29,7.69,6.25,10.77,9.23,7.81,1.52,32.31,10.77,3.08,26.56,10.77,7.81,11.21,32.31,12.1152716,2892,404,1633,146.5,18,0.449732155,1.34375,4042,383,40.5,1.30776846,1.34375,4042,154,40.5,0.4581114,1.34375,4042,897.5,40.5,3.1096127,1.34375,1797,545,18,1.986029,1.35,1797,295,18,1.00723612,1.35,78.75001,1.55,1.55,99.8092
09/07/2026 14:44:31,1.54,6.06,23.08,4.62,5.97,0,15.38,15.62,3.08,9.23,9.09,34.85,10.71,34.85,12.6357355,1971,445,1797,215.5,18,0.611839652,1.3375,4042,553.5,40.5,1.75044358,1.3375,1797,194.5,18,0.612886548,1.33125,1397,614.5,14,2.06561947,1.33125,1397,273,14,0.8018039,1.33125,1397,818,14,2.73616815,1.33125,78.37501,1.55,1.55,99.80919
09/07/2026 14:44:33,7.58,4.55,30.3,3.03,16.67,6.06,16.67,59.09,12.12,24.24,10.61,13.64,17.05,59.09,14.1436462,2732,522,1235,128.5,12.375,0.310862124,1.35625,1235,429.5,12.375,1.45056558,1.35625,1797,350,18,1.15457916,1.36875,4042,1460.5,40.5,5.14083767,1.35,4042,487,40.5,1.67765844,1.35,4042,279,40.5,0.8090352,1.35,79,1.55,1.55,99.80915
09/07/2026 14:44:35,1.56,0,0,0,13.11,14.29,12.5,23.44,0,3.12,15.62,26.56,9.18,26.56,11.5240755,2221,388,1048,32,14,0.0809561238,1.34375,1000,24,14,0.0561411157,1.34375,1397,573,14,2.02487445,1.35625,4042,767.5,40.5,2.686438,1.35625,1797,89.5,18,0.245308861,1.34375,4042,844,40.5,2.888046,1.35,78.37501,1.55,1.55,99.80917
09/07/2026 14:44:37,1.56,1.43,3.03,2.99,1.52,1.52,6.25,33.33,0,9.38,26.56,42.19,10.81,42.19,11.87335,2920,406,945,48.5,12.375,0.120041706,1.35,2982,34.5,40.5,0.07592212,1.3625,1466,34,18,0.07143816,1.3625,4042,776.5,40.5,2.9034946,1.3625,4042,203,40.5,0.685908854,1.3625,4042,1336.5,40.5,4.48893929,1.3375,78.62501,1.55,1.55,99.8092041
09/07/2026 14:44:39,6.25,14.06,3.12,0,1.56,1.56,21.88,32.81,4.69,17.19,10.94,4.69,9.9,32.81,11.6349545,2545,385,1797,353.5,18,1.260911,1.3375,1797,74,18,0.2387257,1.3375,4042,70.5,40.5,0.2547844,1.3375,4042,1102.5,40.5,4.06655,1.31875,1797,360,18,1.2372036,1.31875,1797,347.5,18,1.18320584,1.31875,78.62501,1.55,1.55,99.8092
09/07/2026 14:44:41,7.81,0,10.94,14.29,14.06,29.69,32.81,3.12,7.46,7.81,9.38,9.38,12.23,32.81,12.5569792,2920,468,1797,90,18,0.254431,1.3375,1797,492.5,18,1.66174686,1.3375,4042,849.5,40.5,2.75184822,1.35625,4042,770.5,40.5,2.50533414,1.35625,4042,247.5,40.5,0.6728038,1.3125,1797,356.5,18,1.12036192,1.3125,78.37501,1.55,1.55,99.80922
09/07/2026 14:44:43,10.77,13.85,4.69,3.08,1.54,3.03,23.08,21.88,21.54,18.46,15.38,10.77,12.34,23.08,13.4599667,1971,506,1397,495.5,14,1.521408,1.35,1397,222,14,0.585872233,1.3625,1397,79,14,0.185860187,1.3625,1797,735.5,18,2.5799644,1.3625,4042,954,40.5,3.22165775,1.3625,1797,553,18,1.5875237,1.35625,78.75001,1.55,1.55,99.80919
09/07/2026 14:44:45,9.38,0,1.56,7.81,4.92,3.23,34.38,29.69,6.25,15.25,9.38,20.31,11.85,34.38,11.9522686,2920,410,1797,68.5,18,0.172733545,1.3375,4042,256.5,40.5,0.806919754,1.3375,4042,50,40.5,0.106443711,1.3375,1797,1126,18,4.086225,1.3375,1797,462,18,1.6833837,1.35625,4042,495.5,40.5,1.59450543,1.35625,78.87501,1.55,1.55,99.80923
09/07/2026 14:44:47,20.63,14.52,15.87,46.03,16.13,14.52,36.51,9.52,12.7,22.22,7.94,14.29,19.24,46.03,16.4574718,2920,684,1797,638,18,1.750546,1.35625,4042,790,40.5,2.7479322,1.35625,1797,478,18,1.36638308,1.35625,1797,1004.5,18,3.00239134,1.35625,4042,645.5,40.5,1.97361779,1.35,4042,551,40.5,1.4738276,1.375,79.75,1.55,1.55,99.809166
09/07/2026 14:44:49,1.56,1.52,10.94,28.12,10.94,15.62,50,28.57,3.12,18.75,4.69,10.94,15.4,50,15.0247269,2476,578,1479,58,18,0.1760669,1.36875,1797,503,18,1.68103409,1.36875,4042,409,40.5,1.47099388,1.36875,1797,1616.5,18,5.063068,1.36875,3967,529.5,39.75,1.80029452,1.3125,1774,353,17.7777786,1.01485217,1.325,81.25,1.55,1.55,99.80918
09/07/2026 14:44:51,4.62,1.45,3.08,54.1,3.23,6.45,4.62,7.69,4.62,16.42,11.48,7.69,10.45,54.1,11.9133272,2345,390,1397,128,14,0.418191135,1.34375,1397,1072.5,14,3.85973167,1.35625,1397,156.5,14,0.5408722,1.35625,4042,286,40.5,0.8230027,1.35625,1797,421.5,18,1.53858948,1.35,4042,276,40.5,0.929519057,1.35,80.25,1.55,1.55,99.80918
09/07/2026 14:44:53,12.31,1.54,10.77,10.77,16.92,33.85,9.23,21.54,12.31,12.12,10.61,7.69,13.3,33.85,13.2614822,3294,510,4042,206,40.5,0.521671057,1.35,4042,362.5,40.5,1.10743845,1.35,1797,943,18,3.25199366,1.35,4042,644,40.5,2.16174436,1.35,4042,549,40.5,1.83013332,1.375,1797,355,18,0.9568852,1.375,79.75,1.55,1.55,99.8092
09/07/2026 14:44:55,9.23,15.38,10.77,15.38,4.62,1.54,10.77,3.08,15.38,12.31,26.15,12.31,11.41,26.15,12.6033649,4042,458,4042,531.5,40.5,1.69245517,1.35625,4042,495,40.5,1.643046,1.35625,4042,147,40.5,0.395554185,1.35625,4042,208,40.5,0.7153141,1.35625,4042,571,40.5,1.899456,1.35625,4042,796,40.5,2.70629573,1.35625,78.87501,1.55,1.55,99.8092041
09/07/2026 14:44:57,6.25,18.75,9.38,37.5,9.38,4.69,28.12,18.75,12.5,6.25,17.19,21.88,15.89,37.5,14.5836325,2762,616,1235,514,12.375,1.42747962,1.35,1235,942.5,12.375,3.01572919,1.35,1976,258.5,19.8,0.5290408,1.35,4042,850.5,40.5,2.72209954,1.35,4042,352,40.5,0.7736235,1.35,4042,777.5,40.5,2.32132149,1.3625,78.37501,1.55,1.55,99.80918
09/07/2026 14:44:59,1.54,0,1.54,0,1.54,0,7.69,18.46,6.15,13.85,18.46,63.08,11.03,63.08,12.1106653,3180,421,1379,37.5,18,0.0887254551,1.34375,1534,35,18,0.08685611,1.34375,4042,42.5,40.5,0.0953973457,1.34375,4042,465.5,40.5,1.63314307,1.35625,4042,349,40.5,1.08939648,1.35625,4042,1597.5,40.5,5.67512,1.35625,78.75001,1.55,1.55,99.80925
09/07/2026 14:45:01,20.31,29.85,1.56,2.99,1.54,0,26.56,20.9,9.38,9.38,7.81,14.06,12.03,29.85,13.2352514,3636,524,1752,1058.5,17.5555553,3.69667649,1.275,3918,152.5,39.25,0.309657156,1.275,4019,74,40.5,0.198859438,1.3625,4042,969,40.5,3.01504946,1.35625,4042,322,40.5,0.95005095,1.35625,4042,567.5,40.5,1.52659965,1.35625,79.125,1.55,1.55,99.80922
09/07/2026 14:45:03,9.09,3.03,9.09,6.06,16.67,9.09,69.7,16.67,9.09,10.61,12.12,15.15,15.53,69.7,14.4160748,2231,566,1797,184.5,18,0.522934735,1.34375,1797,213,18,0.5043479,1.34375,4042,354.5,40.5,1.000783,1.35625,1976,1688.5,19.8,6.09170675,1.35625,1976,344.5,19.8,0.9867009,1.35625,1797,608.5,18,1.61528623,1.34375,80.625,1.55,1.55,99.80916
09/07/2026 14:45:05,0,0,17.19,0,0,0,39.06,46.88,0,0,0,0,8.59,46.88,12.0382109,2186,395,909,29,12.375,0.07900139,1.3625,1235,378.5,12.375,1.39428806,1.3625,1540,16,19.8,0.0351304375,1.3625,4017,1797,40.25,6.72300768,1.3625,3815,114,40.25,0.267186761,1.3625,1600,36,17.88889,0.0721977651,1.3625,80.5,1.55,1.55,99.80916
09/07/2026 14:45:07,1.56,0,1.56,1.56,1.56,0,1.59,0,4.69,6.25,78.12,17.19,9.51,78.12,11.8109779,3264,390,1795,43.5,18,0.1263407,1.325,4042,58.5,40.5,0.171813011,1.325,4042,31.5,40.5,0.08346691,1.325,1618,44.5,18,0.1099298,1.325,4042,230.5,40.5,0.783740342,1.3375,4042,1931,40.5,7.081623,1.33125,80,1.55,1.55,99.80922
09/07/2026 14:45:09,4.76,6.35,3.17,4.76,23.81,19.05,22.22,1.59,3.17,3.17,15.87,23.81,10.98,23.81,13.01704,2545,505,1797,281.5,18,0.789420247,1.34375,4042,218,40.5,0.561913669,1.36875,1797,893,18,3.020303,1.36875,1797,553,18,1.821372,1.36875,1797,228,18,0.6408624,1.36875,4042,855,40.5,2.77071261,1.36875,79.25,1.55,1.55,99.8095551
09/07/2026 14:45:11,3.08,0,7.69,3.08,10.77,12.31,4.62,43.08,1.54,7.69,7.69,23.08,10.38,43.08,11.707408,3227,394,1397,55,14,0.1724966,1.35625,1797,151,18,0.507609,1.35625,4042,389,40.5,1.47325766,1.35625,4042,939,40.5,3.40690351,1.33125,4042,187.5,40.5,0.6460885,1.36875,4042,643,40.5,2.15329862,1.36875,78.62501,1.55,1.55,99.809166
09/07/2026 14:45:13,4.69,3.17,15.62,6.25,7.81,0,51.56,24.62,6.25,13.85,9.38,6.35,12.46,51.56,13.646224,2545,534,1797,152.5,18,0.45682478,1.3375,1797,400,18,1.50262189,1.3375,4042,160,40.5,0.5461259,1.34375,1797,1616,18,4.81810141,1.34375,4042,441,40.5,1.51299071,1.35,1797,433,18,1.33994842,1.35,80,1.55,1.55,99.80917
09/07/2026 14:45:15,3.12,6.25,0,6.25,0,12.5,17.19,7.81,14.06,28.12,3.12,7.81,8.85,28.12,11.7548313,2920,378,4042,202.5,40.5,0.674977,1.3375,4042,162.5,40.5,0.5219951,1.35,1797,280.5,18,0.9959552,1.35,1797,544.5,18,1.9856838,1.35,1797,807,18,2.93013144,1.35,4042,268.5,40.5,0.9489717,1.3375,79.625,1.55,1.55,99.80918
09/07/2026 14:45:17,7.94,7.94,12.7,57.14,9.52,11.11,30.16,39.68,6.35,4.76,17.46,7.94,17.72,57.14,15.9711447,3668,658,4042,299,40.5,0.881448865,1.3375,4042,1127,40.5,3.5913856,1.35625,4042,324,40.5,0.937097,1.35625,1797,1474,18,4.511865,1.35625,4042,201,40.5,0.613228559,1.35625,4042,521,40.5,1.42419446,1.35625,79.75,1.55,1.55,99.80924
09/07/2026 14:45:19,12.5,10.94,59.38,26.56,28.12,14.06,25,48.44,6.25,4.69,15.62,9.38,21.74,59.38,17.5876751,2920,825,1797,297.5,18,0.7116492,1.3625,1797,1633,18,4.486096,1.3625,4042,660,40.5,1.84771168,1.3625,4042,1574.5,40.5,4.647445,1.36875,1797,310.5,18,0.7896016,1.36875,4042,474.5,40.5,1.17270529,1.36875,80.625,1.55,1.55,99.809166
09/07/2026 14:45:21,9.38,3.12,12.5,76.56,1.56,0,1.56,0,1.56,0,1.56,3.12,9.24,76.56,11.6431608,1884,396,1797,268.5,18,0.8420909,1.33125,4042,1955,40.5,6.705684,1.3375,1772,47.5,18,0.105701774,1.3375,1413,30.5,19.8,0.08047089,1.3375,1040,22.5,13.833333,0.0652281642,1.3375,1238,52.5,14,0.13501589,1.35,79.625,1.55,1.55,99.80914
09/07/2026 14:45:23,19.05,19.05,39.68,36.51,4.84,3.12,4.69,0,12.7,1.59,1.64,3.17,12.17,39.68,12.1603193,2920,440,4042,674,40.5,2.20196986,1.33125,1797,1590,18,5.407665,1.33125,1797,93.5,18,0.228859991,1.33125,1797,68,18,0.1588828,1.33125,4042,122,40.5,0.387586474,1.33125,4042,91,40.5,0.160201952,1.33125,78.50001,1.55,1.55,99.8092041
09/07/2026 14:45:25,9.23,9.23,15.38,29.23,26.15,32.31,4.62,3.08,15.38,17.46,9.38,13.85,15.44,32.31,12.9439116,1968,524,1797,183.5,18,0.382406771,1.33125,1797,850,18,2.51304555,1.33125,4042,1232.5,40.5,3.923269,1.33125,1381,121.5,14,0.26227206,1.3375,1397,484,14,1.52039969,1.3375,1397,275.5,14,0.728592,1.3375,78.00001,1.55,1.55,99.80919
09/07/2026 14:45:27,9.38,1.56,6.25,20.31,4.76,3.12,43.75,3.12,9.38,20.31,18.75,29.69,14.2,43.75,11.9134245,2345,394,1397,98,14,0.313070416,1.35,1397,342,14,1.18039942,1.35,1397,35,14,0.08472223,1.35,4042,894,40.5,3.25431585,1.35,4042,449.5,40.5,1.52240729,1.36875,1797,546,18,1.8231895,1.36875,78.37501,1.55,1.55,99.809166
09/07/2026 14:45:29,6.15,3.08,27.69,5.97,3.08,1.49,12.31,52.31,12.31,12.31,9.23,10.77,13.06,52.31,13.1675692,2545,496,1797,195.5,18,0.531180859,1.33125,4042,614,40.5,1.95574307,1.33125,1797,101,18,0.258388132,1.3375,1797,1257,18,4.301629,1.3375,1797,285,18,0.816381156,1.3375,4042,525,40.5,1.76450074,1.3375,78.37501,1.55,1.55,99.80917
09/07/2026 14:45:31,1.54,0,3.12,10.94,3.08,1.59,30.77,20,4.62,32.31,3.17,13.85,10.41,32.31,11.9074078,1917,407,1397,61,14,0.186185658,1.35,1397,254,14,0.869823158,1.35,1120,22.5,14,0.0486985967,1.35,1797,933.5,18,3.25694728,1.35,4017,818,40.25,2.85169387,1.3375,1774,352,17.7777786,1.15763867,1.35,78.62501,1.55,1.55,99.80916
09/07/2026 14:45:33,9.23,16.67,6.15,9.23,0,0,9.23,1.54,9.23,24.62,15.38,7.58,9.07,24.62,11.6839371,2787,382,1797,491.5,18,1.71369493,1.35625,1797,288.5,18,1.00589693,1.35625,3247,25.5,40.5,0.07233094,1.35625,1797,203.5,18,0.728741169,1.35625,4042,762.5,40.5,2.72528982,1.35625,4042,523,40.5,1.83465064,1.36875,79.25,1.55,1.55,99.80915
09/07/2026 14:45:35,6.25,17.19,1.56,20.31,1.56,0,45.31,7.81,9.52,7.81,1.56,1.59,10.04,45.31,11.93334,2920,400,4042,478,40.5,1.55263078,1.33125,4042,499,40.5,1.62709546,1.33125,1797,49.5,18,0.141092837,1.34375,4042,1050,40.5,3.87318182,1.34375,1797,284,18,1.07703435,1.34375,1797,37.5,18,0.08882994,1.34375,79,1.55,1.55,99.80916
09/07/2026 14:45:37,20.31,20.31,10.94,6.15,9.68,3.23,17.19,9.38,17.19,35.94,25,18.75,16.17,35.94,13.8412724,2345,580,1397,616,14,1.69748354,1.35,1397,306.5,14,0.688052535,1.35,1397,211.5,14,0.4740934,1.35,4042,523,40.5,1.4246819,1.35,4042,1007,40.5,3.40521049,1.35,1797,813.5,18,2.45403457,1.35,79.5,1.55,1.55,99.80917
09/07/2026 14:45:39,4.69,0,39.06,17.19,0,1.56,0,25,1.56,17.19,4.69,0,9.24,39.06,11.8956127,4030,406,3967,48.5,40.5,0.107094064,1.3375,4042,1196.5,40.5,4.14542246,1.3375,4042,34.5,40.5,0.19416599,1.3375,4042,573,40.5,2.069209,1.3375,4042,420,40.5,1.39690471,1.3375,4042,165,40.5,0.4352474,1.35,78.87501,1.55,1.55,99.809166
09/07/2026 14:45:41,15.87,12.12,3.17,0,1.59,1.56,6.35,9.52,9.52,17.46,28.57,14.29,10,28.57,12.2177505,2475,425,1397,567,14,1.88460541,1.36875,4042,133,40.5,0.421007216,1.325,1774,44,18,0.09567518,1.325,1797,378,18,1.31613851,1.325,4042,587.5,40.5,1.91287661,1.325,1797,839.5,18,2.81806135,1.325,78.37501,1.55,1.55,99.809166
09/07/2026 14:45:43,12.31,7.46,9.23,20,7.69,33.82,13.85,26.15,24.62,16.92,10.45,9.23,15.98,33.82,13.5592413,1959,594,1397,384.5,14,0.839255631,1.35625,1397,519,14,1.401056,1.35625,1397,800.5,14,2.45635724,1.35625,1797,608,18,1.727529,1.35625,3992,906,40,2.83798075,1.31875,1774,347,17.7777786,0.6023476,1.31875,78.75001,1.55,1.55,99.80914
09/07/2026 14:45:45,10.77,3.08,12.5,4.62,4.62,1.56,15.38,1.54,10.77,18.46,42.19,30.77,13.02,42.19,13.3274117,2242,508,1235,222.5,12.375,0.5969525,1.33125,1235,356,12.375,1.2203269,1.33125,1098,88,11,0.200337216,1.33125,4042,234,40.5,0.6255474,1.35,4042,578,40.5,1.922724,1.35,1797,1568,18,5.26492643,1.35,78.50001,1.55,1.55,99.80916
09/07/2026 14:45:47,7.81,3.12,31.25,53.12,26.56,35.94,31.25,18.75,1.56,6.25,4.69,7.81,19.01,53.12,16.1500473,3294,685,1797,272,18,0.7023694,1.3375,4042,1245.5,40.5,3.880561,1.3375,4042,1146.5,40.5,3.59562922,1.3375,4042,917,40.5,2.59489179,1.34375,4042,238.5,40.5,0.7180176,1.34375,1797,289.5,18,0.8453168,1.34375,79.875,1.55,1.55,99.80915
09/07/2026 14:45:49,3.17,3.17,12.7,27.42,3.17,3.17,69.84,9.68,7.94,6.35,15.87,7.94,14.2,69.84,14.4684563,2479,548,1397,230,14,0.6717153,1.34375,1797,599,18,1.962706,1.34375,1797,117,18,0.394883484,1.34375,4042,1606,40.5,5.617363,1.34375,1797,245,18,0.7973592,1.34375,4042,490,40.5,1.37104666,1.34375,80.625,1.55,1.55,99.809166
09/07/2026 14:45:51,16.92,21.54,12.31,16.92,6.15,3.03,25,4.55,21.54,29.23,13.85,4.62,14.64,29.23,12.022562,2912,410,1797,483.5,18,1.601126,1.34375,1797,372,18,1.14980161,1.34375,3995,31,40.5,0.0641689748,1.34375,4042,491.5,40.5,1.77015913,1.34375,1797,791,18,2.81244564,1.34375,4042,292.5,40.5,1.03902912,1.3625,80,1.55,1.55,99.8091354
09/07/2026 14:45:53,6.25,23.81,9.52,3.12,1.56,1.56,23.44,3.17,10.77,32.31,15.62,12.5,11.97,32.31,13.0929174,2545,492,1797,508.5,18,1.60941136,1.35,4042,256,40.5,0.7712538,1.3625,1797,93,18,0.195883736,1.3625,1797,534.5,18,1.76833868,1.3625,4042,942.5,40.5,3.09341216,1.3625,1797,616.5,18,1.98037446,1.3625,80,1.55,1.55,99.80921
09/07/2026 14:45:55,13.85,7.58,7.58,3.08,3.03,6.06,18.46,6.15,13.85,27.69,27.69,23.08,13.17,27.69,13.5594549,2537,515,1797,421,18,1.204962,1.3625,1797,164.5,18,0.413595349,1.3625,4042,222.5,40.5,0.7153215,1.3625,1797,523,18,1.73569751,1.3625,3992,854,40,2.92423129,1.325,1797,902.5,18,2.861706,1.34375,79.375,1.55,1.55,99.80923
09/07/2026 14:45:57,7.81,1.56,17.19,10.94,20.31,7.81,14.06,4.69,15.62,17.19,23.44,43.75,15.36,43.75,12.3021908,2920,423,4042,110,40.5,0.319292754,1.34375,1797,222.5,18,0.7556232,1.34375,4042,417.5,40.5,1.421501,1.34375,4042,325.5,40.5,1.09222925,1.3625,1797,384.5,18,1.37214577,1.3625,1797,1076.5,18,3.64700675,1.3625,79.25,1.55,1.55,99.80917
09/07/2026 14:45:59,18.75,9.38,0,20,0,0,3.12,32.84,3.12,15.62,0,3.12,8.83,32.84,12.0359869,4042,408,4042,620.5,40.5,2.18934751,1.35625,4042,466,40.5,1.635537,1.375,4042,72.5,40.5,0.1535588,1.375,4042,791.5,40.5,2.86283755,1.34375,4042,380.5,40.5,1.34932745,1.325,4042,118.5,40.5,0.405779123,1.325,78.87501,1.55,1.55,99.809166
09/07/2026 14:46:01,4.69,7.81,9.38,40.62,6.25,3.12,4.69,1.56,9.38,18.75,9.38,26.56,11.85,40.62,12.0496969,3668,419,4042,212.5,40.5,0.7040834,1.3625,4042,967,40.5,3.38181925,1.3625,1797,193.5,18,0.607741654,1.3625,4042,79.5,40.5,0.2285268,1.3625,4042,509,40.5,1.72520089,1.3625,4042,553.5,40.5,1.89743292,1.3625,78.25001,1.55,1.55,99.80921
09/07/2026 14:46:03,3.12,1.52,12.12,6.25,4.69,1.56,46.88,1.49,9.38,12.12,18.75,10.94,10.73,46.88,12.0535717,3219,402,1397,49.5,14,0.244705468,1.35625,1797,360.5,18,1.267039,1.35625,4042,62,40.5,0.1423211,1.35625,4017,1020.5,40.25,3.69792747,1.35,4017,406,40.25,1.44500113,1.35,4042,511,40.5,1.66878378,1.35625,78.37501,1.55,1.55,99.80917
09/07/2026 14:46:05,12.5,9.52,9.38,3.17,1.49,6.15,9.38,25,10.94,11.11,26.56,23.44,12.39,26.56,13.3269978,2545,497,1797,391,18,1.22534823,1.34375,1797,213.5,18,0.5936153,1.34375,4042,311,40.5,0.885296464,1.34375,4042,669,40.5,2.18404531,1.3125,1797,460.5,18,1.51641345,1.3125,1797,934.5,18,3.10516453,1.3125,78.62501,1.55,1.55,99.8092
09/07/2026 14:46:07,3.08,0,4.41,3.03,3.08,4.62,47.69,24.62,6.15,35.29,9.23,15.38,13.05,47.69,12.18352,2650,394,965,48.5,12.375,0.114724584,1.3625,905,22,12.375,0.0522303581,1.3625,1976,30.5,19.8,0.07811573,1.3625,4017,1398,40.25,5.19023132,1.35,4017,733.5,40.25,2.752452,1.35,4017,134.5,40.25,0.3736345,1.35,79.875,1.55,1.55,99.8092041
09/07/2026 14:46:09,4.69,1.52,0,0,1.64,6.35,50,17.19,6.25,21.88,1.61,9.38,10.04,50,12.2206593,2332,415,1284,66,14,0.162345558,1.35625,1056,22,14,0.0488261878,1.35625,1797,157,18,0.5277101,1.3625,4017,1435.5,40.25,5.152363,1.375,4042,555,40.5,1.815661,1.31875,1797,253,18,0.80639863,1.31875,79.75,1.55,1.55,99.80916
09/07/2026 14:46:11,3.17,1.64,4.76,47.62,3.28,3.28,28.57,0,1.59,6.56,12.7,9.52,10.22,47.62,12.6913776,2920,458,4042,120.5,40.5,0.3299543,1.35,4042,1069,40.5,3.63798952,1.34375,1797,139,18,0.378135175,1.34375,4042,631.5,40.5,2.13266253,1.34375,1797,232,18,0.7635981,1.34375,1797,557.5,18,1.77198851,1.34375,79.25,1.55,1.55,99.80923
09/07/2026 14:46:13,15.38,6.15,7.69,10.45,18.46,6.25,10.94,33.85,6.25,15.62,3.08,6.15,11.69,33.85,11.8409557,2545,387,1797,318.5,18,1.06663287,1.3375,1797,400.5,18,1.40386248,1.3375,4042,356,40.5,1.08471525,1.3375,1797,762,18,2.815029,1.325,1797,397.5,18,1.46272779,1.34375,4042,89.5,40.5,0.283813268,1.34375,79,1.55,1.55,99.80917
09/07/2026 14:46:15,4.69,6.25,12.31,0,0,0,14.06,12.5,4.69,6.25,21.88,25,8.97,25,11.9171581,3147,401,4042,229,40.5,0.8138637,1.35,4017,276,40.25,0.952139854,1.35,3187,21.5,40.5,0.047550898,1.35,4042,586.5,40.5,2.058295,1.35,1797,290.5,18,0.8503726,1.35,1797,1002.5,18,3.52692056,1.35,78.25001,1.55,1.55,99.80925
09/07/2026 14:46:17,16.92,7.81,24.62,35.38,13.85,6.15,29.23,64.62,20,13.85,4.62,7.69,20.39,64.62,16.2856312,2889,655,1736,288.5,17.7777786,1.13486707,1.375,3992,796,40,2.51416564,1.375,1774,253,17.7777786,0.8604844,1.375,3992,1752,40,5.396861,1.375,4042,773.5,40.5,2.42150116,1.36875,1797,64.5,18,0.248373657,1.36875,80.375,1.55,1.55,99.80919
09/07/2026 14:46:19,4.69,0,28.12,21.88,0,7.81,48.44,3.12,0,12.5,10.94,23.44,13.41,48.44,13.845808,2898,511,4042,178.5,40.5,0.4596431,1.34375,1797,759.5,18,2.283097,1.34375,3914,156,40.5,0.5228727,1.34375,1797,961,18,3.42974138,1.34375,1797,313.5,18,1.07825124,1.34375,4042,695.5,40.5,2.48019934,1.34375,80.375,1.55,1.55,99.80923
09/07/2026 14:46:21,7.94,3.08,4.76,4.62,19.05,9.52,19.05,28.57,9.52,19.05,11.11,14.29,12.55,28.57,13.7696743,2920,532,4042,195.5,40.5,0.5497202,1.3625,1797,167,18,0.4259547,1.35625,4042,477,40.5,1.48391283,1.35625,4042,1051,40.5,3.56566381,1.35625,1797,707,18,2.20960641,1.35625,1797,597,18,1.813561,1.35625,79.875,1.55,1.55,99.80918
09/07/2026 14:46:23,10.94,6.25,0,0,1.56,14.06,37.5,0,4.69,15.62,14.06,0,8.72,37.5,12.0478544,1976,391,1235,375.5,12.375,1.2978164,1.35,1010,23,12.375,0.061596293,1.35,1976,374,19.8,1.35467684,1.35,4042,870.5,40.5,3.09237814,1.35,1797,403.5,18,1.49072874,1.35625,1797,297,18,1.044681,1.35625,79,1.55,1.55,99.80916
09/07/2026 14:46:25,10.77,6.35,4.62,4.69,9.23,7.69,44.62,26.56,16.92,18.46,23.08,10.77,15.31,44.62,13.3283587,2545,528,1797,307,18,0.816203535,1.3375,1797,154.5,18,0.293005884,1.3375,4042,300.5,40.5,0.762671769,1.33125,1797,1266,18,4.394046,1.33125,1797,597,18,1.85676146,1.33125,4042,545,40.5,1.68860745,1.34375,79,1.55,1.55,99.80918
09/07/2026 14:46:27,14.06,0,28.12,3.12,0,0,0,0,9.38,38.46,1.59,15.62,9.2,38.46,12.0230246,2920,410,1797,347,18,1.13994861,1.3375,4042,606.5,40.5,2.232861,1.3375,1797,60.5,18,0.137116581,1.3375,4042,113.5,40.5,0.275525779,1.35,1797,944,18,3.354295,1.35,4042,391,40.5,1.30487967,1.30625,78.87501,1.55,1.55,99.80918
09/07/2026 14:46:29,1.54,0,0,1.54,0,1.47,43.08,43.48,7.69,6.15,3.08,3.08,9.26,43.48,11.8869963,2625,395,1301,23,18,0.0600824542,1.3625,1351,20.5,18,0.160507053,1.3625,3259,38,40.5,0.08260937,1.3625,4042,1861.5,40.5,6.657345,1.375,4042,377.5,40.5,1.23191607,1.375,1754,51,18,0.114894018,1.375,78.75001,1.55,1.55,99.80914
09/07/2026 14:46:31,15.62,10.94,32.81,0,4.69,0,20.31,10.94,14.06,7.81,10.94,23.44,12.63,32.81,13.2791309,2853,507,1397,422.5,14,1.25251281,1.3375,4042,698.5,40.5,2.320828,1.35625,1797,100.5,18,0.263062716,1.35625,1797,583,18,1.95331538,1.35625,4042,505,40.5,1.57764018,1.35625,4042,733,40.5,2.29617786,1.35625,78.12501,1.55,1.55,99.809166
09/07/2026 14:46:33,1.56,6.56,1.64,0,0,7.81,26.56,14.06,3.12,13.11,12.5,18.75,8.81,26.56,11.5466146,2887,384,1796,167.5,18,0.559809744,1.35625,1797,27,18,0.0582157075,1.35625,3846,203.5,40.5,0.6700269,1.35625,4042,881.5,40.5,3.15795374,1.35625,1797,331.5,18,1.1534245,1.34375,4042,692,40.5,2.4440043,1.34375,78.00001,1.55,1.55,99.8091354
09/07/2026 14:46:35,6.25,0,4.69,0,12.5,0,12.5,10.94,1.56,9.38,21.88,43.75,10.29,43.75,11.8609324,2545,386,1797,90.5,18,0.2890471,1.33125,4042,151.5,40.5,0.4105554,1.33125,1797,292,18,1.03051412,1.33125,1797,305.5,18,1.039552,1.33125,1797,233.5,18,0.8103266,1.33125,4042,1243.5,40.5,4.53525734,1.33125,78.50001,1.55,1.55,99.80921
09/07/2026 14:46:37,3.12,0,26.56,3.12,1.56,6.25,20.31,1.56,3.12,25,18.75,0,9.11,26.56,11.6991081,2388,398,1235,69,12.375,0.199386075,1.35,1235,624,12.375,2.130879,1.35,1976,151.5,19.8,0.508829355,1.35,4042,524,40.5,1.73928094,1.35,1797,578,18,2.06439233,1.3375,4042,442.5,40.5,1.57409716,1.3375,78.87501,1.55,1.55,99.80914
09/07/2026 14:46:39,3.08,4.48,1.54,1.54,7.69,0,23.08,4.76,6.15,38.46,23.08,10.77,10.39,38.46,11.7729177,2410,386,3773,130,40.5,0.42765668,1.34375,1252,21.5,18,0.0492341965,1.34375,1797,190.5,18,0.662652552,1.34375,1797,507,18,1.97690582,1.34375,4042,846.5,40.5,3.03853679,1.35625,1797,618,18,2.09713626,1.35625,78.75001,1.55,1.55,99.80923
09/07/2026 14:46:41,3.12,0,6.25,4.69,1.54,10.77,14.06,0,12.5,18.75,31.25,28.12,10.92,31.25,12.0521116,4042,424,4042,52,40.5,0.134563819,1.35,4042,147.5,40.5,0.390800565,1.35,4042,238.5,40.5,0.7290495,1.35,4042,305.5,40.5,1.0144428,1.35,4042,532.5,40.5,1.70919275,1.35,4042,1270.5,40.5,4.49769258,1.35625,78.25001,1.55,1.55,99.80917
09/07/2026 14:46:43,4.69,10.77,1.54,0,0,0,15.62,0,6.25,26.56,53.12,7.81,10.53,53.12,12.1086807,2771,446,1785,306.5,17.88889,0.902945161,1.3125,4042,90,40.5,0.202911392,1.35625,3547,39.5,40.5,0.08743803,1.35625,1976,342.5,19.8,1.146547,1.35625,1235,696.5,12.375,2.32641816,1.35625,4042,1203.5,40.5,4.069254,1.325,78.62501,1.55,1.55,99.8092346
09/07/2026 14:46:45,1.54,6.15,3.08,52.31,0,3.08,9.23,6.15,3.08,15.38,13.85,0,9.49,52.31,12.2142582,3277,417,4042,161,40.5,0.481421441,1.325,1797,1135,18,4.02467728,1.325,3942,78,40.25,0.189221159,1.325,4042,363,40.5,1.31018984,1.3375,4042,423,40.5,1.35107911,1.3625,1797,340,18,1.15905941,1.3625,79.5,1.55,1.55,99.80918
09/07/2026 14:46:47,19.7,16.67,28.79,43.94,7.58,12.12,37.88,37.88,22.73,24.24,24.24,24.24,25,43.94,18.1619339,2587,810,1797,494.5,18,1.36745477,1.36875,4042,930.5,40.5,2.95558548,1.36875,1797,401.5,18,1.06782639,1.36875,3942,1421,39.5,4.124212,1.3,1971,778,19.75,2.033027,1.3,1971,836.5,19.75,2.37132049,1.3,80,1.55,1.55,99.8092
09/07/2026 14:46:49,11.11,17.46,9.52,17.46,12.7,9.52,31.75,6.35,7.94,4.76,7.94,12.7,12.43,31.75,13.8556547,3668,502,4042,486.5,40.5,1.73627841,1.3375,1797,563,18,1.94923186,1.3375,4042,417.5,40.5,1.34772491,1.3375,4042,779.5,40.5,2.71895981,1.3375,4042,270.5,40.5,0.863100648,1.3375,4042,497,40.5,1.61561191,1.3375,80.25,1.55,1.55,99.80923
09/07/2026 14:46:51,1.59,9.52,3.17,6.35,3.17,9.52,6.35,1.59,9.52,25.4,15.87,26.98,9.92,26.98,12.0133619,2423,406,1235,299.5,12.375,0.863213241,1.3375,1626,131.5,18,0.4368094,1.34375,4042,155.5,40.5,0.488651127,1.34375,1797,177.5,18,0.592566431,1.35625,1797,759.5,18,2.72150326,1.35625,4042,915.5,40.5,3.22315288,1.35625,79.5,1.55,1.55,99.80918
09/07/2026 14:46:53,3.03,14.93,1.52,7.58,1.52,3.03,5.97,3.03,10.61,7.58,36.36,22.73,9.82,36.36,11.8673391,2526,408,1797,420.5,18,1.47665954,1.34375,1742,188,18,0.6421492,1.34375,3983,109.5,40.5,0.341673642,1.34375,1797,208,18,0.714155138,1.34375,1797,341.5,18,1.04850721,1.34375,4042,1180,40.5,4.045443,1.34375,78.75001,1.55,1.55,99.80914
09/07/2026 14:46:55,9.23,13.85,3.08,0,46.15,10.61,3.08,3.08,4.62,32.31,4.62,6.15,11.4,46.15,11.9672508,2896,413,4042,479.5,40.5,1.67023194,1.29375,4042,78.5,40.5,0.207139924,1.34375,1797,1059.5,18,3.77501631,1.34375,1656,53,18,0.1178244,1.34375,1797,635,18,2.249237,1.34375,4042,172.5,40.5,0.619756639,1.34375,78.50001,1.55,1.55,99.80919
09/07/2026 14:46:57,21.21,3.03,15.15,6.06,21.21,24.24,7.58,29.69,7.58,15.15,9.09,15.15,14.6,29.69,13.3678284,3294,502,4042,394,40.5,1.281776,1.3375,4042,306.5,40.5,0.796972,1.3375,1797,878,18,2.85145473,1.35,4042,641.5,40.5,2.291563,1.35,4042,426.5,40.5,1.32540858,1.35,1797,363.5,18,1.13582134,1.35,78.50001,1.55,1.55,99.8092
09/07/2026 14:46:59,1.54,0,0,1.56,0,0,7.69,94.03,7.69,10.77,1.54,3.08,10.66,94.03,11.86034,2418,390,2808,25.5,40.5,0.0722088143,1.35,2805,18.5,40.5,0.0405938029,1.36875,1411,17.5,18,0.04243762,1.36875,4042,2104,40.5,7.639257,1.36875,1797,146.5,18,0.385792315,1.36875,1648,28,18,0.08410859,1.36875,79.5,1.55,1.55,99.809166
09/07/2026 14:47:01,4.62,1.54,4.62,3.08,1.54,38.46,30.77,10.77,18.46,21.54,4.62,24.62,13.72,38.46,12.0037861,2015,407,1483,41,18,0.104075395,1.3375,1379,38,18,0.106602192,1.3375,4042,821.5,40.5,2.804407,1.34375,1976,622,19.8,2.25378513,1.35625,1976,394.5,19.8,1.44160175,1.35625,1235,522.5,12.375,1.7845521,1.35625,79.25,1.55,1.55,99.8092
09/07/2026 14:47:03,1.59,0,38.1,39.68,0,14.29,1.59,0,0,1.59,4.76,3.17,8.73,39.68,11.6021872,2544,397,1797,65,18,0.186824515,1.3375,4042,1661.5,40.5,5.85886574,1.34375,1797,337.5,18,1.168902,1.34375,1797,63.5,18,0.169390216,1.34375,1788,57,18,0.248955518,1.34375,4042,199,40.5,0.60163,1.35,78.25001,1.55,1.55,99.80922
09/07/2026 14:47:05,4.62,0,18.46,4.62,3.17,0,36.92,4.62,7.69,10.77,20,18.46,10.78,36.92,11.7609,2292,384,3031,28,40.5,0.06471725,1.35,1797,344.5,18,1.22102094,1.35,1289,15.5,18,0.03500449,1.35,4042,868,40.5,3.12902212,1.3625,1797,228,18,0.76306504,1.36875,1797,818.5,18,2.87796116,1.36875,78.50001,1.55,1.55,99.8092041
09/07/2026 14:47:07,9.23,8.7,10.77,43.08,13.85,3.12,3.08,16.92,9.23,9.23,7.14,4.62,11.58,43.08,12.9216785,2786,495,1397,468,14,1.354722,1.34375,1397,1091.5,14,3.62765479,1.34375,4042,365.5,40.5,1.0595808,1.34375,1797,383,18,1.34277022,1.34375,4042,352,40.5,1.08360636,1.3375,4042,310.5,40.5,0.967145562,1.3375,78.25001,1.55,1.55,99.809166
09/07/2026 14:47:09,24.24,18.75,0,0,0,0,15.15,16.67,15.15,25.76,4.55,3.03,10.27,25.76,11.6874332,3100,396,1797,735.5,18,2.41770339,1.35,3292,23,40.5,0.0571542531,1.35,3627,22.5,40.5,0.054091353,1.35,4042,745,40.5,2.64648271,1.3375,1797,698.5,18,2.491318,1.3375,4042,151,40.5,0.45159474,1.35625,78.25001,1.55,1.55,99.8092041
09/07/2026 14:47:11,0,18.03,4.62,1.49,4.92,1.56,21.54,0,10.77,10.77,24.62,18.46,9.73,24.62,11.888854,2345,390,1397,385,14,1.345296,1.33125,1397,122.5,14,0.407519072,1.33125,1397,86.5,14,0.276556164,1.34375,1797,451,18,1.66923666,1.34375,4042,425.5,40.5,1.455449,1.34375,4042,866.5,40.5,3.014021,1.34375,77.87501,1.55,1.55,99.80919
09/07/2026 14:47:13,13.85,4.62,16.92,20.31,8.06,16.13,24.62,27.69,18.46,9.68,12.31,9.23,15.16,27.69,12.4258385,2545,444,4042,220,40.5,0.677862167,1.34375,1797,603,18,2.056447,1.34375,1797,313.5,18,1.03792143,1.34375,4042,829,40.5,2.66905117,1.34375,1797,342.5,18,1.16191685,1.35625,1797,357.5,18,1.18495238,1.35625,77.87501,1.55,1.55,99.80918
09/07/2026 14:47:15,6.15,6.15,26.67,0,0,30,3.08,27.69,9.23,10.77,10.77,6.15,11.39,30,11.8306408,2315,392,1238,127.5,14,0.330457449,1.3625,1397,512,14,1.8137598,1.3625,1397,569,14,2.03090072,1.3625,1797,613.5,18,2.269291,1.3625,4017,222,40.25,0.76223737,1.3625,4042,308,40.5,0.980386,1.35625,77.87501,1.55,1.55,99.80923
09/07/2026 14:47:17,14.06,6.25,23.44,63.49,18.75,15.87,29.69,15.62,7.81,12.5,25,53.12,23.8,63.49,16.2604332,3245,677,3752,151,40.5,0.433096677,1.35,1797,1061,18,3.34044313,1.35,1797,419,18,1.24235821,1.35,4042,910.5,40.5,2.658329,1.35,4042,134,40.5,0.315350443,1.35,4042,1386,40.5,4.09034,1.35,78.50001,1.55,1.55,99.80914
09/07/2026 14:47:19,7.81,3.08,17.19,17.19,18.75,35.38,18.75,9.38,6.25,15.38,10.94,7.81,13.99,35.38,13.0274134,2906,479,3961,174,40.5,0.455955863,1.3375,4042,681,40.5,1.98626077,1.3375,1797,979,18,3.38532066,1.34375,1797,336.5,18,1.00462329,1.34375,1797,416,18,1.45805919,1.34375,4042,288,40.5,0.9377126,1.34375,79.25,1.55,1.55,99.8092
09/07/2026 14:47:21,7.81,1.56,34.38,3.17,15.87,30.16,0,0,1.56,7.94,4.69,12.5,9.97,34.38,11.8718719,2786,429,1397,143,14,0.423649758,1.3375,1397,779.5,14,2.608377,1.3375,1797,988,18,3.38665342,1.3375,4042,47,40.5,0.124822944,1.3375,4042,258,40.5,0.750562,1.3375,4042,359.5,40.5,1.03396034,1.3375,78.37501,1.55,1.55,99.8092041
09/07/2026 14:47:23,4.69,9.38,16.92,4.55,4.69,1.52,14.06,31.75,14.06,28.12,12.5,3.12,12.11,31.75,13.262434,2762,516,1235,331,12.375,0.9767272,0.85625,1235,410.5,12.375,1.13007307,0.85625,1976,229.5,19.8,0.649872661,0.85625,4042,798.5,40.5,2.82657313,1.35625,4042,768.5,40.5,2.60681534,1.35625,4042,557,40.5,1.60118616,1.33125,78.50001,1.55,1.55,99.80918
09/07/2026 14:47:25,14.06,3.12,28.12,15.62,21.88,18.75,37.5,6.25,10.94,25,21.88,17.19,18.36,37.5,12.4253626,2361,444,1076,89,12.375,0.229955688,1.35,1235,395,12.375,1.22137249,1.35,1976,514.5,19.8,1.71706557,1.35,4042,779,40.5,2.54505062,1.35,1797,490,18,1.66276646,1.33125,4042,399,40.5,1.30791557,1.3375,77.87501,1.55,1.55,99.80915
09/07/2026 14:47:27,12.5,4.62,9.38,6.15,18.75,7.81,31.25,12.5,17.19,29.69,1.56,12.5,13.66,31.25,12.4197731,3294,430,1797,223,18,0.7449765,1.3375,1797,197.5,18,0.5965066,1.3375,4042,486.5,40.5,1.5682137,1.34375,4042,655,40.5,2.34455967,1.34375,4042,823,40.5,2.78865123,1.34375,4042,194.5,40.5,0.616256,1.34375,78.50001,1.55,1.55,99.8091354
09/07/2026 14:47:29,10.94,0,0,0,15.62,39.06,3.12,10.94,7.81,3.12,18.75,7.81,9.77,39.06,11.7773867,2853,409,4042,277.5,40.5,0.9043235,1.33125,1453,21,18,0.04691432,1.3375,4042,1051.5,40.5,3.55766034,1.3375,1744,268,18,0.954954,1.3375,1797,200,18,0.6368753,1.3375,4042,638,40.5,2.06197333,1.34375,77.87501,1.55,1.55,99.80922
09/07/2026 14:47:31,9.23,7.69,10.77,0,26.15,12.31,12.31,16.92,7.69,15.38,4.62,13.85,11.41,26.15,11.8961964,2545,416,1797,297,18,0.8658085,1.3625,1797,205.5,18,0.6632377,1.3625,4042,725.5,40.5,2.44033527,1.3625,1797,450.5,18,1.56342041,1.36875,4042,489,40.5,1.60838461,1.35625,1797,327,18,1.09710848,1.35625,77.50001,1.55,1.55,99.8092041
09/07/2026 14:47:33,11.11,1.59,11.11,1.59,39.68,6.35,14.29,28.57,6.35,9.52,14.29,3.17,12.3,39.68,13.2373734,2133,512,1976,314.5,19.8,0.932984948,1.35625,1976,201.5,19.8,0.52662915,1.35625,1235,846,12.375,2.96533155,1.35625,4042,941.5,40.5,3.15198517,1.35,1785,320.5,17.88889,0.9559809,1.35,1785,448,17.88889,1.40719175,1.36875,78.50001,1.55,1.55,99.80917
09/07/2026 14:47:35,0,0,0,0,3.12,1.56,25,73.44,3.12,0,0,0,8.85,73.44,11.8905487,2386,390,1398,38,18,0.09938808,1.35625,1307,22,18,0.0564201772,1.35625,1777,27.5,18,0.109271012,1.36875,4042,2120,40.5,7.70308638,1.34375,4042,88,40.5,0.270942956,1.34375,1751,46.5,18,0.10003411,1.38125,79.125,1.55,1.55,99.8092041
09/07/2026 14:47:37,0,0,0,0,0,0,6.25,79.69,4.69,19.35,1.56,1.56,9.43,79.69,11.8164635,1768,386,850,24.5,12.375,0.06785318,1.35625,836,17,12.375,0.0447065048,1.35625,1425,17,19.8,0.0451485142,1.35625,4042,1781,40.5,6.39009857,1.35625,1797,442,18,1.64071572,1.35625,1661,32,18,0.07307485,1.35625,80.125,1.55,1.55,99.80919
09/07/2026 14:47:39,4.69,17.19,21.88,17.19,1.56,1.56,12.5,10.94,3.12,31.25,1.56,3.12,10.55,31.25,11.9896221,2483,400,1797,416,18,1.443985,1.325,4042,813.5,40.5,2.773074,1.325,1797,42.5,18,0.1128496,1.34375,1797,475,18,1.67474723,1.34375,4042,624.5,40.5,2.31746936,1.34375,1425,28,18,0.0742765,1.34375,79.875,1.55,1.55,99.80915
09/07/2026 14:47:41,4.69,4.69,25,6.25,14.06,3.12,14.06,1.56,15.62,25,0,6.25,10.03,25,11.8055782,2545,376,1797,212.5,18,0.7319686,1.34375,1797,486.5,18,1.74552488,1.34375,4042,403.5,40.5,1.4384712,1.325,1797,300.5,18,1.03110814,1.33125,1797,702.5,18,2.60929275,1.33125,4042,148.5,40.5,0.474795282,1.33125,79.375,1.55,1.55,99.8092
09/07/2026 14:47:43,7.94,4.76,1.59,1.59,7.94,0,39.68,16.13,3.17,7.94,1.54,15.87,9.01,39.68,11.9025879,3668,389,1797,214.5,18,0.740695953,1.33125,4042,62,40.5,0.160071,1.33125,4042,197.5,40.5,0.6769555,1.34375,4042,1120.5,40.5,4.27501154,1.3375,4042,281,40.5,0.9532711,1.3375,4042,459,40.5,1.50581825,1.3375,78.62501,1.55,1.55,99.80919
09/07/2026 14:47:45,15.62,15.62,17.19,12.5,12.5,15.62,18.75,9.38,10.94,23.44,34.38,42.19,19.01,42.19,14.4250584,3200,626,1235,492,12.375,1.13197839,1.35625,1797,387,18,0.892526448,1.3625,4042,363,40.5,0.913449,1.3625,4042,416.5,40.5,1.19069529,1.3625,4042,629,40.5,1.87409365,1.3625,4042,1467.5,40.5,4.406683,1.3625,78.37501,1.55,1.55,99.80915
09/07/2026 14:47:47,14.29,7.94,34.92,42.86,28.57,7.94,26.98,19.05,4.76,12.7,6.35,14.29,18.39,42.86,15.80759,2137,653,1797,522.5,18,1.37497032,1.33125,1797,1183,18,3.70104837,1.34375,4042,654,40.5,1.9986819,1.34375,1235,774.5,12.375,2.23711681,1.34375,1976,337.5,19.8,0.992593944,1.34375,1976,445,19.8,1.36695063,1.34375,79.375,1.55,1.55,99.80919
09/07/2026 14:47:49,7.69,8.06,9.23,13.11,9.23,9.23,46.15,13.85,9.23,15.38,29.03,15.38,15.47,46.15,14.9413033,2415,601,1976,282.5,19.8,0.7863534,1.35625,1235,378,12.375,1.1187439,1.35625,1397,311,14,0.9888636,1.35625,4042,1269,40.5,4.18543148,1.35625,4042,540,40.5,1.67853951,1.35625,1797,826,18,2.47770166,1.35,80.5,1.55,1.55,99.80916
09/07/2026 14:47:51,0,3.17,9.38,0,20.63,9.52,1.59,12.5,7.94,31.75,11.11,8.06,9.64,31.75,11.6231976,3201,383,1242,102.5,14,0.327738285,1.35625,4042,218,40.5,0.786082,1.35625,4042,642,40.5,2.285014,1.36875,4042,298.5,40.5,1.03417432,1.36875,1797,770.5,18,2.700071,1.36875,4042,267,40.5,1.02575326,1.375,79.625,1.55,1.55,99.809166
09/07/2026 14:47:53,1.56,4.35,14.06,9.38,1.54,9.23,1.56,0,0,15.38,18.75,40.62,9.7,40.62,11.7714548,1937,385,1797,120,18,0.3474678,1.33125,4042,501,40.5,1.68152368,1.31875,1797,196,18,0.652113557,1.31875,1191,33,14,0.08528491,1.31875,1397,356.5,14,1.3310827,1.33125,1397,1105,14,4.038822,1.33125,79.5,1.55,1.55,99.80922
09/07/2026 14:47:55,6.35,19.05,6.35,9.52,15.87,6.35,3.17,3.17,15.87,20.63,12.7,38.1,13.1,38.1,12.9710121,3967,506,3967,529,39.75,1.6866492,1.3125,3967,213,39.75,0.557484865,1.3125,3967,439,39.75,1.26104307,1.3125,3967,134.5,39.75,0.280673444,1.3125,3967,800,39.75,2.52328825,1.3125,3967,922,39.75,3.004968,1.3125,79.625,1.55,1.55,99.80925
09/07/2026 14:47:57,14.06,9.38,4.69,6.25,10.94,31.25,26.56,10.94,3.12,14.06,12.5,4.69,12.37,31.25,12.3231049,2545,424,4042,347,40.5,1.12570488,1.2875,1797,91,18,0.150205716,1.2875,1797,713.5,18,2.37328076,1.34375,1797,761.5,18,2.77222753,1.34375,4042,288,40.5,0.90537554,1.34375,1797,340,18,1.182124,1.34375,78.75001,1.55,1.55,99.80917
09/07/2026 14:47:59,9.52,8.96,12.7,4.76,12.7,6.25,12.7,9.38,9.52,15.87,15.87,23.81,11.84,23.81,13.3842354,2412,521,1397,401.5,14,1.20317,1.3375,1397,440.5,14,1.3313005,1.3375,4042,451,40.5,1.44882154,1.34375,1797,493,18,1.58617282,1.34375,1797,442,18,1.37125874,1.34375,4042,895.5,40.5,2.79619622,1.35,77.87501,1.55,1.55,99.80922
09/07/2026 14:48:01,12.5,10.94,26.56,10.94,4.69,1.56,18.75,20.31,9.38,7.81,20.31,6.25,12.5,26.56,12.1811867,3294,424,1797,325.5,18,1.01135182,1.35625,1797,673.5,18,2.24454165,1.35625,4042,118,40.5,0.357894778,1.35625,4042,587,40.5,2.092216,1.35625,4042,459,40.5,1.48230183,1.35625,4042,378.5,40.5,1.246543,1.375,77.50001,1.55,1.55,99.80919
09/07/2026 14:48:04,1.52,9.09,1.52,12.12,9.09,3.03,3.03,10.61,16.67,28.79,16.67,7.58,9.97,28.79,11.8972769,2342,402,1139,226,12.375,0.7923206,1.33125,1235,278.5,12.375,0.9775063,1.33125,1797,237.5,18,0.8023024,1.33125,4042,245,40.5,0.879162669,1.34375,1797,931.5,18,3.3124,1.34375,4042,492.5,40.5,1.58641517,1.34375,78.50001,1.55,1.55,99.80918
09/07/2026 14:48:06,6.15,9.38,7.69,20,24.62,3.08,12.31,3.08,3.08,20,9.23,15.62,11.19,24.62,11.892663,2920,406,4042,280,40.5,0.9121191,1.3375,1797,510.5,18,1.77896714,1.3375,4042,571,40.5,1.84465539,1.3375,4042,261.5,40.5,0.8958178,1.35625,1797,376,18,1.26661849,1.35625,1797,435,18,1.51606226,1.35625,78.25001,1.55,1.55,99.8092
09/07/2026 14:48:08,7.81,4.76,0,3.17,3.12,3.12,21.88,24.59,9.38,29.69,3.12,12.5,10.26,29.69,11.8945122,2502,393,1797,290.5,18,0.8650605,1.3625,1797,58.5,18,0.164650574,1.36875,3785,42.5,40.5,0.10351225,1.36875,1797,878.5,18,3.13613629,1.36875,4042,701.5,40.5,2.486142,1.36875,1797,384,18,1.35215342,1.36875,78.25001,1.55,1.55,99.80917
09/07/2026 14:48:10,12.31,20.31,15.62,6.06,10.61,20,7.69,27.69,9.23,6.15,4.62,6.15,12.2,27.69,13.1521845,1963,494,1397,653,14,2.0394845,1.36875,1397,531.5,14,1.78109479,1.36875,1397,607.5,14,2.06421852,1.36875,4017,697,40.25,2.14398742,1.35,1785,241.5,17.88889,0.7601487,1.35,1785,232.5,17.88889,0.747867465,1.35,77.75001,1.55,1.55,99.80915
09/07/2026 14:48:12,6.15,13.64,44.62,41.54,0,3.12,4.62,4.69,6.15,7.46,9.38,1.54,11.91,44.62,11.5356255,2866,395,4042,223,40.5,0.5679618,1.325,4042,1643,40.5,5.63479662,1.31875,1797,33.5,18,0.06407105,1.33125,1473,92,18,0.298069656,1.33125,1797,183,18,0.616065443,1.33125,4042,196.5,40.5,0.680217147,1.33125,77.75001,1.55,1.55,99.80915
09/07/2026 14:48:14,12.5,4.62,4.69,1.54,23.44,9.38,20.31,6.25,9.38,10.94,14.06,21.88,11.58,23.44,12.4693661,2412,465,1397,283.5,14,0.5895698,1.3375,1397,90,14,0.229153708,1.3375,1797,597.5,18,2.15044069,1.3375,1797,517,18,1.7478404,1.34375,4042,437.5,40.5,1.41243672,1.34375,4042,865.5,40.5,2.85689449,1.3375,77.62501,1.55,1.55,99.8092346
09/07/2026 14:48:16,15.62,35.94,17.19,3.12,4.69,0,7.81,20.31,7.81,14.06,14.06,9.38,12.5,35.94,13.0487938,3294,497,1797,1011,18,3.285547,1.375,1797,345.5,18,1.06313634,1.375,4042,118,40.5,0.317087322,1.35625,4042,661.5,40.5,2.17184329,1.35625,4042,379,40.5,1.22796321,1.35625,4042,468.5,40.5,1.48920631,1.35625,78.37501,1.55,1.55,99.80918
09/07/2026 14:48:18,10.77,3.08,32.31,38.46,32.31,50.77,29.23,23.08,4.62,3.08,3.08,4.62,19.62,50.77,15.9279327,3294,710,4042,221,40.5,0.602748156,1.35,4042,1223.5,40.5,3.3927114,1.35,4042,1662,40.5,4.691785,1.35,1797,848,18,2.37411046,1.3375,1797,138.5,18,0.3480749,1.3375,4042,169.5,40.5,0.455534875,1.3375,80.875,1.55,1.55,99.80917
09/07/2026 14:48:20,1.59,7.94,0,1.59,6.35,63.49,17.46,25.4,4.76,3.17,0,0,10.98,63.49,12.5483265,3173,479,4042,259.5,40.5,0.792271137,1.3375,1558,41,18,0.10655465,1.3375,4042,1550.5,40.5,5.329673,1.35625,4042,864,40.5,2.332162,1.35625,1797,113,18,0.2971275,1.35625,3556,46.5,40.5,0.104634091,1.35625,81.125,1.55,1.55,99.80921
09/07/2026 14:48:22,9.38,14.06,42.19,3.12,1.56,0,1.56,1.56,3.12,3.12,25,12.5,9.77,42.19,11.7689209,3294,409,4042,501.5,40.5,1.6011709,1.35,4042,915.5,40.5,3.14810658,1.35,1797,44.5,18,0.09510426,1.35,4042,68.5,40.5,0.187988371,1.35,1797,183.5,18,0.6120081,1.35,4042,741.5,40.5,2.55624247,1.35,79.875,1.55,1.55,99.80927
09/07/2026 14:48:24,9.38,7.81,1.54,10.77,26.56,7.81,12.5,0,1.56,18.46,15.38,6.25,9.84,26.56,12.1570539,2920,423,1797,401,18,1.24387932,1.3375,1797,235,18,0.770164251,1.3375,4042,733.5,40.5,2.55443454,1.3375,1797,314.5,18,1.1724124,1.3375,4042,421.5,40.5,1.4938091,1.325,4042,434,40.5,1.337275,1.325,78.87501,1.55,1.55,99.80919
09/07/2026 14:48:26,7.58,25.76,1.52,4.55,4.55,4.55,46.97,3.03,3.03,6.06,16.67,3.03,10.61,46.97,13.4019432,3294,532,4042,736,40.5,2.30936837,1.35,4042,192.5,40.5,0.579027355,1.2875,1797,288.5,18,0.7776145,1.2875,4042,1169,40.5,3.98456717,1.2875,1797,314,18,0.924942136,1.35625,4042,489.5,40.5,1.44977009,1.33125,78.62501,1.55,1.55,99.80916
09/07/2026 14:48:28,12.7,17.46,0,1.64,0,0,33.33,1.59,1.59,1.59,0,36.51,8.87,36.51,11.8212214,2024,398,1235,689,12.375,2.24127984,1.35,1479,28,18,0.0679678,1.35625,1797,49,18,0.120868772,1.36875,4042,715.5,40.5,2.66917181,1.36875,1797,90.5,18,0.267903954,1.36875,1797,819,18,2.89068532,1.36875,78.25001,1.55,1.55,99.8091354
09/07/2026 14:48:30,12.31,20,1.54,0,6.15,1.52,18.46,50.79,0,0,4.62,18.46,11.15,50.79,12.0021029,2863,418,4042,638,40.5,2.1587832,1.3375,1797,66.5,18,0.168258518,1.3375,3815,29.5,40.5,0.06359997,1.3375,1797,1316.5,18,4.723069,1.3375,1687,36,18,0.085753575,1.3375,4042,420.5,40.5,1.41522515,1.35625,78.12501,1.55,1.55,99.80916
09/07/2026 14:48:32,1.59,1.59,0,0,3.17,1.59,57.14,38.1,3.17,0,0,1.59,8.99,57.14,11.966,2936,400,1397,95.5,14,0.297193766,1.35,1073,44,14,0.101190932,1.35,3314,30.5,40.5,0.07210088,1.35625,4042,2104,40.5,7.525967,1.35625,3747,55.5,40.5,0.154340938,1.35625,4042,69.5,40.5,0.168327779,1.35625,78.37501,1.55,1.55,99.80918
09/07/2026 14:48:34,9.09,4.55,4.55,1.52,1.52,7.58,31.82,53.03,9.09,4.55,21.21,10.61,13.26,53.03,11.9922953,2354,398,4042,81.5,40.5,0.210680276,1.33125,1597,36.5,18,0.07462587,1.3375,4042,100,40.5,0.306700528,1.3375,1976,1523,19.8,5.443011,1.3375,1235,107.5,12.375,0.460649937,1.3375,1235,541,12.375,1.86814678,1.3375,78.62501,1.55,1.55,99.8092651
09/07/2026 14:48:36,10.94,3.12,15.62,6.25,9.38,9.38,60.94,18.75,7.81,7.81,10.61,6.25,13.9,60.94,13.2205906,2920,506,4042,233.5,40.5,0.6323331,1.325,4042,421.5,40.5,1.22018564,1.3375,1797,299,18,0.957403064,1.3375,4042,1485,40.5,5.121596,1.34375,1797,272.5,18,0.73947674,1.34375,1797,326,18,0.99842304,1.34375,78.37501,1.55,1.55,99.80916
09/07/2026 14:48:38,0,4.76,1.59,0,1.59,12.7,11.11,53.97,3.17,14.29,1.59,0,8.73,53.97,11.6548862,2721,377,990,125.5,12.375,0.402651161,1.35,1235,52.5,12.375,0.162615031,1.35,1976,322.5,19.8,1.10779679,1.35,4042,1368.5,40.5,4.933798,1.35,4042,334,40.5,1.31508732,1.35,4042,57.5,40.5,0.180795148,1.35,78.37501,1.55,1.55,99.80915
09/07/2026 14:48:40,1.54,0,0,0,0,6.15,44.62,15.38,7.69,20,16.92,13.85,10.51,44.62,11.8714495,2282,394,1037,33,14,0.07179331,1.35625,1011,21,14,0.0510543622,1.35625,1797,171.5,18,0.5832843,1.35625,4042,1307,40.5,4.730068,1.34375,4017,238,40.25,0.775836468,1.34375,1785,590.5,17.88889,1.98342073,1.35625,78.62501,1.55,1.55,99.80919
09/07/2026 14:48:42,1.56,4.48,7.69,26.15,0,0,6.25,17.19,0,10.45,12.5,18.75,8.75,26.15,11.9687462,2278,402,1013,146.5,12.375,0.450945616,1.33125,1235,749,12.375,2.67516232,1.33125,1542,62,18,0.146317065,1.33125,4042,487,40.5,1.82462764,1.34375,1797,278,18,0.946176,1.34375,4042,688.5,40.5,2.289023,1.34375,78.25001,1.55,1.55,99.80921
09/07/2026 14:48:44,6.15,3.12,1.54,0,6.06,24.62,30.77,4.69,9.23,9.23,18.46,6.15,10,30.77,11.628829,2131,397,1797,162,18,0.417186648,1.33125,1596,33.5,18,0.07787445,1.35,4042,535.5,40.5,1.83173931,1.35,1397,745.5,14,2.85027122,1.35,1976,402.5,19.8,1.29900241,1.35,1976,502,19.8,1.76641667,1.35,78.12501,1.55,1.55,99.80921
09/07/2026 14:48:46,23.08,21.54,4.62,3.08,12.31,1.54,7.69,24.62,12.31,12.31,15.38,21.54,13.33,24.62,11.9434233,4042,426,4042,718.5,40.5,2.42455244,1.3375,4042,54,40.5,0.122969329,1.3375,4042,215.5,40.5,0.678796768,1.34375,4042,615.5,40.5,2.12343669,1.34375,4042,320,40.5,1.03800368,1.35625,4042,633,40.5,2.17476869,1.35625,77.37501,1.55,1.55,99.80921
09/07/2026 14:48:48,16.92,9.23,29.23,55.38,10.77,26.15,20,23.08,10.77,10.77,18.46,35.38,22.18,55.38,16.3082638,2918,691,1797,333,18,0.9240861,1.3375,4042,1299,40.5,4.027439,1.3375,1785,732.5,17.88889,2.2431488,1.3375,4042,680,40.5,1.84877908,1.36875,1797,157,18,0.41156283,1.35,4042,944,40.5,2.920594,1.35,79.375,1.55,1.55,99.80915
09/07/2026 14:48:50,9.23,18.46,16.92,46.15,7.69,4.62,50.77,50.77,3.08,3.08,1.54,9.23,18.46,50.77,16.78316,3668,729,1797,587,18,1.71539962,1.36875,4042,1202.5,40.5,3.834015,1.36875,4042,285,40.5,0.7668906,1.36875,4042,1942,40.5,5.121983,1.36875,4042,172,40.5,0.5657557,1.35625,4042,183,40.5,0.628338933,1.35625,81.375,1.55,1.55,99.80918
09/07/2026 14:48:52,4.69,1.56,9.38,3.12,9.38,14.06,20.31,7.81,18.75,20.31,37.5,15.62,13.54,37.5,15.1850729,3668,605,4042,201.5,40.5,0.611926,1.3625,4042,331,40.5,0.97233206,1.3625,1797,510.5,18,1.83954787,1.3625,4042,526,40.5,1.57181716,1.3625,4042,871,40.5,2.880011,1.3625,4042,1190,40.5,3.488641,1.3625,83,1.55,1.55,99.809166
09/07/2026 14:48:54,7.94,0,15.87,4.76,1.56,0,1.59,29.69,0,6.35,12.7,23.81,8.69,29.69,11.8386059,3668,401,4042,175.5,40.5,0.5732648,1.3375,4042,484.5,40.5,1.5217495,1.34375,4042,66,40.5,0.189479947,1.34375,1797,667.5,18,2.393528,1.35625,4042,186.5,40.5,0.63493824,1.35625,4042,828.5,40.5,2.85818315,1.35625,81.5,1.55,1.55,99.80924
09/07/2026 14:48:56,6.35,1.59,15.87,12.7,6.35,4.76,6.35,22.22,7.94,14.29,3.17,9.52,9.26,22.22,11.8992767,2326,385,4042,183,40.5,0.6143121,1.33125,1797,621,18,2.209212,1.3375,4042,246.5,40.5,0.85377717,1.3375,1397,543.5,14,2.06288767,1.3375,1397,456,14,1.72873223,1.33125,1284,259.5,14,0.8848399,1.33125,80.25,1.55,1.55,99.80916
09/07/2026 14:48:58,9.38,1.54,9.38,3.12,3.12,12.5,26.56,0,1.56,18.46,15.38,9.38,9.2,26.56,12.0867853,2545,414,4042,286,40.5,0.955027,1.3375,1797,193,18,0.5617714,1.3375,1797,427,18,1.36200345,1.33125,1797,563,18,2.097436,1.33125,1797,437.5,18,1.63459468,1.33125,4042,577,40.5,1.91060638,1.33125,79.75,1.55,1.55,99.8092
09/07/2026 14:49:00,7.81,1.56,0,4.69,7.81,15.62,6.35,28.57,7.94,22.22,7.81,25.4,11.32,28.57,12.6468639,2545,448,1797,130.5,18,0.3905073,1.3375,1797,67.5,18,0.16996038,1.3375,4042,497.5,40.5,1.5495826,1.3375,4042,660,40.5,2.34788513,1.35625,1797,652,18,2.20487642,1.35625,1797,682.5,18,2.1904943,1.35625,79.75,1.55,1.55,99.80918
09/07/2026 14:49:02,7.94,1.54,21.88,3.12,7.94,7.94,25.4,17.46,9.52,22.22,17.46,31.75,14.51,31.75,14.3621464,4042,576,4042,255.5,40.5,0.676611364,1.35,4042,378.5,40.5,1.116984,1.35,4042,388,40.5,1.203082,1.35,4042,831.5,40.5,2.8668108,1.35,4042,572.5,40.5,1.67145228,1.3625,4042,1031.5,40.5,3.30682874,1.375,79.125,1.55,1.55,99.8092651
09/07/2026 14:49:04,3.12,1.56,1.56,23.44,0,0,15.62,37.5,17.19,39.06,3.12,1.56,11.98,39.06,12.13691,2836,408,1486,42,18,0.108253852,1.3375,4042,476.5,40.5,1.65350735,1.3375,1797,46.5,18,0.1271173,1.3375,4042,982.5,40.5,3.56350422,1.34375,4042,871,40.5,2.99439168,1.325,1604,31.5,18,0.190546587,1.325,79.625,1.55,1.55,99.80924
09/07/2026 14:49:06,3.12,0,64.06,1.56,0,0,0,0,9.38,14.06,12.5,1.56,8.85,64.06,11.522006,2245,392,1156,28,14,0.06639947,1.3625,1397,1373,14,4.859109,1.36875,1268,20,14,0.042458307,1.36875,1667,41,18,0.112354867,1.36875,3992,572,40,1.95293391,1.325,3992,317,40,1.129847,1.325,79.625,1.55,1.55,99.80917
09/07/2026 14:49:08,3.08,3.08,1.54,4.62,3.08,3.08,41.54,27.69,13.85,7.69,12.31,26.15,12.31,41.54,12.3732815,2295,451,1274,66,14,0.173600614,1.35,1354,36,14,0.20415166,1.35,1262,60.5,14,0.140044346,1.35,1797,1432.5,18,4.58558655,1.35,4042,406,40.5,1.23784113,1.35,4042,707.5,40.5,2.47375131,1.35,79.75,1.55,1.55,99.80914
09/07/2026 14:49:10,7.81,22.22,18.75,17.19,10.94,0,1.56,0,1.56,12.5,4.69,14.06,9.27,22.22,11.3974543,3533,405,4042,665,40.5,2.11284161,1.35,4042,733.5,40.5,2.48211122,1.35,1797,230.5,18,0.7724723,1.35,3234,29.5,40.5,0.0762967,1.35,4042,319,40.5,1.10991979,1.35,4042,453.5,40.5,1.61169469,1.34375,78.75001,1.55,1.55,99.809166
09/07/2026 14:49:12,14.06,3.12,7.94,14.06,6.25,25.4,1.56,30.16,1.56,10.94,15.62,3.12,11.15,30.16,13.1278715,3294,498,4042,382.5,40.5,1.08677888,1.3375,1797,446.5,18,1.36765134,1.3375,1797,687,18,2.275786,1.3375,4042,716,40.5,2.447123,1.3375,4042,334.5,40.5,1.125617,1.3375,4042,420.5,40.5,1.27638936,1.3375,78.50001,1.55,1.55,99.80923
09/07/2026 14:49:14,6.25,6.25,4.84,4.92,9.38,21.88,34.38,7.81,10.94,21.88,12.5,21.88,13.57,34.38,13.5439768,2479,588,1797,298,18,0.5367433,1.33125,1797,257,18,0.4216826,1.34375,4042,686,40.5,1.86655891,1.3375,1397,866.5,14,2.73780918,1.3375,1797,667.5,18,2.10800433,1.34375,4042,754.5,40.5,2.213437,1.34375,78.75001,1.55,1.55,99.80921
09/07/2026 14:49:16,6.35,1.59,38.1,23.81,3.17,1.59,1.59,31.75,1.59,14.29,3.17,1.59,10.71,38.1,11.9551182,2848,410,1766,64.5,18,0.181673586,1.35,1797,1326.5,18,4.58843,1.35,3642,41,40.5,0.0987735242,1.35,4042,750.5,40.5,2.67592931,1.3625,1797,224.5,18,0.710813165,1.3625,4042,50,40.5,0.229995325,1.3625,78.75001,1.55,1.55,99.809166
09/07/2026 14:49:18,16.92,3.08,38.46,75.38,29.23,26.15,23.08,30.77,27.69,27.69,10.77,10.77,26.67,75.38,17.7497578,3660,801,1797,312.5,18,0.795133948,1.3375,4042,1813.5,40.5,5.269957,1.3375,4017,584.5,40.25,1.73215592,1.3375,4042,990.5,40.5,2.938473,1.34375,4042,903.5,40.5,2.507355,1.34375,4017,203.5,40.25,0.5219887,1.3625,79.625,1.55,1.55,99.80918
09/07/2026 14:49:20,7.69,1.54,9.23,40,9.23,4.62,15.38,4.62,10.77,18.46,21.54,16.92,13.33,40,12.5676031,2920,430,4042,86,40.5,0.197712421,1.34375,1797,906.5,18,3.15070152,1.35,4042,143,40.5,0.3970784,1.35,1797,242,18,0.8457085,1.35,4042,500.5,40.5,1.61803818,1.35,1797,702,18,2.44615841,1.35,79.875,1.55,1.55,99.809166
09/07/2026 14:49:22,9.38,7.81,15.62,15.62,6.25,6.25,9.38,3.17,1.56,9.38,29.69,1.56,9.64,29.69,11.8797646,1971,395,4042,395,40.5,1.27821517,1.34375,1797,585,18,2.08596182,1.35,1797,265,18,0.91211313,1.35,1397,260,14,0.917668343,1.35,1397,223,14,0.668677866,1.35,1397,642,14,2.27811837,1.35,78.62501,1.55,1.55,99.8092651
09/07/2026 14:49:24,4.69,1.56,3.12,7.81,9.38,20.31,14.06,16.13,9.38,31.25,42.19,4.69,13.71,42.19,12.7916183,2469,476,1397,129.5,14,0.3886611,1.34375,1738,153.5,18,0.486134678,1.35,1797,511.5,18,1.68460417,1.35,1797,461,18,1.3528775,1.35,4042,606.5,40.5,2.020477,1.35,4042,992,40.5,3.33508873,1.35,79.125,1.55,1.55,99.80919
09/07/2026 14:49:26,0,0,12.5,0,0,32.81,3.12,0,3.12,31.25,9.38,20.31,9.38,32.81,11.9890528,4001,414,3794,76,40.5,0.1799974,1.33125,4042,234.5,40.5,0.7929277,1.33125,4042,750.5,40.5,2.56925464,1.33125,4042,112,40.5,0.341522366,1.325,4042,594,40.5,2.04983234,1.325,4042,715,40.5,2.40526557,1.35,78.50001,1.55,1.55,99.80927
09/07/2026 14:49:28,6.35,0,20.63,3.17,22.22,3.17,19.05,23.81,3.17,12.7,11.11,12.7,11.51,23.81,13.5839043,2545,533,1797,185,18,0.4945342,1.3375,1797,631.5,18,1.95341635,1.34375,4042,476,40.5,1.525683,1.34375,4042,932.5,40.5,3.14666319,1.35625,1797,468.5,18,1.436373,1.35625,1797,506,18,1.40194511,1.35625,78.37501,1.55,1.55,99.80919
09/07/2026 14:49:30,12.31,9.23,6.78,6.78,4.62,23.08,18.46,7.94,18.46,30.16,9.23,32.31,14.95,32.31,12.2180605,2048,423,1714,136,18,0.366941482,1.34375,1544,41.5,18,0.101883188,1.34375,4042,470,40.5,1.55017006,1.34375,1397,465,14,1.50630152,1.34375,1797,677,18,2.42215347,1.35,1797,748,18,2.64764428,1.35,79.125,1.55,1.55,99.8092041
09/07/2026 14:49:32,3.12,4.69,3.03,10.61,2.99,7.58,4.69,3.03,12.5,42.19,7.81,10.94,9.43,42.19,12.22387,2521,408,1649,177.5,18,0.521224856,1.3375,1797,304.5,18,1.04715168,1.3375,4042,309.5,40.5,0.979889452,1.3375,1797,177.5,18,0.5338839,1.3375,1797,1086.5,18,4.02757072,1.3375,4042,395,40.5,1.29345107,1.3375,79.75,1.55,1.55,99.80918
09/07/2026 14:49:34,6.35,1.59,20.63,33.33,0,0,12.7,21.54,1.59,12.7,0,0,9.2,33.33,11.632617,2038,388,1797,159,18,0.465374321,1.3375,4042,1160.5,40.5,4.01822329,1.31875,1797,39,18,0.0916263461,1.31875,1397,691.5,14,2.54407024,1.31875,1397,237.5,14,0.887176156,1.31875,1797,41.5,18,0.1154798,1.325,79.125,1.55,1.55,99.80925
09/07/2026 14:49:36,27.69,15.38,3.23,4.62,3.08,1.61,13.85,2.99,6.15,26.98,30.77,9.23,12.13,30.77,11.5673895,2400,392,1397,626,14,2.05695772,1.33125,1324,35,18,0.07069971,1.33125,1797,51,18,0.152605683,1.33125,1797,260.5,18,0.9580752,1.33125,4042,542.5,40.5,2.02375364,1.3625,4042,836,40.5,2.88516736,1.3625,78.50001,1.55,1.55,99.80918
09/07/2026 14:49:38,9.23,20,13.85,6.15,9.23,1.54,21.54,16.92,7.69,3.08,23.08,9.23,11.79,23.08,12.9416094,2545,486,1797,649,18,2.10545015,1.3375,1797,338.5,18,0.9196171,1.3375,4042,249.5,40.5,0.746661067,1.3375,1797,715,18,2.46974564,1.3375,1797,263,18,0.771181941,1.35,4042,703.5,40.5,2.27275467,1.35,78.50001,1.55,1.55,99.80921
09/07/2026 14:49:40,4.62,8.82,9.52,29.69,21.54,16.92,12.31,6.35,20.31,15.62,25,24.62,16.28,29.69,12.7901821,1921,452,1498,157.5,18,0.3996891,1.33125,1797,629.5,18,2.2651093,1.33125,4042,411,40.5,1.25407648,1.33125,1397,153.5,14,0.451770455,1.33125,1397,608.5,14,2.23832965,1.33125,1397,754,14,2.27688241,1.34375,78.37501,1.55,1.55,99.80917
09/07/2026 14:49:42,1.54,0,18.46,0,30.77,10.77,27.69,0,3.08,15.62,0,1.54,9.12,30.77,11.5757713,1955,394,1235,57,12.375,0.178988919,1.35,1235,407,12.375,1.43966341,1.35,1976,895,19.8,3.02841687,1.35,4042,604.5,40.5,2.12958932,1.3625,1797,339,18,1.2315619,1.35,1443,62,18,0.1313622,1.35,78.00001,1.55,1.55,99.8091049
09/07/2026 14:49:44,10.94,9.38,17.19,0,1.56,20.63,14.06,3.12,3.12,6.25,16.13,9.38,9.31,20.63,11.6229792,2920,383,4042,369,40.5,1.14950991,1.33125,1797,421.5,18,1.42030287,1.33125,1797,467.5,18,1.7360568,1.33125,1797,291.5,18,1.07664967,1.33125,4042,202.5,40.5,0.709861338,1.33125,4042,547,40.5,1.92141855,1.33125,77.37501,1.55,1.55,99.809166
09/07/2026 14:49:46,1.56,15.15,4.69,1.52,0,0,3.12,43.75,0,3.12,20.31,18.75,9.33,43.75,11.6782207,3294,398,1797,346.5,18,1.16412461,1.33125,4042,125,40.5,0.2906819,1.33125,1797,34.5,18,0.0705089048,1.325,4042,950.5,40.5,3.37147164,1.325,4042,88,40.5,0.23502782,1.325,4042,844.5,40.5,2.95588017,1.325,77.62501,1.55,1.55,99.80922
09/07/2026 14:49:48,15.62,12.5,12.5,34.38,7.81,4.62,31.25,50,17.19,10.94,23.44,17.19,19.79,50,16.9520855,3294,747,4042,532,40.5,1.45327389,1.35,4042,821.5,40.5,2.69943047,1.3625,4042,217,40.5,0.553830862,1.3625,1797,1614.5,18,4.663039,1.3625,1797,534.5,18,1.53636658,1.3625,4042,760,40.5,2.240962,1.3625,79.75,1.55,1.55,99.80918
09/07/2026 14:49:50,4.69,1.47,9.38,1.56,3.12,1.56,42.19,20.31,1.56,9.38,7.81,23.44,10.54,42.19,11.82905,2369,393,1282,38,18,0.104027189,1.3375,1797,129.5,18,0.4140711,1.3375,3498,49.5,40.5,0.0434249341,1.30625,4042,1205.5,40.5,4.43731165,1.34375,1797,289.5,18,1.00739026,1.34375,1797,646.5,18,2.285491,1.34375,80.625,1.55,1.55,99.8092
09/07/2026 14:49:52,7.94,3.17,25.4,3.39,1.56,17.19,1.59,0,6.35,34.38,12.5,6.35,9.98,34.38,11.8425322,2920,395,1797,137.5,18,0.396092057,1.3625,1797,499.5,18,1.79478049,1.3625,4042,295.5,40.5,1.0555439,1.3625,4042,69.5,40.5,0.19573082,1.36875,1797,941.5,18,3.46471548,1.375,4042,424,40.5,1.50421464,1.375,80.375,1.55,1.55,99.80918
09/07/2026 14:49:54,10.77,12.7,6.35,31.75,13.85,9.23,23.08,4.62,15.38,29.23,23.81,20,16.73,31.75,14.7605848,2545,602,1797,314,18,0.7924275,1.3375,1797,779.5,18,2.47647762,1.3375,4042,364,40.5,1.06145132,1.3375,1797,485.5,18,1.41856515,1.3375,4042,822,40.5,2.50832868,1.34375,1797,850,18,2.748058,1.35,80.5,1.55,1.55,99.8092041
09/07/2026 14:49:56,1.54,1.56,10.77,20,9.23,4.62,13.85,20,15.38,26.15,27.69,40,15.9,40,12.0229645,2599,390,1300,23,18,0.06148169,1.34375,3062,178,40.5,0.549218,1.34375,1374,19,18,0.0422440767,1.34375,1797,430.5,18,1.5642606,1.34375,4042,566,40.5,2.11637282,1.34375,4017,1122,40.25,4.012184,1.35,80.125,1.55,1.55,99.80921
09/07/2026 14:49:58,1.56,6.67,56.25,12.5,32.81,6.25,4.69,0,0,3.33,1.56,3.12,10.73,56.25,11.5101376,2523,389,1797,157.5,18,0.531875253,1.325,4042,1324.5,40.5,4.67116,1.33125,1797,653.5,18,2.27491117,1.3375,4042,55.5,40.5,0.17384778,1.3375,1662,82,18,0.269784659,1.3375,1797,61.5,18,0.185582817,1.33125,79,1.55,1.55,99.80917
09/07/2026 14:50:00,3.12,7.58,4.62,12.5,10.94,15.62,4.69,27.69,10.94,6.25,17.19,27.69,12.4,27.69,12.3783712,2484,437,1797,142.5,18,0.386398345,1.34375,1797,277.5,18,0.888139069,1.34375,3676,251,40.5,0.7560741,1.34375,1797,678.5,18,2.372249,1.34375,1797,350.5,18,1.20196056,1.34375,4042,921,40.5,2.98457551,1.34375,78.75001,1.55,1.55,99.80921
09/07/2026 14:50:02,4.69,0,11.29,7.81,0,1.56,4.69,32.81,10.77,20.31,4.84,17.19,9.66,32.81,11.7784357,2339,400,1063,35.5,12.375,0.0908262953,1.35625,1235,392.5,12.375,1.3489244,1.35625,1928,47,19.8,0.111406773,1.35625,4042,783,40.5,2.83469868,1.35625,3992,676.5,40,2.332205,1.3125,1774,466,17.7777786,1.60974312,1.3125,78.25001,1.55,1.55,99.80915
09/07/2026 14:50:04,7.81,6.56,20.31,12.5,8.2,4.76,18.75,6.25,6.25,25,14.52,14.06,12.08,25,13.0534172,2038,511,1397,262,14,0.599424839,1.35625,1397,753,14,2.452234,1.35625,1797,174,18,0.4043529,1.36875,1797,553.5,18,1.6285435,1.36875,4042,703,40.5,2.34013414,1.36875,1797,619,18,2.046383,1.36875,78.37501,1.55,1.55,99.80914
09/07/2026 14:50:06,18.75,10.94,0,0,17.46,9.52,1.56,22.22,10.94,7.81,4.69,6.25,9.18,22.22,11.7918339,2899,399,4042,586.5,40.5,1.99059379,1.33125,1673,40,18,0.08271832,1.33125,1797,546.5,18,1.85689485,1.33125,1797,500.5,18,1.82183135,1.33125,4042,460.5,40.5,1.59196985,1.33125,4042,260,40.5,0.855141461,1.33125,78.12501,1.55,1.55,99.8092
09/07/2026 14:50:08,4.69,3.12,14.06,46.88,7.81,3.17,1.56,0,9.52,18.75,7.81,17.46,11.24,46.88,11.550396,2408,396,1773,40.5,18,0.103421412,1.35625,1797,1162.5,18,4.12158251,1.35625,4042,132,40.5,0.422345042,1.35,3240,60,40.5,0.232056871,1.35,1797,502.5,18,1.79332948,1.35625,1797,479.5,18,1.63985312,1.35625,77.62501,1.55,1.55,99.80923
09/07/2026 14:50:10,15.62,14.06,3.12,7.81,0,0,7.69,0,12.31,26.15,26.56,3.08,9.7,26.56,11.6081743,2842,399,4042,617,40.5,2.04453468,1.33125,1797,290,18,0.98251766,1.33125,3980,51.5,40.5,0.138522685,1.3375,1397,143.5,14,0.454272449,1.3375,1797,642.5,18,2.36424756,1.3375,4042,649,40.5,2.28172159,1.3375,77.87501,1.55,1.55,99.8092
09/07/2026 14:50:12,0,1.56,20,18.75,18.75,9.38,14.06,3.17,0,9.38,10.94,0,8.83,20,11.53585,2517,392,1627,99,18,0.249309689,1.33125,1797,830,18,2.94660139,1.33125,4042,601,40.5,2.0616045,1.33125,1797,308.5,18,1.06733215,1.33125,4042,279,40.5,0.886447,1.3625,1797,232,18,0.8224769,1.35,78.12501,1.55,1.55,99.80917
09/07/2026 14:50:14,7.69,0,4.62,6.15,16.92,18.46,18.46,15.38,7.69,15.38,21.54,21.54,12.82,21.54,12.92189,2296,484,1098,175.5,11,0.5116922,1.33125,4042,233.5,40.5,0.6807262,1.325,1797,535,18,1.61803651,1.325,1397,726,14,2.576445,1.325,1397,471.5,14,1.5083946,1.325,4042,762,40.5,2.5142107,1.33125,77.75001,1.55,1.55,99.80924
09/07/2026 14:50:16,6.06,4.55,3.03,3.03,32.84,10.45,6.06,2.99,3.03,21.21,10.61,22.73,10.55,32.84,12.0347137,2545,413,4042,166.5,40.5,0.442552984,1.3625,1797,98.5,18,0.323928535,1.3625,1797,945.5,18,3.29562926,1.3625,4042,146,40.5,0.396834433,1.3625,1797,494,18,1.79452109,1.3625,1797,629.5,18,2.22103238,1.3625,77.75001,1.55,1.55,99.80924
09/07/2026 14:50:18,17.46,12.5,23.44,51.56,23.81,23.81,11.11,4.76,3.17,1.59,33.33,28.57,19.59,51.56,15.8394413,2171,663,1797,426.5,18,1.34304726,1.35625,4042,1169.5,40.5,3.587114,1.35625,1797,863,18,2.53310537,1.35625,1797,287,18,1.030744,1.35625,1797,109.5,18,0.17200473,1.35625,1797,1120,18,3.21319366,1.33125,79.375,1.55,1.55,99.80921
09/07/2026 14:50:20,4.62,3.08,3.08,10.77,1.54,6.15,3.08,32.31,3.08,38.46,7.69,7.69,10.13,38.46,12.1926537,2715,415,1131,118.5,12.375,0.313001573,1.33125,1235,302,12.375,0.991470456,1.33125,1797,127,18,0.4034304,1.35,4042,766,40.5,2.720865,1.35,4042,836,40.5,3.07174659,1.35,4042,340,40.5,1.09774661,1.35,79.875,1.55,1.55,99.80916
09/07/2026 14:50:22,0,0,4.62,13.85,3.03,0,13.85,26.56,6.15,12.31,0,22.73,8.59,26.56,11.9277172,1980,394,1047,28.5,14,0.07217433,1.34375,1397,439.5,14,1.48558331,1.34375,1797,91.5,18,0.294533283,1.35,1797,905.5,18,3.15799761,1.35,1797,341.5,18,1.18054366,1.3625,4042,557,40.5,1.975072,1.3625,79,1.55,1.55,99.8092
09/07/2026 14:50:24,3.12,3.12,7.81,12.5,21.88,3.12,18.75,7.81,6.25,46.88,4.69,18.75,12.89,46.88,12.456645,2249,408,898,36.5,12.375,0.09560615,1.35625,918,81,12.375,0.205479026,1.35625,1797,434.5,18,1.47486174,1.3625,4042,407.5,40.5,1.59004068,1.3625,4042,1014.5,40.5,3.70750785,1.36875,1797,473,18,1.64104331,1.36875,79.125,1.55,1.55,99.80914
09/07/2026 14:50:26,9.38,3.28,0,13.11,12.5,19.35,14.06,8.57,1.56,5.48,11.94,7.81,8.92,19.35,12.0770988,2545,423,4042,313.5,40.5,1.02750278,1.35625,1797,288,18,0.930291951,1.35625,1797,599,18,2.11005187,1.35625,4042,591.5,40.5,2.03517747,1.35625,1797,262,18,0.7656186,1.35625,1797,485.5,18,1.65724516,1.35625,78.62501,1.55,1.55,99.80921
09/07/2026 14:50:28,7.69,1.47,23.08,0,1.54,1.61,13.85,29.23,7.69,15.38,7.69,17.46,10.56,29.23,11.7861691,2332,394,1397,152,14,0.5100205,1.35625,1397,516.5,14,1.74924207,1.35625,1344,18,18,0.0453781858,1.35625,4017,855.5,40.25,3.09764719,1.36875,4042,463.5,40.5,1.62371278,1.325,1797,356,18,1.36331141,1.325,78.62501,1.55,1.55,99.8092041
09/07/2026 14:50:30,3.17,12.31,9.52,7.69,4.62,3.08,30.16,30.16,11.11,7.94,9.52,12.7,11.83,30.16,13.3464842,2104,502,1397,460.5,14,1.38906717,1.33125,1797,274,18,0.8250599,1.34375,1797,149,18,0.388420641,1.34375,1797,1187.5,18,4.09476137,1.34375,1797,452.5,18,1.37796533,1.34375,4042,489.5,40.5,1.58067775,1.34375,78.87501,1.55,1.55,99.80918
09/07/2026 14:50:32,4.69,0,9.38,21.54,0,0,32.81,10.45,3.12,10.94,9.38,6.25,9.05,32.81,11.80521,2487,402,4042,114.5,40.5,0.338072658,1.35,1797,665,18,2.254131,1.35,1445,24.5,18,0.050815735,1.35,1797,935.5,18,3.42938375,1.35,1797,304,18,1.08857608,1.34375,4042,368,40.5,1.18189633,1.3625,78.75001,1.55,1.55,99.80919
09/07/2026 14:50:34,1.56,6.25,7.81,6.25,14.06,4.69,4.69,0,7.81,18.75,6.06,34.38,9.36,34.38,11.5744524,2859,389,1436,167.5,18,0.5345524,1.33125,1797,277.5,18,0.923169,1.33125,4042,381.5,40.5,1.39831662,1.33125,4042,123.5,40.5,0.422593862,1.3375,1797,545,18,1.94409847,1.3375,4042,840,40.5,3.03985333,1.3375,78.12501,1.55,1.55,99.80918
09/07/2026 14:50:36,3.03,0,34.85,9.09,0,4.55,31.82,1.54,3.03,13.64,12.12,4.55,9.85,34.85,11.606472,2893,398,1797,90.5,18,0.288369834,1.33125,4042,823,40.5,2.87464046,1.33125,1638,116.5,18,0.382222921,1.33125,1797,669.5,18,2.34306669,1.3375,4042,371.5,40.5,1.19473076,1.35,4042,317.5,40.5,1.08208728,1.35,78.00001,1.55,1.55,99.80917
09/07/2026 14:50:38,18.75,10.94,1.56,10.77,10.77,10.77,7.81,0,7.81,28.12,1.56,0,9.07,28.12,11.6081285,2903,394,1397,615.5,14,2.124582,1.3125,2096,269.5,21,0.923426,1.3125,4042,417,40.5,1.46703351,1.31875,4042,237,40.5,0.710390568,1.31875,1797,712.5,18,2.552533,1.33125,4042,109.5,40.5,0.3305566,1.34375,77.50001,1.55,1.55,99.80918
09/07/2026 14:50:40,13.85,13.85,23.08,21.54,27.69,15.38,38.46,45.45,30.77,39.39,34.85,20,27.03,45.45,16.9576454,3294,812,1797,490.5,18,1.20630646,1.3625,1797,514.5,18,1.06302786,1.3625,4042,436.5,40.5,1.03552675,1.3625,4042,1347,40.5,4.15479946,1.3625,4042,1278.5,40.5,3.40847516,1.3625,4042,807.5,40.5,2.008037,1.3625,79.125,1.55,1.55,99.80919
09/07/2026 14:50:42,6.25,1.56,14.06,4.69,0,8.06,9.38,17.19,7.94,15.62,10.94,12.5,9.02,17.19,11.7906761,2853,403,1797,192,18,0.6464559,1.3375,4042,445.5,40.5,1.46751976,1.34375,1797,185.5,18,0.6380346,1.34375,1397,536.5,14,1.92293274,1.34375,4042,565,40.5,1.89857829,1.34375,4042,494,40.5,1.72496,1.34375,78.87501,1.55,1.55,99.80919
09/07/2026 14:50:44,0,3.17,9.52,0,12.9,13.85,20.63,0,7.94,23.81,3.17,6.25,8.44,23.81,11.833806,2086,377,1309,111,14,0.295996636,1.3625,1785,259,17.88889,0.8605483,1.36875,1785,574.5,17.88889,2.05580282,1.36875,1797,448.5,18,1.69405174,1.35,4042,630,40.5,2.38713741,1.35,1797,237.5,18,0.8350433,1.35,78.87501,1.55,1.55,99.8090744
09/07/2026 14:50:46,6.15,4.62,12.31,15.38,3.08,3.08,38.46,32.31,7.69,12.31,16.92,9.23,13.46,38.46,12.5856276,3846,444,3712,74,40,0.2377719,1.3125,4017,334.5,40.25,1.11731231,1.33125,3297,25.5,40.25,0.05644643,1.33125,4017,1335,40.25,4.859576,1.33125,4017,349.5,40.25,1.19968474,1.33125,4017,546,40.25,1.51524186,1.33125,79.125,1.55,1.55,99.8092041
09/07/2026 14:50:48,10.77,5.97,24.62,58.46,12.31,2.99,35.38,29.23,3.08,1.52,13.64,23.08,18.42,58.46,15.6578331,3660,680,4042,259,40.5,0.7003413,1.35625,4042,1354.5,40.5,3.78641415,1.35625,1797,208,18,0.611541748,1.35625,4042,1306,40.5,3.66117549,1.35625,4017,138,40.25,0.353938967,1.36875,4017,817.5,40.25,2.17066431,1.36875,79.625,1.55,1.55,99.80923
09/07/2026 14:50:50,14.06,7.69,12.5,10.94,6.06,0,39.06,3.12,1.56,15.15,14.06,9.38,11.13,39.06,12.4648609,3566,471,1235,371,12.375,1.11378145,1.34375,4042,562,40.5,1.85745156,1.35625,4042,110,40.5,0.2810847,1.35625,4042,789.5,40.5,2.75156927,1.36875,4017,504.5,40.25,1.53802717,1.36875,4017,486.5,40.25,1.34656012,1.36875,79.625,1.55,1.55,99.8092
09/07/2026 14:50:52,3.17,0,25.4,9.52,6.25,0,7.94,0,7.94,33.33,9.38,0,8.58,33.33,11.7344151,2345,384,1797,94,18,0.2941627,1.33125,4042,755.5,40.5,2.650878,1.3375,4042,187,40.5,0.5174894,1.3375,1397,168.5,14,0.6061795,1.3375,1397,849,14,3.17864633,1.33125,1397,248,14,0.8059176,1.33125,79.625,1.55,1.55,99.80918
09/07/2026 14:50:54,1.59,0,0,0,0,12.5,11.11,6.35,7.94,14.29,23.33,28.57,8.81,28.57,11.6660633,2281,380,1149,28.5,14,0.06949306,1.35,1258,22.5,14,0.05447008,1.35,1397,275.5,14,0.9929381,1.35,1797,376,18,1.30957139,1.35,4042,486.5,40.5,1.59869361,1.35625,4042,1089,40.5,3.883935,1.35,79.125,1.55,1.55,99.80916
09/07/2026 14:50:56,7.94,4.92,20.63,9.52,3.17,11.11,25.4,0,6.35,15.87,24.59,11.11,11.72,25.4,13.4817972,1971,530,1797,291,18,0.845695,1.33125,1797,643,18,2.16443753,1.33125,4042,404,40.5,1.19095206,1.35,1397,604,14,2.04228067,1.34375,1397,430,14,1.33471191,1.34375,1397,806,14,2.3441,1.34375,78.75001,1.55,1.55,99.8092
09/07/2026 14:50:58,14.06,9.38,21.88,15.62,15.62,34.38,23.44,37.5,15.62,18.75,28.12,23.44,21.48,37.5,14.45954,2529,635,1785,300.5,17.88889,0.656351566,1.34375,4017,540.5,40.25,1.40528691,1.325,1785,772.5,17.88889,2.30210161,1.325,1785,946.5,17.88889,2.83418131,1.325,4017,348.5,40.25,0.768085,1.325,1785,900,17.88889,2.58719444,1.325,78.12501,1.55,1.55,99.80919
09/07/2026 14:51:00,3.17,3.17,16.92,12.12,1.56,0,61.9,6.35,7.94,6.35,6.35,1.56,10.62,61.9,11.908824,2507,406,1565,30.5,18,0.1837801,1.35625,1797,660,18,2.258647,1.35625,4042,51,40.5,0.145047009,1.35625,4042,1327.5,40.5,4.721487,1.35625,1797,190,18,0.6324882,1.35625,1797,175,18,0.5380577,1.35625,78.25001,1.55,1.55,99.80917
09/07/2026 14:51:02,10.94,1.56,9.38,51.56,1.56,0,7.94,0,2.99,14.29,0,10.94,9.26,51.56,11.576458,2319,402,4042,238.5,40.5,0.7413895,1.3375,4042,1357,40.5,4.613959,1.3375,1639,28,18,0.0801933855,1.3375,1397,150,14,0.506591141,1.3375,1397,364,14,1.20798123,1.3375,1397,272,14,0.9185249,1.3375,77.62501,1.55,1.55,99.80919
09/07/2026 14:51:04,4.69,1.56,12.5,20.31,1.56,21.88,1.56,3.28,4.69,31.25,18.75,0,10.17,31.25,11.9248409,2259,392,1257,129,14,0.335254878,1.3625,1397,594.5,14,2.103912,1.3625,1397,410,14,1.45456636,1.3625,1518,45,18,0.244888216,1.3625,3992,815.5,40,2.9704845,1.35,3992,355.5,40,1.280714,1.35,77.87501,1.55,1.55,99.80922
09/07/2026 14:51:06,9.38,3.12,25,29.69,1.54,2.94,14.06,7.81,7.69,12.5,21.88,1.54,11.43,29.69,12.9104567,2545,491,4042,283.5,40.5,0.7994126,1.35,1797,1145.5,18,3.999492,1.35,1797,101.5,18,0.240263224,1.35,1797,465.5,18,1.40434861,1.35,1797,501.5,18,1.65126932,1.35,4042,451,40.5,1.48713517,1.35,78.37501,1.55,1.55,99.8092346
09/07/2026 14:51:08,3.08,3.12,3.12,1.64,12.31,20.59,15.38,40.58,10.77,13.85,12.31,10.94,12.31,40.58,11.5708055,2455,392,1797,62,18,0.184069529,1.33125,1257,19,18,0.0467150733,1.33125,4042,580,40.5,2.061424,1.33125,1797,1059,18,3.80237961,1.33125,4042,450.5,40.5,1.49986207,1.34375,1797,179.5,18,0.6817093,1.34375,78.12501,1.55,1.55,99.80916
09/07/2026 14:51:10,1.59,4.76,6.35,28.57,0,0,6.35,7.46,7.94,18.18,12.7,14.29,9.02,28.57,11.5897446,2030,381,1797,149,18,0.460525155,1.35625,1235,774,12.375,2.5605123,1.35625,1526,14.5,19.8,0.0336956047,1.35625,4042,295.5,40.5,0.941599846,1.35625,1797,563.5,18,2.08666754,1.33125,1785,490.5,17.88889,1.7698679,1.33125,78.00001,1.55,1.55,99.80921
09/07/2026 14:51:12,9.23,26.15,3.08,16.92,9.23,1.54,9.23,7.69,16.92,33.85,15.38,16.92,13.85,33.85,11.7674665,2171,401,1797,595.5,18,1.9510895,1.36875,1797,345.5,18,1.21656466,1.33125,1797,189,18,0.562603831,1.33125,1797,133,18,0.383421779,1.33125,1797,671,18,2.37799072,1.33125,4042,470,40.5,1.73740947,1.33125,78.25001,1.55,1.55,99.80924
09/07/2026 14:51:14,6.25,3.08,1.59,3.17,6.25,23.08,4.69,20.63,3.12,26.87,18.75,10.94,10.7,26.87,12.7398224,2345,460,1397,149,14,0.330493122,1.3375,1397,78,14,0.29063344,1.3375,1397,571.5,14,1.8221271,1.3375,1797,648,18,2.20940971,1.3375,4042,652,40.5,2.32383037,1.3375,4042,660,40.5,2.15354133,1.3375,77.87501,1.55,1.55,99.8092041
09/07/2026 14:51:16,6.15,1.54,18.46,13.85,15.38,10.77,9.09,5.8,23.08,27.27,21.21,16.92,14.13,27.27,14.0443087,3294,568,1797,218,18,0.576064348,1.3375,4042,642.5,40.5,1.74764228,1.35,1797,581,18,1.87452555,1.35,4042,291,40.5,0.783090234,1.35,4042,947,40.5,3.19020343,1.35,4042,728.5,40.5,2.32191372,1.35,78.00001,1.55,1.55,99.80921
09/07/2026 14:51:18,4.69,4.69,29.69,59.38,25,21.88,31.25,21.88,15.62,15.62,1.56,0,19.27,59.38,16.31422,2920,681,1797,111,18,0.260500282,1.35625,4042,1546,40.5,4.62609053,1.35625,1797,739.5,18,2.32808113,1.35625,1797,1057,18,3.12767124,1.35625,4042,578,40.5,1.70383739,1.35625,4042,52,40.5,0.1314211,1.36875,79.125,1.55,1.55,99.80917
09/07/2026 14:51:20,6.25,0,9.38,0,6.25,0,34.38,37.5,10.94,12.5,1.56,7.81,10.55,37.5,12.1073246,2920,392,4042,84.5,40.5,0.2853108,1.33125,4042,172.5,40.5,0.422332227,1.3375,1797,144.5,18,0.446776539,1.33125,1797,1446.5,18,5.403455,1.33125,1797,343,18,1.28252113,1.33125,4042,158.5,40.5,0.549177,1.33125,79.5,1.55,1.55,99.80923
09/07/2026 14:51:22,4.76,1.56,3.12,0,23.44,15.62,7.94,31.67,1.59,12.7,9.52,0,9.33,31.67,11.9459772,1971,392,1797,118,18,0.352271318,1.3375,1797,60,18,0.184355721,1.3375,4042,875,40.5,3.08275,1.3375,1397,749,14,2.86460948,1.3375,1397,325.5,14,1.12085152,1.3375,1397,225.5,14,0.782727659,1.3375,79.125,1.55,1.55,99.8092346
09/07/2026 14:51:24,0,14.29,1.59,0,0,0,19.05,9.52,0,11.11,46.03,17.46,9.92,46.03,12.5049028,2302,453,1357,328,14,1.15401578,1.3375,1397,69.5,14,0.163634971,1.3375,1177,23,14,0.0490075834,1.35,4042,541,40.5,1.74340189,1.35,1797,330,18,1.090247,1.35,4042,1428,40.5,4.946279,1.34375,78.87501,1.55,1.55,99.80921
09/07/2026 14:51:26,6.15,1.54,15.38,9.23,0,0,30.77,4.62,3.08,10.77,23.08,13.85,9.87,30.77,12.3573856,3600,444,3637,159,40.5,0.420116425,1.3375,4042,514,40.5,1.76629543,1.3375,4042,54,40.5,0.119881257,1.33125,4042,660.5,40.5,2.30508184,1.3375,1797,328,18,1.05507827,1.34375,4042,947.5,40.5,3.08744,1.35,78.75001,1.55,1.55,99.80925
09/07/2026 14:51:28,7.81,13.85,1.56,1.56,3.12,7.69,3.12,0,12.5,25,4.69,46.88,10.65,46.88,11.78425,2296,388,1397,311.5,14,1.05956173,1.33125,1259,31.5,14,0.07361305,1.33125,1397,162.5,14,0.5495296,1.33125,1639,38.5,18,0.0901572,1.33125,4042,708.5,40.5,2.4076,1.34375,4042,1076.5,40.5,3.836862,1.34375,78.87501,1.55,1.55,99.8092346
09/07/2026 14:51:30,1.56,4.69,29.69,1.54,4.69,0,9.38,10.94,9.38,26.56,20.31,15.62,11.2,29.69,12.6714277,2899,457,1672,84.5,18,0.199824929,1.3375,1797,649.5,18,2.17281866,1.3375,4042,196.5,40.5,0.506786644,1.34375,1797,383,18,1.126447,1.34375,4042,700,40.5,2.501375,1.34375,4042,726.5,40.5,2.45957851,1.34375,78.62501,1.55,1.55,99.80919
09/07/2026 14:51:32,10.77,3.08,20,7.69,7.81,6.25,50.77,16.92,24.62,15.38,6.25,3.08,14.39,50.77,13.3368731,1971,504,1397,246,14,0.749292731,1.3375,1397,479.5,14,1.59019244,1.3375,1397,256.5,14,0.6607664,1.3375,4042,1387,40.5,4.76014042,1.35,1797,504.5,18,1.58758426,1.35,1797,152.5,18,0.395196885,1.35,79.125,1.55,1.55,99.8092041
09/07/2026 14:51:34,3.12,1.56,14.06,10.94,20.31,1.56,15.62,3.12,0,23.44,9.38,4.69,8.98,23.44,11.9809761,2545,394,4042,130.5,40.5,0.3340372,1.3375,1797,540.5,18,1.86308563,1.34375,1797,430.5,18,1.52410781,1.34375,1797,359.5,18,1.30882168,1.3375,4042,537,40.5,1.97554314,1.3375,1797,365.5,18,1.202866,1.3375,78.62501,1.55,1.55,99.80922
09/07/2026 14:51:36,7.69,13.64,1.54,0,7.69,21.54,10.77,4.62,15.38,21.54,27.69,0,11.01,27.69,11.5196409,2661,388,1397,383,14,1.29631,1.33125,1045,19,14,0.04629408,1.33125,1397,482,14,1.71590972,1.33125,4042,268.5,40.5,0.9499331,1.34375,4042,594.5,40.5,2.05432653,1.325,4042,578.5,40.5,2.02852154,1.31875,78.12501,1.55,1.55,99.80921
09/07/2026 14:51:38,15.38,12.31,4.62,3.12,0,1.56,52.31,19.7,6.15,21.88,16.92,1.54,12.96,52.31,11.970932,1984,397,1397,178,14,0.5560151,1.35,1377,25,18,0.0614882931,1.35625,1493,21.5,18,0.0556668341,1.35625,1797,1208,18,4.48876429,1.30625,1797,592.5,18,2.17265868,1.30625,4042,356,40.5,1.10665929,1.30625,78.25001,1.55,1.55,99.80915
09/07/2026 14:51:40,9.38,4.69,15.62,14.06,1.56,7.81,3.12,29.69,1.56,18.75,20.31,7.81,11.2,29.69,12.447628,2068,450,1797,262,18,0.6980012,1.3375,4042,565,40.5,1.89720035,1.3375,1797,225.5,18,0.5954528,1.33125,1976,688.5,19.8,2.40696025,1.33125,1397,395.5,14,1.34589756,1.33125,1397,563.5,14,1.78519189,1.33125,78.12501,1.55,1.55,99.80917
09/07/2026 14:51:42,23.81,11.11,1.59,1.59,7.94,7.81,4.76,9.38,3.17,34.92,23.81,6.35,11.35,34.92,13.3320484,2853,496,1397,705,14,2.40242934,1.34375,1797,111,18,0.272203356,1.35625,4042,217,40.5,0.603438,1.35625,4042,362.5,40.5,1.20969808,1.35625,1797,761.5,18,2.67313266,1.35625,4042,819.5,40.5,2.480522,1.35625,78.37501,1.55,1.55,99.80919
09/07/2026 14:51:44,0,0,0,0,3.08,1.54,29.23,47.69,7.69,4.62,6.15,6.15,8.85,47.69,11.6709137,3276,386,2968,29.5,40.5,0.07254323,1.3625,2762,25.5,40.5,0.05754516,1.3625,1797,84.5,18,0.394749343,1.3625,4042,1662,40.5,5.968078,1.3625,4042,259.5,40.5,0.885700345,1.34375,4042,252.5,40.5,0.8766359,1.35625,78.37501,1.55,1.55,99.80919
09/07/2026 14:51:46,18.46,15.38,13.85,12.31,7.69,4.62,27.69,12.31,15.38,16.92,18.46,36.92,16.67,36.92,13.3404245,3239,483,4042,366,40.5,1.13297927,1.3375,1797,407.5,18,1.30444312,1.3375,3714,127,40.5,0.3991948,1.3375,4042,778.5,40.5,2.4735074,1.3375,1797,424,18,1.38417542,1.35625,4042,793.5,40.5,2.8189404,1.35625,78.87501,1.55,1.55,99.809166
09/07/2026 14:51:48,18.75,9.38,40.62,73.44,32.81,25,9.38,3.12,3.12,4.69,4.69,3.12,19.01,73.44,15.8902864,2453,658,1797,463,18,1.41462409,1.3375,4042,2392.5,40.5,6.92116833,1.3625,1791,655,18,2.377653,1.3625,4042,232.5,40.5,0.5926356,1.35,1374,116,18,0.3322017,1.35,1672,90,18,0.281873584,1.35,79.375,1.55,1.55,99.80919
09/07/2026 14:51:50,16.92,3.03,1.54,7.69,1.54,2.99,33.85,63.08,12.31,16.92,4.48,4.62,14.08,63.08,12.3747425,2548,423,4042,272.5,40.5,0.826645434,1.35625,1797,100,18,0.28304857,1.35625,1632,46.5,18,0.09909692,1.35625,1976,1853,19.8,6.75441551,1.35625,1797,178,18,0.482689053,1.35,4042,88.5,40.5,0.1865173,1.35,79,1.55,1.55,99.80921
09/07/2026 14:51:52,28.12,20.63,15.62,15.87,3.12,1.56,9.38,6.25,15.62,17.19,17.19,29.69,15.02,29.69,12.9954071,2345,498,1397,808.5,14,2.76244235,1.325,1397,537,14,1.70326686,1.325,1397,151,14,0.380084485,1.33125,1797,244.5,18,0.850299,1.33125,4042,370,40.5,1.020864,1.33125,4042,877,40.5,2.87067246,1.3375,78.62501,1.55,1.55,99.80914
09/07/2026 14:51:54,1.54,3.12,0,0,6.15,1.54,21.54,24.62,7.69,23.08,23.08,15.38,10.65,24.62,11.6815634,2217,389,994,25,14,0.0619654022,1.3375,1069,20.5,14,0.0469210371,1.3375,1397,110,14,0.40274772,1.3375,4042,836.5,40.5,3.036117,1.34375,4017,611.5,40.25,2.15396881,1.36875,1785,728,17.88889,2.6213727,1.36875,78.62501,1.55,1.55,99.80917
09/07/2026 14:51:56,0,0,6.35,0,0,0,17.19,17.19,3.12,6.25,12.5,43.75,8.86,43.75,11.556879,2228,386,1029,26,14,0.0657852963,1.35,1397,149.5,14,0.499405861,1.35,1058,22.5,14,0.0507772043,1.35,1797,686.5,18,2.48502946,1.35,4042,193,40.5,0.807504058,1.35,4042,1238,40.5,4.26136541,1.35625,78.87501,1.55,1.55,99.80918
09/07/2026 14:51:58,1.56,0,3.12,52.38,4.69,6.25,7.81,3.17,23.44,23.44,4.69,7.81,11.53,52.38,12.7886324,2479,465,4042,111,40.5,0.2716951,1.31875,1797,1157.5,18,3.98031282,1.31875,4042,196,40.5,0.409398,1.31875,1397,115,14,0.300096035,1.3375,1797,939.5,18,3.33085418,1.34375,1797,271,18,0.7822602,1.34375,79.25,1.55,1.55,99.8092041
09/07/2026 14:52:00,0,1.61,35.48,3.17,1.59,1.61,9.38,17.19,3.12,3.12,31.25,23.44,10.91,35.48,11.7471037,1927,412,1247,58.5,14,0.137488484,1.34375,1397,722.5,14,2.54629445,1.34375,1354,31,14,0.0633050352,1.34375,4017,560,40.25,1.78958559,1.34375,1748,66.5,18,0.18660073,1.34375,1797,1032.5,18,3.45807314,1.34375,79,1.55,1.55,99.809166
09/07/2026 14:52:02,1.56,0,0,0,0,0,12.5,71.88,4.69,11.29,0,3.12,8.75,71.88,11.9627228,3103,395,3111,47,40.5,0.117759481,1.35625,1586,27.5,18,0.06645466,1.35625,4042,53.5,40.5,0.172585443,1.35,4042,1804.5,40.5,6.509406,1.35,4042,351.5,40.5,1.28315234,1.3625,1797,88.5,18,0.333405077,1.3625,79,1.55,1.55,99.80914
09/07/2026 14:52:04,3.17,11.11,0,0,6.35,9.52,1.56,0,4.69,35.38,1.61,28.57,8.5,35.38,11.7760077,1867,394,1397,318,14,1.12430573,1.3625,1065,23,14,0.05314155,1.36875,1397,420,14,1.3690958,1.36875,1541,37.5,18,0.0950671,1.36875,4017,941,40.25,3.36464977,1.3125,1785,621.5,17.88889,2.2837503,1.3125,79,1.55,1.55,99.80918
09/07/2026 14:52:06,19.05,19.05,3.23,1.59,0,0,11.11,1.64,1.59,19.05,4.76,26.98,9,26.98,11.3391113,2270,385,1235,797,12.375,2.843161,1.35625,1504,26.5,19.8,0.0532897,1.35625,1003,22,12.375,0.04272891,1.35625,1797,288.5,18,1.03693926,1.35625,4042,469,40.5,1.645809,1.375,4042,704.5,40.5,2.43367577,1.29375,78.50001,1.55,1.55,99.80918
09/07/2026 14:52:08,10.77,19.05,30.16,7.69,4.76,3.12,15.38,9.23,21.54,15.62,18.18,20,14.63,30.16,13.0426407,2545,491,4042,425.5,40.5,1.38225877,1.3625,1797,619.5,18,2.08404541,1.35625,1797,125,18,0.31101653,1.35625,4042,420,40.5,1.20545924,1.35625,1797,700,18,2.32839251,1.375,1797,654,18,2.041238,1.375,78.62501,1.55,1.55,99.8092041
09/07/2026 14:52:10,3.17,3.28,3.28,4.92,11.48,4.92,19.05,0,0,26.98,6.35,25.4,9.07,26.98,11.9141541,2014,395,1235,108,12.375,0.294571638,1.35,1235,185,12.375,0.642564356,1.35,1976,352.5,19.8,1.11887622,1.35,1797,398,18,1.43077731,1.35,1797,575.5,18,2.172912,1.35,4042,752.5,40.5,2.61946487,1.3375,78.87501,1.55,1.55,99.80919
09/07/2026 14:52:12,9.23,4.48,1.54,18.18,1.49,1.49,15.38,12.31,12.31,32.81,4.62,3.08,9.74,32.81,11.8635006,3646,402,4042,325.5,40.5,1.098658,1.35625,1797,403.5,18,1.39333272,1.35625,3911,43.5,40.5,0.09689362,1.35625,4042,650,40.5,2.23682666,1.3625,4042,876.5,40.5,3.179992,1.3625,4042,113,40.5,0.414492756,1.3625,78.62501,1.55,1.55,99.80924
09/07/2026 14:52:14,3.12,0,0,1.56,6.15,30.16,4.69,21.88,0,14.06,3.12,26.56,9.28,30.16,11.7680483,2293,393,1397,60,14,0.131624147,1.33125,1082,24.5,14,0.07013504,1.33125,1397,727.5,14,2.51690269,1.33125,1797,602,18,2.12601566,1.33125,4042,301.5,40.5,1.0958209,1.33125,4042,644.5,40.5,2.22993255,1.35,78.75001,1.55,1.55,99.80914
09/07/2026 14:52:16,3.17,25.4,0,4.76,17.46,19.05,30.16,4.76,3.17,20,4.76,11.11,11.98,30.16,12.8239546,3113,469,1397,566.5,14,1.9072814,1.34375,1113,69.5,14,0.228114963,1.34375,4042,717.5,40.5,1.91061091,1.3625,4042,675,40.5,2.40387154,1.3625,4042,470,40.5,1.65312862,1.3625,4042,315,40.5,1.059309,1.36875,78.62501,1.55,1.55,99.80915
09/07/2026 14:52:18,4.69,6.15,28.12,39.06,15.62,10.94,39.06,40.62,20.31,17.19,10.94,9.38,20.17,40.62,17.5971737,2920,811,1797,356.5,18,0.967331052,1.3625,1797,1127,18,3.37656045,1.3625,4042,415,40.5,1.20010638,1.3625,4042,1750,40.5,4.682959,1.3625,1797,712.5,18,1.896297,1.325,4042,506.5,40.5,1.37674665,1.31875,80,1.55,1.55,99.80918
09/07/2026 14:52:20,1.56,1.56,3.17,3.12,7.81,0,12.5,32.31,1.56,14.06,15.38,23.08,9.68,32.31,11.87061,1892,396,1021,46,14,0.114332542,1.35625,1397,111.5,14,0.330403477,1.35625,1397,175,14,0.621508956,1.35625,3992,949.5,40,3.30825853,1.3625,1774,343.5,17.7777786,1.18761265,1.3625,1774,750.5,17.7777786,2.67368245,1.3625,79.75,1.55,1.55,99.8091354
09/07/2026 14:52:22,9.38,17.46,9.38,4.69,0,3.23,31.25,17.19,3.12,9.38,7.81,3.12,9.67,31.25,11.7914934,2720,401,1397,525.5,14,1.84982669,1.325,1397,302.5,14,1.02924275,1.325,1397,87.5,14,0.286884874,1.325,4042,1054.5,40.5,3.76385021,1.3375,4042,178,40.5,0.488595545,1.3375,4042,256.5,40.5,0.7431601,1.3375,79.25,1.55,1.55,99.8092041
09/07/2026 14:52:24,0,0,6.06,0,4.62,0,47.69,4.62,4.62,15.38,21.54,15.38,9.99,47.69,11.8781281,2764,397,3107,28.5,40.5,0.0698693842,1.35,1797,155,18,0.5419953,1.38125,4042,167.5,40.5,0.5584266,1.325,4042,1002.5,40.5,3.75536346,1.325,1797,377,18,1.28273654,1.325,1797,653,18,2.22243476,1.325,78.87501,1.55,1.55,99.80921
09/07/2026 14:52:26,3.12,1.56,7.94,1.61,4.69,1.61,15.62,42.19,7.81,28.12,10.94,14.06,11.61,42.19,12.56702,2381,449,1386,156.5,14,0.440218121,1.35625,1141,55,12.375,0.117102839,1.35625,1976,188.5,19.8,0.566998541,1.35625,1797,1060.5,18,3.640642,1.35625,3992,669.5,40,2.30878925,1.34375,3992,563,40,1.85938561,1.34375,79.25,1.55,1.55,99.80917
09/07/2026 14:52:28,18.75,15.62,0,3.12,0,4.69,6.25,14.06,6.25,14.06,31.25,25,11.59,31.25,12.0048847,2863,418,1797,539,18,1.814276,1.35,3961,55,40.5,0.128810868,1.375,1588,28.5,18,0.06440171,1.3625,4042,352,40.5,1.193601,1.3625,1797,471,18,1.66661561,1.375,3992,1060.5,40,3.5705657,1.3625,79,1.55,1.55,99.8092346
09/07/2026 14:52:30,1.56,4.69,0,0,28.12,21.88,6.25,0,0,12.5,9.38,26.56,9.24,28.12,11.742856,3514,417,1610,140.5,18,0.4333516,1.325,3305,31,40.5,0.06930456,1.325,4042,1052.5,40.5,3.67905426,1.34375,4042,152,40.5,0.314088255,1.34375,4042,268.5,40.5,0.9135827,1.34375,4042,856.5,40.5,2.72965741,1.35625,78.37501,1.55,1.55,99.8092041
09/07/2026 14:52:32,3.12,6.25,31.25,0,4.84,11.29,7.81,11.11,10.94,6.25,1.56,21.88,9.69,31.25,11.9294844,3271,425,3907,178,40.5,0.5799094,1.3375,1797,666.5,18,2.38684344,1.3375,1797,294,18,0.9692984,1.3375,4042,438.5,40.5,1.52883947,1.3375,4042,376.5,40.5,1.20851755,1.3375,4042,595,40.5,1.91563249,1.35625,77.87501,1.55,1.55,99.80914
09/07/2026 14:52:34,10.94,6.25,38.71,22.58,3.12,18.75,21.88,4.84,11.11,9.68,6.25,6.25,13.36,38.71,13.9662714,2545,559,1797,246.5,18,0.76951015,1.325,1797,1249.5,18,4.173986,1.33125,4042,471.5,40.5,1.40600288,1.33125,1797,579,18,1.76593363,1.33125,1797,479.5,18,1.32123768,1.33125,4042,328.5,40.5,0.8396011,1.33125,77.75001,1.55,1.55,99.8092041
09/07/2026 14:52:36,18.18,0,7.58,14.49,11.59,5.88,22.73,13.64,0,13.64,3.03,13.64,10.37,22.73,11.6489391,2920,391,1797,325,18,1.0472014,1.35,1797,402.5,18,1.42952037,1.35,4042,315,40.5,1.11300755,1.35,4042,691,40.5,2.54438186,1.35,4042,301,40.5,1.05420518,1.33125,1797,312,18,1.00522017,1.33125,77.75001,1.55,1.55,99.80917
09/07/2026 14:52:38,12.31,3.08,35.38,18.46,13.85,9.38,16.92,4.48,0,26.15,10.77,13.85,13.72,35.38,13.106391,2334,493,1397,303,14,0.854954,1.31875,932,904,9.333333,2.93761921,1.31875,1797,383.5,18,1.07827866,1.33125,1797,487.5,18,1.60374022,1.33125,4042,605.5,40.5,2.08156967,1.33125,4042,273,40.5,0.809777141,1.34375,77.37501,1.55,1.55,99.80917
09/07/2026 14:52:40,1.56,0,28.12,21.88,1.64,1.61,6.25,22.58,0,12.5,7.81,7.81,9.31,28.12,11.6476927,2466,404,1417,32.5,18,0.08077866,1.3375,4042,1088,40.5,3.49218249,1.35,1700,57,18,0.155753508,1.35,1797,601.5,18,2.122839,1.34375,1797,293.5,18,1.03485394,1.34375,4042,353,40.5,1.21421516,1.34375,77.75001,1.55,1.55,99.80916
09/07/2026 14:52:42,1.59,1.61,3.17,4.76,1.59,0,17.46,28.57,19.05,22.22,0,15.87,9.66,28.57,12.142333,2390,410,1390,37.5,18,0.08937882,1.36875,1797,186,18,0.677303135,1.36875,3610,33.5,40.5,0.07459544,1.36875,3992,1014.5,40,3.61044145,1.375,1774,809.5,17.7777786,2.81297374,1.35625,1774,376,17.7777786,1.27469611,1.35625,78.12501,1.55,1.55,99.80918
09/07/2026 14:52:44,7.81,0,17.91,22.39,3.12,3.12,43.75,4.48,3.12,17.19,11.94,3.12,11.5,43.75,13.2042923,2358,488,1235,142,12.375,0.3787459,1.35,1235,772.5,12.375,2.62234259,1.35,4042,199,40.5,0.51019454,1.35625,4042,990,40.5,3.33527517,1.35625,1797,547,18,1.73974168,1.34375,1797,279,18,0.8252756,1.34375,78.50001,1.55,1.55,99.80917
09/07/2026 14:52:46,3.12,1.56,20.31,21.88,22.06,1.47,25,13.43,1.47,34.38,4.41,1.56,12.55,34.38,13.3694487,2901,502,1797,57,18,0.137986213,1.34375,4042,893,40.5,2.527204,1.34375,4042,501.5,40.5,1.604277,1.34375,1797,750.5,18,2.37928319,1.35,1797,717.5,18,2.619538,1.35,3933,92.5,40.5,0.271046132,1.35,78.62501,1.55,1.55,99.80919
09/07/2026 14:52:48,9.38,6.25,22.22,53.12,32.81,12.5,9.38,3.12,6.25,6.25,21.88,39.06,18.52,53.12,16.1204929,2920,662,1797,296,18,0.871387064,1.34375,1797,1371.5,18,4.176734,1.34375,4042,637,40.5,2.14353251,1.34375,1797,206,18,0.605542541,1.34375,4042,235.5,40.5,0.629816,1.34375,4042,1224.5,40.5,3.77946186,1.3625,79,1.55,1.55,99.80925
09/07/2026 14:52:50,0,0,3.12,0,24.59,29.69,1.56,35.38,9.38,12.5,6.25,6.25,10.73,35.38,12.0311842,2370,425,1152,50.5,12.375,0.124142565,1.33125,1211,39.5,12.375,0.08750177,1.33125,1976,1054,19.8,3.65134859,1.33125,4042,788.5,40.5,2.917899,1.3375,1797,305.5,18,0.94457,1.3375,4042,314,40.5,0.922713161,1.35625,79,1.55,1.55,99.80918
09/07/2026 14:52:52,6.25,9.38,28.57,12.9,0,0,39.06,1.47,1.56,7.58,7.81,1.56,9.68,39.06,11.760252,1943,396,1397,303.5,14,0.9966573,1.3375,1397,789,14,2.68761945,1.3375,1229,22.5,14,0.04817062,1.3375,1797,868,18,3.14569354,1.3375,1797,194,18,0.7004472,1.34375,4042,196,40.5,0.552107751,1.34375,78.75001,1.55,1.55,99.80917
09/07/2026 14:52:54,18.18,4.55,21.21,7.58,21.54,12.12,7.58,3.03,7.58,22.73,9.23,18.18,12.79,22.73,12.7540874,2545,486,1797,408,18,1.23438525,1.3375,4042,552,40.5,1.8112762,1.3375,1797,638.5,18,2.175444,1.3375,1797,141,18,0.36633113,1.3375,4042,655.5,40.5,2.0906322,1.3375,1797,519.5,18,1.70455384,1.3375,78.00001,1.55,1.55,99.80917
09/07/2026 14:52:56,4.62,3.12,15.38,10.61,3.12,4.69,6.06,18.18,13.85,21.54,25,46.15,14.36,46.15,13.3549318,1998,520,1397,123.5,14,0.339281172,1.35625,1235,382.5,12.375,1.15928257,1.35625,1976,122,19.8,0.373204619,1.35625,1718,438.5,18,1.48724985,1.35625,3918,692.5,39.25,2.054502,1.29375,1741,1359,17.4444447,4.042408,1.29375,78.62501,1.55,1.55,99.80915
09/07/2026 14:52:58,1.56,1.61,6.45,11.48,1.56,0,9.38,0,6.25,12.9,29.69,23.44,8.69,29.69,11.7656145,2482,382,1419,62,18,0.1818223,1.31875,1797,375,18,1.33063912,1.31875,4042,82.5,40.5,0.15683049,1.31875,4042,248.5,40.5,0.887091935,1.34375,1797,421.5,18,1.46205437,1.34375,1797,1099.5,18,3.97416258,1.34375,78.37501,1.55,1.55,99.80921
09/07/2026 14:53:00,7.94,3.17,19.05,15.87,9.52,22.22,7.94,1.59,9.52,15.87,6.35,12.7,10.98,22.22,12.8857431,2545,488,1797,308.5,18,0.9119618,1.33125,1797,818,18,2.62840986,1.33125,4042,687.5,40.5,2.023196,1.34375,1797,121,18,0.330399334,1.34375,1797,589.5,18,2.09817648,1.34375,4042,404,40.5,1.25755131,1.34375,78.25001,1.55,1.55,99.8092041
09/07/2026 14:53:02,6.35,1.59,0,4.76,0,0,22.22,12.7,12.7,25.81,20.63,4.76,9.29,25.81,11.8263645,2730,387,1235,217,12.375,0.662877,1.34375,1162,132,12.375,0.4271587,1.34375,1854,29.5,19.8,0.07601711,1.34375,4042,717.5,40.5,2.60656071,1.34375,4042,688.5,40.5,2.46303439,1.35625,4042,537,40.5,1.8840996,1.35625,78.50001,1.55,1.55,99.80921
09/07/2026 14:53:04,1.56,1.56,6.25,3.12,7.81,3.17,12.5,43.75,3.17,33.33,4.84,15.62,11.39,43.75,11.776576,2479,385,1399,35.5,18,0.08658719,1.33125,4042,241,40.5,0.774783254,1.3375,1797,125,18,0.415059537,1.3375,4042,919,40.5,3.16549945,1.3125,1797,646,18,2.50794315,1.3125,1797,344.5,18,1.21892178,1.3125,78.87501,1.55,1.55,99.8092346
09/07/2026 14:53:06,6.35,3.28,0,0,0,0,3.17,27.87,4.76,15.87,36.51,7.94,8.81,36.51,11.4355307,2211,385,1397,196,14,0.6654205,1.33125,985,19.5,14,0.046640683,1.33125,1005,14.5,14,0.03203122,1.33125,1797,591,18,2.09603882,1.33125,4042,483.5,40.5,1.68276227,1.33125,4042,1004,40.5,3.46879864,1.34375,78.25001,1.55,1.55,99.80918
09/07/2026 14:53:08,7.81,6.25,3.12,0,1.56,10.94,25,48.39,6.25,13.64,0,0,10.25,48.39,11.7414017,1903,395,1397,182,14,0.624157846,1.35625,1015,22,14,0.05374374,1.35625,1397,255,14,0.850043535,1.35625,1797,1396,18,5.051268,1.35625,4017,472,40.25,1.606613,1.35,1797,43.5,18,0.126712158,1.375,78.00001,1.55,1.55,99.80917
09/07/2026 14:53:10,7.94,19.05,6.35,7.94,7.94,1.59,7.94,47.62,4.76,14.29,6.35,20.63,12.7,47.62,13.1889277,2826,516,1235,494,12.375,1.62040615,1.325,1797,215,18,0.562577665,1.3375,1797,173,18,0.478581071,1.3375,4042,1182,40.5,3.99744248,1.3375,4042,386,40.5,1.28216255,1.3375,4042,646.5,40.5,1.97808683,1.35,78.50001,1.55,1.55,99.80914
09/07/2026 14:53:12,1.56,9.38,0,0,0,17.19,28.12,11.29,7.81,7.81,3.12,21.88,9.01,28.12,12.137989,2773,407,3644,251,40.5,0.7195807,1.31875,1317,20,18,0.049844306,1.33125,1797,390,18,1.36101,1.33125,1797,795,18,2.99938464,1.33125,4042,427.5,40.5,1.46830618,1.35625,4042,560,40.5,1.98780811,1.35625,78.25001,1.55,1.55,99.8092041
09/07/2026 14:53:14,1.59,3.23,23.44,1.59,22.22,4.76,6.35,9.68,4.76,23.81,1.59,1.59,8.72,23.81,11.5965548,2751,381,1188,147,14,0.420812637,1.35,1397,504,14,1.77625191,1.35,4042,596,40.5,2.1249752,1.3625,1797,364.5,18,1.35966229,1.3625,4042,618.5,40.5,2.24748182,1.3625,4042,56.5,40.5,0.288977563,1.3625,77.87501,1.55,1.55,99.809166
09/07/2026 14:53:16,6.25,6.15,9.09,15.38,1.56,6.35,23.44,46.88,18.75,20.31,3.03,15.62,14.4,46.88,13.7347689,2032,507,1816,184.5,19.8,0.5056089,1.3625,1235,388.5,12.375,1.3248235,1.3625,1555,99.5,18,0.353801727,1.36875,4017,1459.5,40.25,4.8097434,1.35625,1785,648,17.88889,2.12615514,1.35625,1785,260,17.88889,0.883239269,1.35625,79.375,1.55,1.55,99.80915
09/07/2026 14:53:18,7.81,25,25,45.31,15.62,6.25,21.88,37.5,9.38,12.5,10.77,7.81,18.74,45.31,16.0328522,2479,656,1397,531,14,1.73346508,1.35625,4042,1121,40.5,3.452003,1.375,1797,292,18,0.9927329,1.3625,1797,1176.5,18,3.9666872,1.3625,1797,345.5,18,0.979714,1.3625,4042,472.5,40.5,1.29867959,1.35,80.5,1.55,1.55,99.8092346
09/07/2026 14:53:20,11.11,4.92,13.11,14.29,8.2,12.7,7.94,7.94,7.94,25.4,12.7,28.57,12.9,28.57,13.011219,1971,494,1397,214.5,14,0.64278847,1.33125,1397,439,14,1.40876627,1.33125,1397,340.5,14,1.11633158,1.33125,1797,292,18,0.843622565,1.33125,1797,710.5,18,2.28536677,1.33125,4042,966,40.5,3.1892035,1.35,79.75,1.55,1.55,99.8092041
09/07/2026 14:53:22,21.21,13.64,15.15,12.12,1.49,1.49,3.03,3.03,6.06,19.7,19.7,7.58,10.35,21.21,11.9700708,2375,401,4042,706,40.5,2.422899,1.35,4042,547.5,40.5,1.9756794,1.3375,1721,30.5,17.88889,0.05822477,1.3375,1235,76.5,12.375,0.279767424,1.3375,1235,493.5,12.375,1.738456,1.3375,1976,550.5,19.8,1.9437319,1.3375,79.625,1.55,1.55,99.80921
09/07/2026 14:53:24,1.56,0,0,0,0,0,25,3.12,1.56,15.52,31.25,39.06,9.76,39.06,12.1189661,2250,421,1150,29.5,14,0.0836558342,1.33125,1397,46.5,14,0.120454006,1.34375,1075,32,14,0.075849764,1.34375,1797,573.5,18,2.16727257,1.34375,4042,346,40.5,1.24981272,1.34375,4042,1498.5,40.5,4.9562726,1.35625,79.125,1.55,1.55,99.80925
09/07/2026 14:53:26,7.81,6.25,12.5,6.25,12.5,14.29,28.12,30.77,29.69,46.88,17.19,21.88,19.51,46.88,13.6173763,2345,540,1397,129.5,14,0.3239658,1.325,1397,145,14,0.480174959,1.33125,1397,313,14,0.8279209,1.33125,1797,708,18,2.08129764,1.33125,4042,1460.5,40.5,4.521045,1.33125,4042,481.5,40.5,1.36894548,1.33125,80.625,1.55,1.55,99.80918
09/07/2026 14:53:28,15.38,1.56,12.31,21.54,7.69,4.69,32.31,52.31,7.69,6.15,6.15,36.92,17.06,52.31,11.857666,2348,390,1976,126,19.8,0.412464142,1.35,1235,396.5,12.375,1.37070537,1.35,1019,23.5,12.375,0.0532422364,1.35,4017,1244.5,40.25,4.429451,1.35,4042,94.5,40.5,0.2894034,1.35625,1797,455.5,18,1.62246013,1.35625,80.125,1.55,1.55,99.80915
09/07/2026 14:53:30,21.54,7.58,15.38,12.31,1.54,9.23,4.62,1.52,16.92,30.3,15.38,13.85,12.51,30.3,11.5482378,3294,384,1797,541,18,1.88913643,1.325,4042,404,40.5,1.43546844,1.325,4042,207,40.5,0.6846942,1.325,4042,67.5,40.5,0.1641896,1.34375,4042,568,40.5,2.023848,1.34375,1797,517.5,18,1.78687727,1.34375,78.87501,1.55,1.55,99.80919
09/07/2026 14:53:32,9.23,3.08,13.85,21.54,7.69,6.15,38.46,4.62,15.38,7.69,21.54,20,14.1,38.46,13.3715906,2014,522,1797,168.5,18,0.362689823,1.34375,4042,741.5,40.5,2.20042849,1.35,1797,242,18,0.557797849,1.35,1976,764,19.8,2.69065046,1.35625,1235,303.5,12.375,0.81872046,1.35625,1235,913.5,12.375,3.00311637,1.35625,79.125,1.55,1.55,99.8092041
09/07/2026 14:53:34,3.12,1.59,3.12,35.94,3.17,1.59,9.38,18.75,1.56,12.5,4.76,35.94,10.95,35.94,11.9778872,2326,405,1330,46.5,14,0.123653986,1.35,1397,777.5,14,2.632284,1.35,1351,46.5,14,0.108896174,1.35,4042,587.5,40.5,2.101009,1.3625,4042,255.5,40.5,0.8069309,1.35,1797,718,18,2.52714562,1.35,78.50001,1.55,1.55,99.80917
09/07/2026 14:53:36,13.85,3.08,15.38,7.69,32.81,4.69,15.38,15.38,18.46,23.08,18.46,13.85,15.18,32.81,13.387742,2920,519,4042,222.5,40.5,0.730308533,1.35625,1797,374.5,18,1.094391,1.35625,1797,705,18,2.23753762,1.35625,1797,534.5,18,1.79399848,1.35625,4042,778,40.5,2.430467,1.36875,4042,498,40.5,1.4869206,1.35,78.50001,1.55,1.55,99.80925
09/07/2026 14:53:38,4.62,1.54,26.15,21.54,0,0,1.54,1.54,3.08,26.15,6.15,27.69,10,27.69,12.3779278,3938,474,3992,150.5,40,0.3464238,1.35,4042,977.5,40.5,3.29459834,1.31875,4042,92,40.5,0.208281532,1.31875,4042,162.5,40.5,0.2998144,1.31875,3843,759.5,38.5,2.353184,1.375,3668,701,36.75,2.288052,1.31875,78.75001,1.55,1.55,99.80923
09/07/2026 14:53:40,32.31,10.77,35.38,23.08,23.08,27.69,21.54,41.54,38.46,18.46,43.08,26.15,28.46,43.08,21.5234318,3668,1181,4042,876,40.5,2.167942,1.36875,4042,1081.5,40.5,2.73710871,1.35,4042,1062.5,40.5,2.741635,1.35,1797,1528.5,18,4.17848539,1.35,4042,1199.5,40.5,3.1901567,1.35,4042,1340.5,40.5,3.67251968,1.35,80.375,1.55,1.55,99.80922
