,/amdcpu/0/load/2,/amdcpu/0/load/3,/amdcpu/0/load/4,/amdcpu/0/load/5,/amdcpu/0/load/6,/amdcpu/0/load/7,/amdcpu/0/load/8,/amdcpu/0/load/9,/amdcpu/0/load/10,/amdcpu/0/load/11,/amdcpu/0/load/12,/amdcpu/0/load/13,/amdcpu/0/load/0,/amdcpu/0/load/1,/amdcpu/0/power/0,/amdcpu/0/clock/1,/amdcpu/0/clock/2,/amdcpu/0/clock/3,/amdcpu/0/clock/4,/amdcpu/0/factor/0,/amdcpu/0/power/1,/amdcpu/0/voltage/2,/amdcpu/0/clock/5,/amdcpu/0/clock/6,/amdcpu/0/factor/1,/amdcpu/0/power/2,/amdcpu/0/voltage/3,/amdcpu/0/clock/7,/amdcpu/0/clock/8,/amdcpu/0/factor/2,/amdcpu/0/power/3,/amdcpu/0/voltage/4,/amdcpu/0/clock/9,/amdcpu/0/clock/10,/amdcpu/0/factor/3,/amdcpu/0/power/4,/amdcpu/0/voltage/5,/amdcpu/0/clock/11,/amdcpu/0/clock/12,/amdcpu/0/factor/4,/amdcpu/0/power/5,/amdcpu/0/voltage/6,/amdcpu/0/clock/13,/amdcpu/0/clock/14,/amdcpu/0/factor/5,/amdcpu/0/power/6,/amdcpu/0/voltage/7,/amdcpu/0/temperature/2,/amdcpu/0/voltage/0,/amdcpu/0/voltage/1,/amdcpu/0/clock/0
Time,"CPU Core #1","CPU Core #2","CPU Core #3","CPU Core #4","CPU Core #5","CPU Core #6","CPU Core #7","CPU Core #8","CPU Core #9","CPU Core #10","CPU Core #11","CPU Core #12","CPU Total","CPU Core Max","Package","Cores (Average)","Cores (Average Effective)","Core #1","Core #1 (Effective)","Core #1","Core #1 (SMU)","Core #1 VID","Core #2","Core #2 (Effective)","Core #2","Core #2 (SMU)","Core #2 VID","Core #3","Core #3 (Effective)","Core #3","Core #3 (SMU)","Core #3 VID","Core #4","Core #4 (Effective)","Core #4","Core #4 (SMU)","Core #4 VID","Core #5","Core #5 (Effective)","Core #5","Core #5 (SMU)","Core #5 VID","Core #6","Core #6 (Effective)","Core #6","Core #6 (SMU)","Core #6 VID","Core (Tctl/Tdie)","Core (SVI2 TFN)","SoC (SVI2 TFN)","Bus Speed"
09/08/2026 11:32:14,15.62,4.69,15.62,6.25,7.81,18.75,23.44,9.38,12.5,17.19,14.06,25,14.19,25,13.0898361,2920,462,1797,211.5,18,0.5815435,1.33125,4042,272,40.5,0.8040274,1.33125,4042,459.5,40.5,1.44112134,1.33125,1797,530,18,1.81250286,1.33125,4042,527,40.5,1.64321506,1.33125,1797,771,18,2.61467266,1.33125,75.37501,1.55,1.55,99.80918
09/08/2026 11:32:16,18.75,3.17,12.5,1.54,1.56,18.75,6.25,29.69,6.25,29.69,10.94,9.23,12.36,29.69,12.6164551,1971,442,1397,251.5,14,0.728954852,1.31875,1397,174,14,0.5166723,1.325,1397,369,14,1.14322424,1.325,1797,666,18,2.35638571,1.325,1797,628.5,18,2.12176633,1.325,4042,562.5,40.5,1.82087111,1.325,75.00001,1.55,1.55,99.80917
09/08/2026 11:32:18,6.25,4.69,6.25,1.56,7.81,12.5,42.19,4.69,7.81,4.69,18.75,29.69,12.24,42.19,13.1560144,3264,467,1797,163,18,0.368116468,1.3625,3862,116.5,40.5,0.287159,1.3625,1797,439,18,1.38712406,1.3625,4042,983.5,40.5,3.44128823,1.3625,4042,193.5,40.5,0.421875328,1.3625,4042,905.5,40.5,3.16197252,1.3625,75.50001,1.55,1.55,99.809166
09/08/2026 11:32:20,25,18.75,26.56,28.12,9.38,12.5,29.69,26.56,14.06,7.81,35.94,17.19,20.96,35.94,17.0629234,3668,734,4042,723,40.5,1.94947636,1.34375,1797,805,18,2.23215413,1.34375,4042,391,40.5,1.00693548,1.34375,4042,1085.5,40.5,3.486394,1.34375,4042,371,40.5,0.960831046,1.35625,4042,1026.5,40.5,3.1862967,1.35625,76.12501,1.55,1.55,99.8092041
09/08/2026 11:32:22,15.38,4.69,15.38,12.31,4.62,18.46,29.23,24.62,7.69,21.54,21.54,4.62,15.01,29.23,13.8654089,2949,541,1797,295,18,0.7648405,1.325,4042,580.5,40.5,1.77921963,1.325,1976,237.5,19.8,0.491612226,1.325,1797,1094.5,18,3.77786183,1.3,4042,501,40.5,1.40581465,1.3,4042,535,40.5,1.64257538,1.3,75.87501,1.55,1.55,99.80925
09/08/2026 11:32:24,1.56,4.69,9.38,0,10.94,10.94,7.81,20.31,0,31.25,37.5,1.56,11.33,37.5,12.9455233,2830,446,1318,123,14,0.301765144,1.3125,1737,130.5,18,0.344586581,1.31875,4042,343,40.5,1.059819,1.31875,1797,628.5,18,2.14426684,1.31875,4042,660.5,40.5,2.262666,1.31875,4042,791,40.5,2.6961956,1.31875,75.50001,1.55,1.55,99.80914
09/08/2026 11:32:26,9.38,6.15,9.38,10.94,3.12,25,14.06,10.45,10.94,23.44,17.19,6.25,12.19,25,12.746254,2344,448,1388,203.5,14,0.549657,1.33125,1397,346.5,14,1.08298492,1.33125,1397,475.5,14,1.51781952,1.33125,1797,544.5,18,1.87150586,1.3375,4042,691,40.5,2.314696,1.3375,4042,428.5,40.5,1.40838587,1.3375,75.12501,1.55,1.55,99.80922
09/08/2026 11:32:28,12.31,6.25,4.69,4.62,12.5,18.75,16.92,28.57,6.15,23.08,29.23,7.69,14.23,29.23,12.8466444,2298,450,1317,180.5,14,0.487226754,1.34375,1195,103,14,0.244948417,1.34375,1397,547,14,1.71205986,1.34375,1797,824,18,2.90971017,1.35625,4042,462.5,40.5,1.52088857,1.35625,4042,582.5,40.5,1.969864,1.35625,74.62501,1.55,1.55,99.80917
09/08/2026 11:32:30,7.81,1.54,14.06,3.08,0,9.23,20.31,18.75,3.12,21.54,18.75,23.44,11.8,23.44,12.68429,2014,445,1235,167,12.375,0.4475239,1.325,1235,209,12.375,0.5739091,1.325,1976,152.5,19.8,0.3668957,1.325,1797,671,18,2.39153218,1.34375,4042,571.5,40.5,1.93511057,1.34375,1797,899,18,3.034062,1.34375,74.37501,1.55,1.55,99.80915
09/08/2026 11:32:32,10.94,4.69,6.25,3.12,1.56,6.25,29.69,21.88,3.12,20,21.88,26.98,13.03,29.69,12.5127935,3253,446,1797,237.5,18,0.7098453,1.34375,1555,99,18,0.2328743,1.34375,4042,120.5,40.5,0.251533121,1.34375,4042,986.5,40.5,3.52490973,1.34375,4042,485.5,40.5,1.53732252,1.34375,4042,744,40.5,2.43556476,1.34375,74.37501,1.55,1.55,99.80922
09/08/2026 11:32:34,17.19,7.69,6.25,3.12,3.08,14.06,17.19,9.38,1.56,25,12.5,20.31,11.44,25,12.6954756,3698,447,1976,307,19.8,0.871841848,1.35625,4042,193,40.5,0.557067752,1.3625,4042,349,40.5,1.050655,1.3625,4042,465.5,40.5,1.63092756,1.3625,4042,619.5,40.5,2.04359651,1.3625,4042,750,40.5,2.5744307,1.3625,74.12501,1.55,1.55,99.809166
09/08/2026 11:32:36,6.25,6.25,12.5,0,0,6.25,9.38,0,1.56,15.62,23.44,48.44,10.81,48.44,12.7036715,2479,444,1397,210,14,0.534621835,1.33125,1797,293,18,0.897318363,1.3375,4042,113.5,40.5,0.234081715,1.3375,1797,192.5,18,0.614246368,1.3375,1797,390.5,18,1.2676543,1.3375,4042,1466.5,40.5,5.182499,1.3375,74.37501,1.55,1.55,99.80922
09/08/2026 11:32:38,12.31,0,18.46,0,3.17,21.54,40,0,6.15,15.38,24.62,4.76,12.2,40,12.9549122,2920,454,4042,159,40.5,0.400436282,1.36875,1797,270,18,0.8265617,1.36875,1797,414,18,1.3058418,1.36875,4042,846,40.5,3.01878953,1.36875,1797,426.5,18,1.23425508,1.36875,4042,611,40.5,2.083702,1.35625,74.12501,1.55,1.55,99.80923
09/08/2026 11:32:40,12.5,4.76,20.31,3.08,12.5,7.69,10.94,1.54,3.12,21.88,21.88,14.06,11.19,21.88,12.2196,3668,438,1797,359.5,18,1.03058589,1.325,4042,416.5,40.5,1.3282212,1.325,4042,353,40.5,1.0938499,1.3375,4042,206.5,40.5,0.6489706,1.3375,4042,527.5,40.5,1.72315836,1.3375,4042,767,40.5,2.5110507,1.3375,73.87501,1.55,1.55,99.8092
09/08/2026 11:32:42,17.46,3.23,22.22,1.59,8.06,9.52,9.52,0,4.76,22.22,20.63,36.51,12.98,36.51,12.7102594,2345,452,1397,167.5,14,0.443864167,1.34375,1397,270,14,0.8150988,1.34375,1397,264,14,0.736392558,1.34375,4042,284,40.5,0.894604564,1.35,4042,591,40.5,1.99334514,1.35,1797,1134.5,18,3.865418,1.35,73.75001,1.55,1.55,99.80921
09/08/2026 11:32:44,7.69,4.62,15.38,9.38,4.76,12.31,26.15,0,7.69,33.85,9.23,3.03,11.17,33.85,12.9263945,2345,445,1397,208,14,0.5418954,1.35,1397,508,14,1.65520954,1.35,1397,304,14,0.921766162,1.35,1797,506,18,1.84790277,1.35,4042,829,40.5,2.861522,1.35,4042,313.5,40.5,1.005997,1.35,74.37501,1.55,1.55,99.80916
09/08/2026 11:32:46,3.12,1.56,7.81,0,0,7.81,7.81,32.81,12.5,21.88,17.19,25,11.46,32.81,13.1938677,3893,458,3602,185,40.5,0.4598984,1.3625,3586,113.5,40.5,0.2655965,1.3625,4042,129.5,40.5,0.2908323,1.3625,4042,850.5,40.5,3.00945139,1.3625,4042,570.5,40.5,1.92829931,1.3625,4042,898.5,40.5,3.11603165,1.3625,74.75001,1.55,1.55,99.80917
09/08/2026 11:32:48,15.38,7.69,9.23,6.15,4.62,9.23,16.92,25,4.69,21.54,39.06,26.15,15.47,39.06,12.6340685,1954,450,1397,200.5,14,0.572406232,1.31875,1296,140.5,14,0.370176435,1.31875,1397,117.5,14,0.251197129,1.33125,1797,625.5,18,2.21156335,1.33125,1797,476,18,1.42899692,1.33125,4042,1141.5,40.5,3.86543751,1.33125,74.37501,1.55,1.55,99.80918
09/08/2026 11:32:50,26.56,20,23.44,32.81,18.46,24.62,10.94,17.19,18.75,10.94,15.38,14.06,19.43,32.81,16.7638988,2920,726,1797,702,18,1.93052506,1.325,1797,940.5,18,2.54878139,1.325,4042,1066,40.5,2.94691062,1.33125,1797,473,18,1.45163846,1.33125,4042,497,40.5,1.37026453,1.33125,4042,676.5,40.5,2.000871,1.33125,74.00001,1.55,1.55,99.80927
09/08/2026 11:32:52,19.05,3.17,19.05,9.52,9.52,14.29,30.16,22.22,12.7,7.94,14.29,17.46,14.95,30.16,13.1362972,3252,471,3790,145,40.5,0.338129044,1.35,1797,302.5,18,0.9246548,1.35,4042,336,40.5,0.9266218,1.35,1797,992,18,3.52539444,1.35,4042,416,40.5,1.23366809,1.35,4042,637,40.5,2.085449,1.35,74.00001,1.55,1.55,99.809166
09/08/2026 11:32:54,6.15,1.59,6.15,1.54,9.38,6.15,35.38,16.92,12.31,15.62,7.69,15.38,11.19,35.38,12.868185,2739,451,1197,127.5,12.375,0.307465255,1.35625,1135,115.5,12.375,0.26577428,1.35625,1976,293,19.8,0.8964902,1.35625,4042,1046.5,40.5,3.71100068,1.35625,4042,596.5,40.5,2.02192521,1.35625,4042,528.5,40.5,1.64308381,1.35625,74.50001,1.55,1.55,99.80912
09/08/2026 11:32:56,9.52,4.76,7.94,6.35,6.35,33.33,44.44,1.59,4.76,17.46,11.11,17.46,13.76,44.44,12.7728891,2822,448,4042,185,40.5,0.454550564,1.3125,1611,105.5,18,0.23815985,1.3125,1797,740.5,18,2.47919869,1.3125,1397,847.5,14,3.041569,1.3125,4042,368,40.5,1.20327663,1.31875,4042,444,40.5,1.40399814,1.31875,74.37501,1.55,1.55,99.8092
09/08/2026 11:32:58,7.69,6.15,23.08,6.15,1.54,10.77,18.46,33.85,6.15,15.38,20,4.62,12.82,33.85,12.7742844,3664,453,1775,229,18,0.6484907,1.325,4042,482.5,40.5,1.54507053,1.325,4042,151.5,40.5,0.3586311,1.33125,4042,1000,40.5,3.40737915,1.33125,4042,370.5,40.5,1.1342628,1.33125,4042,484,40.5,1.62230635,1.33125,74.37501,1.55,1.55,99.80914
09/08/2026 11:33:00,9.38,1.56,17.19,0,0,17.19,51.56,6.25,6.25,7.81,9.38,4.69,10.94,51.56,12.7537127,3276,460,3933,127,40.5,0.304460943,1.35,4042,368.5,40.5,1.16345751,1.35,1797,394,18,1.24185812,1.35,4042,1176,40.5,4.18304873,1.35,1797,332.5,18,0.8705619,1.35,4042,359.5,40.5,1.1083765,1.34375,74.12501,1.55,1.55,99.80921
09/08/2026 11:33:02,9.38,7.81,12.5,4.69,14.06,19.05,37.5,17.46,10.94,14.06,10.94,6.25,13.72,37.5,12.9507942,3574,466,1235,281.5,12.375,0.731930256,1.31875,4042,208.5,40.5,0.593357,1.325,4042,578,40.5,1.87928784,1.325,4042,1008,40.5,3.61814785,1.325,4042,355.5,40.5,1.01383638,1.325,4042,367,40.5,1.19268167,1.325,74.87501,1.55,1.55,99.80913
09/08/2026 11:33:04,15.38,1.54,6.15,1.56,0,7.69,44.62,19.05,7.69,16.92,18.46,1.54,11.72,44.62,12.9294605,2353,441,1235,249.5,12.375,0.6794936,1.33125,1026,97.5,12.375,0.240999609,1.33125,1976,113,19.8,0.2381606,1.33125,1797,1259.5,18,4.63620472,1.33125,4042,499,40.5,1.72411215,1.33125,4042,429,40.5,1.419866,1.33125,75.00001,1.55,1.55,99.80918
09/08/2026 11:33:06,13.85,7.69,13.85,6.15,30.77,24.62,20,1.54,4.62,9.23,27.69,24.62,15.38,30.77,12.854476,3281,450,1720,198,18,0.460794061,1.31875,4042,251.5,40.5,0.7209153,1.31875,4042,888,40.5,2.97566342,1.31875,1797,232.5,18,0.7889414,1.325,4042,188.5,40.5,0.491193384,1.325,4042,938.5,40.5,3.28700757,1.325,74.37501,1.55,1.55,99.80919
09/08/2026 11:33:08,9.52,6.35,4.76,0,0,4.76,11.11,9.52,6.35,22.22,36.51,25.4,11.38,36.51,12.7326889,1990,464,1235,209,12.375,0.521028757,1.3375,1093,113.5,12.375,0.2689329,1.3375,1976,119.5,19.8,0.246739283,1.3375,1797,475,18,1.65869594,1.3375,1797,608,18,1.89398181,1.33125,4042,1259,40.5,4.281972,1.33125,74.00001,1.55,1.55,99.8092
09/08/2026 11:33:10,4.62,17.19,6.25,6.25,1.56,10.94,16.92,4.62,1.54,23.08,36.92,10.77,11.72,36.92,12.9816475,2345,444,1397,385.5,14,1.2184273,1.33125,1397,212.5,14,0.6157255,1.33125,1397,197.5,14,0.494933516,1.33125,4042,402.5,40.5,1.36635852,1.3375,4042,583,40.5,2.010052,1.3375,1797,885,18,3.03845,1.3375,74.12501,1.55,1.55,99.8091354
09/08/2026 11:33:12,14.29,0,17.46,8.06,1.59,6.35,19.05,16.39,6.35,22.22,33.33,11.11,13.02,33.33,13.3595991,2415,513,1397,181,14,0.460799873,1.3375,1235,496.5,12.375,1.47170019,1.35,1976,160.5,19.8,0.350115657,1.35,1797,670,18,1.71334541,1.35,4042,628,40.5,2.05839682,1.35,4042,940.5,40.5,3.16794562,1.35,75.37501,1.55,1.55,99.80912
09/08/2026 11:33:14,10.77,1.45,6.15,1.54,3.12,7.58,27.69,4.62,6.15,7.69,44.62,10.77,11.01,44.62,12.763814,1971,449,1397,196.5,14,0.497500271,1.35,1397,198.5,14,0.495082974,1.35,1397,201,14,0.560805559,1.35,4042,598.5,40.5,2.07872629,1.35625,1797,334.5,18,0.970732868,1.35625,1797,1166,18,3.95785284,1.35625,74.62501,1.55,1.55,99.809166
09/08/2026 11:33:16,15.62,1.54,6.25,3.12,10.94,17.19,15.62,3.08,7.81,29.69,21.88,1.56,11.19,29.69,13.1281328,2786,458,1397,269,14,0.771547854,1.325,1397,198.5,14,0.478698254,1.325,4042,573,40.5,1.82230437,1.325,1797,380.5,18,1.32373416,1.325,4042,833,40.5,2.87338519,1.325,4042,495.5,40.5,1.59841537,1.325,74.75001,1.55,1.55,99.80919
09/08/2026 11:33:18,14.06,6.25,10.94,1.56,9.38,25,7.81,6.25,7.81,40.62,15.62,6.25,12.63,40.62,13.2649231,2758,471,1397,234.5,14,0.632168531,1.3375,1397,215,14,0.4681158,1.3375,1797,764.5,18,2.57503486,1.3375,3875,259,40.5,0.78648293,1.35,4042,845.5,40.5,2.96389174,1.35,4042,506.5,40.5,1.623724,1.35,74.75001,1.55,1.55,99.80924
09/08/2026 11:33:20,10.94,7.81,23.44,39.06,20.31,12.5,48.44,33.33,3.12,6.25,9.38,14.06,19.05,48.44,16.6163,2920,678,1797,384,18,1.0257802,1.325,4042,850,40.5,2.65511084,1.325,1797,521.5,18,1.51381886,1.33125,1797,1653,18,5.205949,1.33125,4042,238.5,40.5,0.608851969,1.33125,4042,423.5,40.5,1.23391593,1.33125,76.00001,1.55,1.55,99.8092
09/08/2026 11:33:22,14.06,3.12,14.06,6.25,6.25,7.81,4.69,10.94,14.06,37.5,26.56,18.75,13.67,37.5,14.0560179,3668,539,1797,252,18,0.6019324,1.3625,4042,307.5,40.5,0.7470369,1.3625,4042,204.5,40.5,0.4374817,1.36875,4042,372,40.5,1.00424,1.36875,4042,1093.5,40.5,3.65736771,1.36875,4042,1005,40.5,3.28433156,1.36875,75.75001,1.55,1.55,99.80922
09/08/2026 11:33:24,6.25,3.08,12.31,4.62,1.52,10.77,17.19,27.69,4.69,12.5,20.31,18.75,11.64,27.69,12.9252529,2388,448,1235,237,12.375,0.6934606,1.31875,1235,327.5,12.375,0.9525202,1.31875,1976,122.5,19.8,0.260516137,1.31875,1797,912,18,3.29463172,1.31875,4042,333,40.5,1.0169096,1.31875,4042,756,40.5,2.565261,1.31875,74.87501,1.55,1.55,99.809166
09/08/2026 11:33:26,6.15,7.81,6.15,3.12,7.94,7.81,36.92,7.46,4.62,20,14.06,12.31,11.2,36.92,12.9885283,2720,456,1397,260,14,0.7295346,1.33125,1397,206.5,14,0.5788257,1.33125,1397,231.5,14,0.662973642,1.3375,4042,988.5,40.5,3.53534961,1.3375,4042,543.5,40.5,1.73399293,1.3375,4042,503.5,40.5,1.638672,1.3375,74.62501,1.55,1.55,99.80924
09/08/2026 11:33:28,7.81,1.56,12.5,6.25,0,7.81,29.69,0,6.25,25,20.31,21.88,11.59,29.69,12.8247023,2920,445,1797,133.5,18,0.3125447,1.34375,1797,254.5,18,0.7441606,1.34375,4042,134,40.5,0.286530823,1.34375,1797,637.5,18,2.269979,1.34375,4042,585.5,40.5,2.0006876,1.34375,4042,922.5,40.5,3.10291815,1.34375,74.12501,1.55,1.55,99.80921
09/08/2026 11:33:30,14.06,4.69,9.38,6.25,6.25,6.25,18.75,15.62,10.94,48.44,12.5,17.19,14.19,48.44,13.0266953,2786,455,1397,180,14,0.5195538,1.3375,1397,179,14,0.470504433,1.3375,4042,116.5,40.5,0.2612672,1.35,4042,632.5,40.5,2.17341,1.35,4042,1120,40.5,3.99523878,1.35,1797,503.5,18,1.55081093,1.35,74.75001,1.55,1.55,99.8092346
09/08/2026 11:33:32,20,7.46,18.46,18.18,9.23,10.77,13.85,35.38,20,38.46,26.15,10.77,19.06,38.46,13.3864393,3668,491,4042,278.5,40.5,0.7623416,1.35625,1797,520.5,18,1.62208807,1.35625,4042,196,40.5,0.4399158,1.35625,4042,881.5,40.5,3.048486,1.35625,4042,907.5,40.5,3.10597873,1.35625,4042,160.5,40.5,0.3594493,1.35625,75.37501,1.55,1.55,99.80923
09/08/2026 11:33:34,1.56,6.25,12.5,1.59,3.12,7.81,25,4.84,10.94,9.38,23.44,34.38,11.73,34.38,12.9394636,2544,454,1790,158.5,18,0.407390326,1.33125,1797,235,18,0.6625468,1.33125,4042,116,40.5,0.254635185,1.33125,1797,627.5,18,2.2182467,1.33125,1797,424.5,18,1.24956143,1.33125,4042,1164.5,40.5,3.941481,1.33125,74.50001,1.55,1.55,99.8091354
09/08/2026 11:33:36,12.5,4.69,10.94,1.59,4.69,14.06,21.88,20.97,4.69,26.56,9.38,31.25,13.6,31.25,13.0708742,2337,457,1345,136,14,0.325450242,1.35,1397,123,14,0.2855586,1.35,1397,219,14,0.6116972,1.35,1797,828.5,18,2.93566012,1.35,4042,650,40.5,2.2136693,1.35,4042,785,40.5,2.54977059,1.35,74.50001,1.55,1.55,99.8092
09/08/2026 11:33:38,13.64,0,7.58,1.52,13.64,7.58,3.03,28.79,12.12,15.15,15.15,27.27,12.12,28.79,12.8969183,2732,455,1235,182.5,12.375,0.4724097,1.31875,1235,141.5,12.375,0.331406683,1.31875,4042,327.5,40.5,1.009121,1.33125,1797,766,18,2.59185934,1.33125,4042,479.5,40.5,1.62691176,1.33125,4042,833.5,40.5,2.769204,1.33125,74.50001,1.55,1.55,99.80919
09/08/2026 11:33:40,4.76,1.59,7.94,0,0,6.35,31.75,38.1,3.17,34.92,1.59,0,10.85,38.1,13.3425388,2391,444,1276,125.5,14,0.323040426,1.34375,1212,115.5,12.375,0.283352017,1.34375,1976,169.5,19.8,0.385994762,1.34375,4042,1422.5,40.5,5.264404,1.34375,1797,755,18,2.75556159,1.34375,4042,76.5,40.5,0.170427024,1.34375,75.25001,1.55,1.55,99.80923
09/08/2026 11:33:42,9.38,1.54,26.56,7.81,7.81,9.38,15.62,1.59,1.56,10.94,15.62,31.25,11.59,31.25,12.920413,3200,453,1234,145.5,12.375,0.342451066,1.31875,4042,620.5,40.5,1.992224,1.33125,4042,355,40.5,1.07373118,1.33125,4042,296,40.5,1.00634491,1.33125,4042,431.5,40.5,1.33475459,1.33125,1797,868,18,2.97548318,1.33125,74.37501,1.55,1.55,99.80919
09/08/2026 11:33:44,6.35,11.48,11.29,1.67,20.97,25.81,23.81,6.56,1.59,7.94,11.11,12.7,11.77,25.81,12.8715754,2380,444,1235,203,12.375,0.575113535,1.31875,1190,108,12.375,0.258433759,1.3375,1976,961,19.8,3.26220369,1.3375,1797,566,18,1.99814188,1.3375,4042,302.5,40.5,0.8284821,1.3375,4042,524,40.5,1.77422738,1.3375,74.50001,1.55,1.55,99.8091354
09/08/2026 11:33:46,7.81,7.81,7.81,4.69,9.38,10.77,34.38,7.81,4.76,20.63,6.25,20.31,11.87,34.38,11.5916395,2014,442,1797,293.5,18,0.849794269,1.325,1797,196,18,0.5448109,1.325,4042,346.5,40.5,1.05088568,1.325,1235,835,12.375,3.02852821,1.33125,1235,526.5,12.375,1.79174972,1.33125,1976,455.5,19.8,1.52595437,1.33125,74.37501,1.55,1.55,99.8092041
09/08/2026 11:33:48,10.77,6.15,9.09,7.46,0,6.25,23.08,8.57,10.61,15.15,29.23,21.54,12.33,29.23,12.5668383,2635,437,1976,307.5,19.8,0.939676762,1.34375,1976,275.5,19.8,0.7933012,1.34375,1976,108.5,19.8,0.2588705,1.3375,1797,603.5,18,2.10339451,1.3375,4042,341.5,40.5,1.0715878,1.3375,4042,986.5,40.5,3.410912,1.3375,73.87501,1.55,1.55,99.80918
09/08/2026 11:33:50,27.69,16.92,27.69,35.38,32.31,16.92,32.31,12.31,24.62,13.85,46.15,23.08,25.77,46.15,17.5430946,3678,978,4017,726.5,40.25,1.82407284,1.34375,4017,1162,40.25,3.30218816,1.34375,1959,865,19.625,2.195531,1.2375,4017,872,40.25,2.23214626,1.275,4017,829,40.25,2.124486,1.2375,4042,1412.5,40.5,3.82150483,1.3375,74.37501,1.55,1.55,99.80923
09/08/2026 11:33:52,60.32,39.68,57.14,46.03,52.38,38.1,36.51,53.97,57.14,39.68,66.67,31.75,48.28,66.67,25.7576866,3992,1871,3992,1816.5,40,4.250553,1.31875,3992,2167,40,5.17995071,1.31875,3992,1768,40,4.08584166,1.31875,3992,1973,40,4.732104,1.31875,3992,1785,40,4.147173,1.31875,3992,1716.5,40,3.963984,1.31875,76.25001,1.55,1.55,99.80921
09/08/2026 11:33:54,33.85,29.23,24.62,46.15,41.54,20,46.15,47.69,27.69,26.15,20,49.23,34.36,49.23,20.56608,3273,1146,4017,885.5,40.25,2.45444584,1.35625,4017,1110.5,40.25,3.28403544,1.35625,1785,1056.5,17.88889,2.785917,1.35,4017,1728.5,40.25,4.408356,1.35,1785,865.5,17.88889,2.39674926,1.35,4017,1227,40.25,3.579916,1.35,79.125,1.55,1.55,99.8092041
09/08/2026 11:33:56,32.81,20.31,54.69,39.06,37.5,45.31,40.62,51.56,21.88,23.44,20.31,7.81,32.94,54.69,21.4453659,3622,1318,1774,1078.5,17.7777786,2.61557221,1.35,3992,1779,40,4.20969248,1.35,3992,1581.5,40,3.69579315,1.33125,3992,1952.5,40,4.97268057,1.33125,3992,853.5,40,2.18030143,1.33125,3992,662.5,40,1.70762408,1.33125,80.75,1.55,1.55,99.80916
09/08/2026 11:33:58,35.94,23.44,48.44,52.31,50,37.5,54.69,28.12,20.31,32.81,31.25,29.69,37.04,54.69,22.7452526,3130,1518,3918,1112,39.25,2.45711517,1.3,3768,2118,37.75,4.941204,1.23125,3768,1791.5,37.75,3.974041,1.23125,3768,1725,37.75,4.24567842,1.23125,1884,1121.5,18.875,2.8031435,1.23125,1675,1240,16.7777786,3.21182513,1.23125,81.875,1.55,1.55,99.80919
09/08/2026 11:34:00,10.94,1.56,35.94,21.88,37.5,40.62,51.56,39.06,26.56,23.44,21.88,32.81,28.65,51.56,19.41011,3645,1146,4017,224.5,40.25,0.5148928,1.34375,4017,1088.5,40.25,2.71167779,1.34375,1785,1539.5,17.88889,3.787368,1.34375,4017,1767,40.25,4.8170743,1.34375,4017,1046,40.25,2.549154,1.35,4017,1207.5,40.25,3.60360122,1.35,83.25,1.55,1.55,99.809166
09/08/2026 11:34:02,40.62,31.25,42.19,34.38,34.38,35.94,42.19,26.56,17.19,21.88,18.75,14.06,29.95,42.19,20.0098915,4042,1197,4042,1449.5,40.5,3.82974052,1.35625,4042,1505.5,40.5,3.63084626,1.375,4042,1380,40.5,3.45284653,1.375,4042,1430,40.5,3.65631986,1.375,4042,771.5,40.5,1.86487055,1.375,4042,647.5,40.5,1.66386139,1.375,83.5,1.55,1.55,99.80919
09/08/2026 11:34:04,18.75,18.75,29.69,29.69,28.12,29.69,20.31,12.5,28.12,34.38,40.62,35.94,27.21,40.62,19.0692577,4017,1028,4017,614.5,40.25,1.64543319,1.34375,4017,1082.5,40.25,2.78666329,1.34375,4017,1162.5,40.25,3.02537918,1.34375,4017,667.5,40.25,1.831279,1.34375,4017,1176.5,40.25,3.28686357,1.34375,4017,1462.5,40.25,3.844376,1.34375,83.375,1.55,1.55,99.80915
09/08/2026 11:34:06,34.92,23.81,28.57,19.05,26.98,30.16,39.68,39.68,33.33,39.68,42.86,42.86,33.47,42.86,18.7085056,3645,1064,4017,913.5,40.25,2.29681373,1.3375,4017,738,40.25,1.941989,1.3375,4017,824,40.25,2.00337458,1.3375,1785,1244.5,17.88889,3.19775963,1.3375,4017,1062,40.25,2.81313062,1.3375,4017,1605,40.25,4.125222,1.3375,83.75,1.55,1.55,99.80918
09/08/2026 11:34:08,10.94,14.06,25,17.19,12.5,21.88,26.56,25,15.62,29.69,39.06,42.19,23.31,42.19,18.7989635,2513,1022,3992,610,40,1.55161572,1.33125,1774,1017,17.7777786,2.65476274,1.33125,1774,781.5,17.7777786,2.11583781,1.33125,1774,1031.5,17.7777786,2.59929419,1.33125,1774,1026.5,17.7777786,2.84323263,1.33125,3992,1668.5,40,4.439155,1.325,83.625,1.55,1.55,99.8092
09/08/2026 11:34:10,22.22,19.05,41.27,44.44,19.05,7.94,31.75,19.05,28.57,28.57,30.16,30.16,26.85,44.44,19.712431,3658,1117,4017,838,40.25,2.140719,1.35625,4042,1668,40.5,4.10597658,1.34375,4042,529,40.5,1.43965578,1.34375,4042,1101,40.5,2.85242367,1.34375,1785,1247.5,17.88889,3.160605,1.3625,4017,1317.5,40.25,3.46660566,1.3625,84,1.55,1.55,99.80917
09/08/2026 11:34:12,16.92,1.54,12.31,20,20,18.46,41.54,38.46,20,29.23,43.08,36.92,24.87,43.08,18.3027172,3212,1006,1752,348.5,17.5555553,0.9210767,1.3,1752,580.5,17.5555553,1.5168997,1.3,3942,702,39.5,1.86330473,1.3,3942,1609.5,39.5,3.8278234,1.3,3942,1199.5,39.5,3.02342033,1.3,3942,1597.5,39.5,4.17720175,1.3,84.375,1.55,1.55,99.80913
09/08/2026 11:34:14,17.19,1.56,12.5,9.38,23.44,28.12,60.94,65.62,25,28.12,10.94,9.38,24.35,65.62,17.75883,3793,1013,3793,438,38,1.13356435,1.225,3793,522.5,38,1.3338294,1.225,3793,1117.5,38,2.90585232,1.225,3793,2464.5,38,5.736752,1.225,3793,989.5,38,2.37267733,1.225,3793,544,38,1.53855848,1.225,84.625,1.55,1.55,99.80921
09/08/2026 11:34:16,15.87,15.87,25.4,25.4,20.63,20.63,36.51,14.29,28.57,30.16,44.44,9.52,23.94,44.44,19.7402744,2506,1032,1752,679,17.5555553,1.64139354,1.29375,1752,1048,17.5555553,2.57573724,1.29375,3992,826,40,1.90406179,1.31875,3992,1079.5,40,3.0734818,1.31875,1774,1280,17.7777786,3.58446836,1.31875,1774,1279,17.7777786,4.924888,1.31875,84.125,1.55,1.55,99.8091354
09/08/2026 11:34:18,42.19,43.75,43.75,43.75,50,26.56,64.06,26.56,56.25,28.12,40.62,28.12,41.15,64.06,24.1151352,3914,1665,3918,1600.5,39.25,3.58843446,1.28125,3918,1793.5,39.25,3.82154274,1.28125,3918,1538.5,39.25,3.35390186,1.28125,3918,1919,39.25,4.650639,1.28125,3918,1641.5,39.25,3.78897119,1.28125,3893,1497.5,39,3.59241724,1.28125,84.5,1.55,1.55,99.80914
09/08/2026 11:34:20,14.06,6.25,12.5,10.94,21.88,6.25,43.75,37.5,14.06,20.31,26.56,18.75,19.4,43.75,16.5822964,3005,878,1397,536,14,1.3608402,1.21875,1663,545.5,16.666666,1.35165131,1.2125,3743,497,37.5,1.29537868,1.2125,3743,1778,37.5,4.40016842,1.2125,3743,1005.5,37.5,2.40758657,1.2125,3743,908.5,37.5,2.32002616,1.2125,84.375,1.55,1.55,99.8091354
09/08/2026 11:34:22,17.19,12.5,23.44,21.88,39.06,37.5,62.5,54.69,18.75,26.56,35.94,18.75,30.73,62.5,19.782671,3604,1211,3918,582.5,39.25,1.27981853,1.30625,1959,905.5,19.625,2.01486564,1.30625,3918,1514.5,39.25,3.370173,1.30625,3918,2240,39.25,5.17539549,1.30625,3918,981.5,39.25,2.43902874,1.29375,3992,1041.5,40,2.79082537,1.33125,84.625,1.55,1.55,99.80919
09/08/2026 11:34:24,15.38,3.08,23.08,32.31,13.85,6.15,50.77,44.62,12.31,24.62,23.08,15.38,22.05,50.77,17.1261253,3273,916,4017,401,40.25,1.03600943,1.34375,4017,1071.5,40.25,2.64332962,1.34375,4017,520,40.25,1.29920638,1.34375,4017,1856.5,40.25,4.302775,1.34375,1785,871,17.88889,2.26203966,1.34375,1785,776.5,17.88889,2.04786754,1.34375,84.625,1.55,1.55,99.80923
09/08/2026 11:34:26,27.69,12.31,38.46,40,16.92,13.85,44.62,40,32.31,20,44.62,33.85,30.38,44.62,21.0295315,3338,1300,3718,942.5,37.25,2.26826453,1.23125,1641,1691,16.4444447,3.80965233,1.20625,3668,724.5,36.75,1.64613676,1.2,3668,1735,36.75,3.93473363,1.2,3668,1088.5,36.75,2.67512918,1.2,3668,1618,36.75,3.836039,1.2,84.625,1.55,1.55,99.809166
09/08/2026 11:34:28,20,9.23,27.69,20,20,29.23,55.38,43.08,23.08,26.15,49.23,33.85,29.74,55.38,19.601511,2343,1197,1630,559.5,16.333334,1.25414729,1.1875,3668,924,36.75,1.98072147,1.1875,1630,1186,16.333334,2.617684,1.1875,1834,1756.5,18.375,3.987212,1.1875,3668,1049,36.75,2.47185373,1.1875,1630,1708,16.333334,3.90753675,1.1875,84.875,1.55,1.55,99.80914
09/08/2026 11:34:30,28.79,21.21,39.39,51.52,56.06,62.12,51.52,48.48,24.24,7.58,40.91,21.21,37.75,62.12,21.4721127,3622,1523,3992,935.5,40,1.90472925,1.33125,1774,2087.5,17.7777786,4.04094839,1.33125,3992,2275,40,3.84363985,1.33125,3992,2025,40,4.490819,1.33125,3992,703,40,1.77152085,1.33125,3992,1110,40,2.59798741,1.33125,84.75,1.55,1.55,99.8092041
09/08/2026 11:34:32,23.44,7.81,35.94,34.38,48.44,48.44,54.69,61.54,20.31,10.94,20.31,24.62,32.57,61.54,20.63771,3212,1364,1752,590.5,17.5555553,1.255313,1.3,3942,1399.5,39.5,2.89244318,1.3,3942,1996,39.5,3.85224462,1.3,3942,2515,39.5,5.26910925,1.3,1752,708,17.5555553,1.57811713,1.3,3942,972,39.5,2.4287343,1.3,84.75,1.55,1.55,99.80917
09/08/2026 11:34:34,35.38,21.54,52.31,50,43.08,39.06,67.69,61.54,40,33.85,36.92,38.46,43.32,67.69,19.9610481,3253,1504,1774,941.5,17.7777786,1.81428683,1.33125,1774,1775,17.7777786,3.06176519,1.33125,3992,1596.5,40,2.858143,1.33125,3992,2394.5,40,4.885878,1.33125,3992,1083,40,2.11181331,1.3375,3992,1231,40,2.677342,1.3375,85,1.55,1.55,99.80917
09/08/2026 11:34:36,14.06,7.69,28.12,10.94,12.31,10.77,17.19,17.91,10.94,14.06,29.69,23.44,16.43,29.69,13.8242178,2901,656,1785,375,17.88889,0.9006978,1.3625,1785,666,17.88889,1.75799441,1.3625,4017,481,40.25,1.18412721,1.3625,1785,824.5,17.88889,2.063208,1.3625,4017,543.5,40.25,1.28692758,1.3625,4017,1049,40.25,2.59499,1.3625,84.375,1.55,1.55,99.80916
09/08/2026 11:34:38,10.77,3.08,13.85,53.12,13.85,4.62,18.46,4.62,15.38,33.85,33.85,60,22.12,60,15.5398445,2830,698,1741,263,17.4444447,0.7721295,1.26875,1741,998.5,17.4444447,2.63362241,1.26875,3918,186.5,39.25,0.442753822,1.26875,1741,226,17.4444447,0.6828889,1.26875,3918,822.5,39.25,2.561862,1.26875,3918,1692.5,39.25,5.2443676,1.26875,84.25,1.55,1.55,99.8092041
09/08/2026 11:34:40,14.06,0,1.56,1.56,7.81,6.25,60.94,87.5,20.31,14.06,3.12,12.5,19.14,87.5,14.1007071,3992,787,3992,351.5,40,1.2068733,1.35625,3992,147.5,40,0.378272355,1.35625,3992,239.5,40,0.6015429,1.35625,3992,2933,40,6.42488766,1.35625,3992,590,40,1.58878064,1.35625,3992,461,40,1.2174114,1.35625,84.875,1.55,1.55,99.80919
09/08/2026 11:34:42,1.56,7.81,17.19,3.12,6.25,0,87.5,76.56,12.5,3.12,7.81,9.38,19.4,87.5,13.81401,2797,772,1624,231,17.11111,0.7410361,1.24375,1708,458.5,17.11111,1.35803914,1.24375,1919,101,19.25,0.208519027,1.25625,3843,3235.5,38.5,7.363925,1.25625,3843,231.5,38.5,0.5355262,1.25625,3843,372.5,38.5,1.04364908,1.25625,85.125,1.55,1.55,99.80915
09/08/2026 11:34:44,15.62,18.75,42.19,15.87,28.12,4.69,54.69,54.69,20.31,20.31,37.5,26.56,28.28,54.69,16.8131485,2703,1027,1235,588.5,12.375,1.43075073,1.2875,1235,1029,12.375,2.521586,1.2875,3992,512.5,40,1.34757864,1.3125,3992,2062,40,4.101614,1.3125,1774,787,17.7777786,2.05816936,1.3125,3992,1185.5,40,2.78937745,1.3125,85,1.55,1.55,99.80922
09/08/2026 11:34:46,12.5,6.25,9.38,4.69,12.5,6.25,12.5,20.31,21.88,25,43.75,93.75,22.4,93.75,15.32092,2920,791,4042,323.5,40.5,0.9322439,1.35625,1797,197,18,0.522274256,1.35625,1797,263.5,18,0.6983994,1.35625,1797,348,18,0.9809126,1.35,4042,878.5,40.5,2.64035153,1.35,4042,2737,40.5,7.1176877,1.35,84.875,1.55,1.55,99.80921
09/08/2026 11:34:48,26.56,9.23,32.81,27.69,17.19,10.77,34.38,25,29.69,25,42.19,50,27.54,50,14.1454744,4042,686,4042,251,40.5,0.610011,1.35,4042,886,40.5,2.106497,1.35,4042,186,40.5,0.42100057,1.35,4042,754,40.5,1.91414762,1.35,4042,782,40.5,1.95935011,1.35,4042,1259.5,40.5,3.00672674,1.35,84.125,1.55,1.55,99.80919
09/08/2026 11:34:50,10.94,3.12,21.88,21.88,17.19,18.75,12.5,9.38,7.81,7.81,59.38,54.69,20.44,59.38,15.1337595,3290,776,1797,264,18,0.631913662,1.35625,4042,760,40.5,1.73353243,1.35625,4017,649.5,40.25,1.56065011,1.35625,1797,474.5,18,1.19557273,1.35625,4042,296.5,40.5,0.6632266,1.35625,4042,2210.5,40.5,5.43592024,1.35625,83.625,1.55,1.55,99.80914
09/08/2026 11:34:52,9.38,6.25,12.5,20.31,7.81,0,9.38,1.56,3.12,3.12,35.94,51.56,13.41,51.56,13.7165728,2915,609,1797,183,18,0.454481333,1.34375,1797,832.5,18,2.24692178,1.34375,4042,238.5,40.5,0.5681968,1.34375,4017,354.5,40.25,1.00717425,1.34375,4042,178.5,40.5,0.407137573,1.35,1797,1867.5,18,5.179499,1.35,83.625,1.55,1.55,99.80923
09/08/2026 11:34:54,4.69,3.12,20.31,10.61,15.62,22.73,37.5,29.69,21.88,6.25,17.19,20.31,17.49,37.5,14.0511179,2518,626,1774,163.5,17.7777786,0.43365407,1.3375,1774,503,17.7777786,1.353895,1.3375,3992,746,40,2.03107882,1.3375,1774,1229.5,17.7777786,3.41624141,1.3375,1774,541.5,17.7777786,1.46535707,1.3375,4017,573,40.25,1.47010314,1.3375,83,1.55,1.55,99.80919
09/08/2026 11:34:56,9.23,6.15,7.69,3.17,12.31,9.23,55.38,46.15,4.62,4.69,18.46,20,16.42,55.38,13.7332735,2336,620,1395,169,14,0.451313674,1.36875,1345,158,14,0.395438761,1.36875,1397,434.5,14,1.19493175,1.36875,4042,1970,40.5,5.290622,1.36875,1797,172,18,0.374917835,1.36875,4042,814,40.5,2.29196358,1.36875,83.375,1.55,1.55,99.80912
09/08/2026 11:34:58,9.52,9.52,22.22,12.5,12.7,6.35,28.57,19.05,26.98,23.81,22.22,23.81,18.11,28.57,13.848031,3294,661,4042,238,40.5,0.597422063,1.30625,4042,635.5,40.5,1.603012,1.30625,1797,325,18,0.8194906,1.30625,4042,977,40.5,2.633588,1.30625,1797,842.5,18,2.12810254,1.30625,4042,948.5,40.5,2.369946,1.30625,83.125,1.55,1.55,99.8092041
09/08/2026 11:35:00,12.31,7.69,13.85,3.08,18.46,17.91,38.46,44.62,12.31,15.38,21.54,23.08,19.06,44.62,13.7483206,2388,651,1235,325,12.375,0.828403652,1.35625,1235,321.5,12.375,0.8269754,1.35625,1976,546.5,19.8,1.38847744,1.35625,1797,1543,18,3.80969048,1.35625,4042,459.5,40.5,1.08223891,1.36875,4042,713,40.5,1.90818822,1.36875,83,1.55,1.55,99.8092
09/08/2026 11:35:02,15.62,10.94,18.75,10.94,3.12,12.5,25,14.06,9.38,7.81,42.19,9.38,14.97,42.19,13.3648415,2388,617,1235,433.5,12.375,1.16047883,1.34375,1235,483.5,12.375,1.24773586,1.34375,1976,420,19.8,1.02940989,1.34375,1797,740,18,2.04015255,1.34375,4042,376,40.5,0.928037763,1.34375,4042,1247.5,40.5,3.370902,1.34375,82.625,1.55,1.55,99.80922
09/08/2026 11:35:04,23.81,20.63,21.88,14.06,18.75,26.56,20.63,21.88,22.22,25,9.52,11.11,19.67,26.56,13.3647671,2996,611,1976,554.5,19.8,1.40399444,1.35625,1976,444,19.8,1.15007436,1.35625,1976,757,19.8,2.01238132,1.35625,4017,774.5,40.25,2.18278956,1.35625,4017,809,40.25,2.222424,1.35625,4017,324.5,40.25,0.9087255,1.35625,82.375,1.55,1.55,99.80922
09/08/2026 11:35:06,7.69,9.23,20,6.15,7.69,27.69,20,15.38,18.46,23.08,15.38,15.38,15.51,27.69,13.4294786,2452,623,1235,211.5,12.375,0.5341137,1.35,4042,515.5,40.5,1.30255723,1.35625,1797,763.5,18,1.98035192,1.35625,1797,736.5,18,2.02582574,1.35625,4042,830.5,40.5,2.19305825,1.36875,1797,682.5,18,1.85075116,1.36875,82,1.55,1.55,99.80915
09/08/2026 11:35:08,18.46,10.77,12.31,30.77,23.08,32.31,33.85,20,20,13.85,30.77,32.31,23.21,33.85,17.5364666,2853,903,1752,458.5,17.5555553,1.1294663,1.30625,3942,948,39.5,2.51757836,1.30625,3942,1151,39.5,2.93678737,1.30625,1752,965.5,17.5555553,2.734416,1.30625,3967,681.5,39.75,1.62682486,1.30625,1763,1213,17.666666,3.08919358,1.30625,82.5,1.55,1.55,99.80916
09/08/2026 11:35:10,20.31,17.19,7.81,7.81,0,7.81,48.44,67.19,15.62,4.69,20.31,17.19,19.53,67.19,14.8669128,2482,750,1797,645,18,1.71666861,1.35,4042,274.5,40.5,0.723962963,1.35,4042,141,40.5,0.2884466,1.35,1797,2277,18,5.49344349,1.35,1235,328,12.375,0.7804472,1.3625,1976,834,19.8,2.263155,1.3625,83.25,1.55,1.55,99.80918
09/08/2026 11:35:12,20.31,15.62,15.62,12.5,18.75,12.5,28.12,25,17.19,17.19,34.38,45.31,21.88,45.31,14.080802,3253,708,1774,545,17.7777786,1.53049934,1.35625,1774,382,17.7777786,0.9128184,1.35625,3992,337.5,40,0.7702167,1.35625,3992,911.5,40,2.463491,1.35625,3992,639.5,40,1.50428331,1.35625,3992,1430,40,3.3759737,1.35625,83.75,1.55,1.55,99.80918
09/08/2026 11:35:14,20,12.31,18.46,15.38,35.38,38.46,41.54,36.92,12.31,16.92,33.85,30.77,26.03,41.54,14.7746916,3294,763,1797,320,18,0.800341845,1.36875,4042,576.5,40.5,1.37276208,1.36875,4042,1184.5,40.5,2.87851,1.36875,1797,1101,18,2.64412785,1.36875,4042,368,40.5,0.8751613,1.36875,4042,1030.5,40.5,2.463373,1.375,83.375,1.55,1.55,99.80918
09/08/2026 11:35:16,6.25,1.56,9.38,4.69,12.5,10.94,75,93.75,9.38,0,12.5,0,19.66,93.75,14.9893284,2860,800,1725,154.5,17.7777786,0.364345074,1.3125,1774,342,17.7777786,1.0314573,1.3125,1763,474.5,17.666666,1.2908957,1.3125,3967,3351.5,39.75,7.838985,1.34375,3967,218,39.75,0.490353137,1.34375,3967,262,39.75,0.725194,1.34375,84.375,1.55,1.55,99.8092041
09/08/2026 11:35:18,15.87,11.11,15.87,14.29,17.46,20.63,44.44,39.68,30.16,30.16,26.98,21.88,24.05,44.44,15.117074,3294,802,1797,343.5,18,0.8346781,1.30625,4042,478.5,40.5,1.14849734,1.30625,4042,564,40.5,1.35206282,1.30625,4042,1479,40.5,3.58454156,1.30625,1797,1023,18,2.41541123,1.375,4042,924,40.5,2.20300484,1.375,84.125,1.55,1.55,99.80922
09/08/2026 11:35:20,29.69,20.31,23.44,26.56,14.06,18.75,42.19,35.94,34.38,28.12,43.75,31.25,29.04,43.75,19.9090137,2850,1227,1730,1040,17.333334,2.46451163,1.2875,1730,833.5,17.333334,1.92254472,1.2875,3893,731.5,39,1.62933862,1.2875,3893,1849.5,39,4.493889,1.2875,3893,1402.5,39,3.41541028,1.2875,1959,1502.5,19.625,3.781277,1.28125,83.875,1.55,1.55,99.80916
09/08/2026 11:35:22,23.08,13.85,30.77,18.46,16.92,18.46,44.62,43.08,32.31,32.31,44.62,26.15,28.72,44.62,19.4388733,2905,1225,1797,759.5,18,1.67618918,1.35625,1797,1010,18,2.24701738,1.35625,4017,728,40.25,1.57929885,1.35625,4017,1901,40.25,4.620809,1.35625,4017,1397,40.25,3.36094952,1.35625,1785,1554,17.88889,3.97365928,1.35625,83.625,1.55,1.55,99.80913
09/08/2026 11:35:24,18.75,9.38,20.31,18.75,26.56,28.12,25,10.94,18.75,18.75,40.62,39.06,22.92,40.62,16.40128,2388,864,1235,452.5,12.375,1.14960313,1.35625,1235,766,12.375,1.80800092,1.35625,1976,1029.5,19.8,2.47063637,1.35625,4042,596.5,40.5,1.54681718,1.35625,4042,787.5,40.5,1.97591245,1.35625,1797,1551,18,3.96439981,1.36875,83.25,1.55,1.55,99.80919
09/08/2026 11:35:26,17.19,6.25,18.75,6.25,25,37.5,10.94,12.5,18.75,21.88,37.5,28.12,20.05,37.5,14.4231262,2920,744,1797,372,18,0.8498725,1.36875,1797,288.5,18,0.703918457,1.36875,4042,973,40.5,2.236863,1.36875,4042,584.5,40.5,1.39116371,1.36875,4042,1071,40.5,2.59417582,1.36875,1797,1178,18,2.82841659,1.36875,83,1.55,1.55,99.80921
09/08/2026 11:35:28,9.52,9.38,39.68,25.4,28.57,30.16,11.11,3.17,11.11,12.7,33.33,28.57,20.23,39.68,14.78112,4017,785,4017,419,40.25,0.960087061,1.33125,4017,1302.5,40.25,3.01123047,1.33125,4017,1217.5,40.25,2.79862165,1.33125,4017,157,40.25,0.411150217,1.33125,4017,488.5,40.25,1.15581357,1.33125,4017,1124,40.25,2.612937,1.33125,82.375,1.55,1.55,99.8092041
09/08/2026 11:35:30,21.88,6.25,18.75,9.38,20.31,21.88,35.94,37.5,29.69,23.44,14.06,9.38,20.7,37.5,14.1057949,2899,730,1774,235.5,17.7777786,0.555756152,1.33125,1785,374.5,17.88889,0.849844635,1.33125,4017,794.5,40.25,1.81670511,1.33125,1785,1505.5,17.88889,3.61376429,1.33125,4017,974,40.25,2.25796056,1.33125,4017,493,40.25,1.17298007,1.33125,82.125,1.55,1.55,99.80919
09/08/2026 11:35:32,15.62,10.94,21.88,4.69,12.5,10.94,56.25,28.12,23.44,23.44,48.44,32.81,24.09,56.25,17.3832912,3273,971,1785,373.5,17.88889,0.9594132,1.34375,1785,624.5,17.88889,1.688447,1.34375,4017,651.5,40.25,1.65788388,1.34375,4017,1680,40.25,4.44383764,1.34375,4017,932,40.25,2.26649761,1.34375,4017,1564.5,40.25,4.187073,1.34375,83.125,1.55,1.55,99.80921
09/08/2026 11:35:34,31.25,20.31,15.62,18.75,14.06,17.19,45.31,32.81,21.88,20.31,60.94,39.06,28.12,60.94,18.739994,3285,1058,1797,709.5,18,1.76487172,1.3625,4042,696.5,40.5,1.70194376,1.3625,1797,642,18,1.47604811,1.3625,4017,1623.5,40.25,4.23376274,1.3625,4017,825.5,40.25,2.063448,1.35625,4042,1849.5,40.5,4.717374,1.35625,83.25,1.55,1.55,99.80916
09/08/2026 11:35:36,23.44,20.31,28.12,15.62,29.69,34.38,32.81,12.5,35.94,28.12,39.06,29.69,27.47,39.06,18.6190128,3645,1065,4017,846.5,40.25,2.13033438,1.33125,4017,879,40.25,2.1665554,1.33125,4017,1391.5,40.25,3.41192222,1.33125,1785,975,17.88889,2.60242629,1.33125,4017,1097.5,40.25,2.72222948,1.33125,4017,1198,40.25,3.26201177,1.33125,83,1.55,1.55,99.80918
09/08/2026 11:35:38,12.5,10.94,18.75,7.81,42.19,34.38,34.38,26.56,23.44,15.62,17.19,7.81,20.96,42.19,15.4858351,2539,817,1785,622,17.88889,1.44818306,1.3375,4017,574,40.25,1.4490869,1.3375,1797,1448,18,3.3119278,1.35625,4042,1211.5,40.5,2.80178952,1.35625,1797,588.5,18,1.41628909,1.35625,1797,460.5,18,1.18358445,1.35625,82.875,1.55,1.55,99.8092041
09/08/2026 11:35:40,20.63,20.63,25.4,17.46,17.46,12.7,39.68,33.33,34.92,31.75,22.22,15.87,24.34,39.68,17.6111774,3294,983,1797,750.5,18,1.90796864,1.35,4042,759,40.5,1.83885014,1.35,4042,785.5,40.5,2.0070045,1.35,1797,1440.5,18,3.60535169,1.35,4042,1104.5,40.5,2.7657454,1.35,4042,1060.5,40.5,2.81937885,1.35,82.75,1.55,1.55,99.80919
09/08/2026 11:35:42,24.62,12.31,15.38,13.85,15.38,21.54,33.85,32.31,30.77,38.46,46.15,27.69,26.03,46.15,18.2664623,3232,1053,1763,862,17.666666,2.11271334,1.29375,3967,418,39.75,0.9849455,1.29375,3967,679.5,39.75,1.68677676,1.29375,1763,1401,17.666666,3.54749775,1.29375,3967,1496,39.75,3.78467822,1.29375,3967,1462.5,39.75,3.92616367,1.29375,83.25,1.55,1.55,99.80919
09/08/2026 11:35:44,12.31,12.31,15.38,16.92,12.31,4.62,41.54,40,30.77,40,29.23,24.62,23.33,41.54,16.0666962,4042,889,4042,488.5,40.5,1.16048217,1.35,4042,559,40.5,1.39624,1.35,4042,331,40.5,0.799563348,1.35,4042,1472,40.5,3.48624587,1.35,4042,1618.5,40.5,3.87816453,1.35,4042,866,40.5,2.38099241,1.35,84,1.55,1.55,99.80921
09/08/2026 11:35:46,20.31,10.94,20.31,23.44,18.75,17.19,42.19,34.38,14.06,7.81,37.5,25,22.66,42.19,17.4892483,3967,973,3967,680.5,39.75,1.70900214,1.3,3967,804,39.75,2.00156736,1.3,3967,704,39.75,1.84029,1.3,3967,1770,39.75,4.39854145,1.3,3967,488.5,39.75,1.26097751,1.3,3967,1389,39.75,3.73313522,1.3,83.625,1.55,1.55,99.80914
09/08/2026 11:35:48,42.86,50.79,33.33,42.19,33.33,26.98,28.57,26.98,17.46,26.98,50.79,53.97,36.19,53.97,20.4541645,4013,1386,4017,1511.5,40.25,3.3498764,1.34375,4017,1499,40.25,3.05219555,1.34375,3992,919.5,40,1.69928265,1.34375,4017,1374.5,40.25,2.69782257,1.325,4017,995,40.25,2.309134,1.325,4017,2017.5,40.25,5.02438259,1.33125,83.625,1.55,1.55,99.8092
09/08/2026 11:35:50,45.31,29.69,28.12,18.75,12.5,14.06,42.19,31.25,10.94,17.19,45.31,45.31,28.39,45.31,17.8520432,2920,1075,4042,1483.5,40.5,3.67343926,1.3625,1797,748.5,18,1.78900158,1.3625,1797,569.5,18,1.25702739,1.3625,1797,1188,18,2.83144951,1.36875,4042,769,40.5,1.91939545,1.36875,4042,1693,40.5,4.292825,1.36875,84,1.55,1.55,99.80919
09/08/2026 11:35:52,9.38,3.12,12.5,6.25,32.81,35.94,21.88,20.31,9.38,14.06,40.62,34.38,20.05,40.62,14.905344,2496,786,1752,199,17.5555553,0.474870771,1.325,3967,291.5,39.75,0.7476202,1.29375,1763,1359.5,17.666666,3.14063334,1.29375,1763,803,17.666666,1.83386135,1.29375,1763,548.5,17.666666,1.36148942,1.29375,3967,1511.5,39.75,3.42318773,1.29375,84,1.55,1.55,99.80921
09/08/2026 11:35:54,7.69,4.62,13.85,7.69,29.23,4.62,81.54,93.85,12.31,10.77,4.62,1.54,22.69,93.85,14.6432619,2700,790,1235,147.5,12.375,0.347889721,1.28125,1235,273,12.375,0.6925204,1.28125,1976,630.5,19.8,1.818568,1.28125,3918,3332.5,39.25,7.44080257,1.28125,3918,253.5,39.25,0.5266083,1.28125,3918,105,39.25,0.210240036,1.28125,84.375,1.55,1.55,99.8092346
09/08/2026 11:35:56,9.38,6.15,17.19,9.23,18.46,23.08,56.25,53.12,10.94,3.08,62.5,40,25.78,62.5,18.0380936,3918,1057,3918,358,39.25,0.9212477,1.28125,3918,622.5,39.25,1.53539252,1.28125,3918,902,39.25,2.32262444,1.28125,3918,2188.5,39.25,4.901663,1.28125,3918,521.5,39.25,1.488195,1.28125,3918,1751.5,39.25,4.72412539,1.28125,84.75,1.55,1.55,99.80914
09/08/2026 11:35:58,25,14.06,29.69,20.31,21.88,12.5,65.62,23.44,42.19,39.06,57.81,35.94,32.29,65.62,20.9280586,3439,1278,3743,822.5,37.5,2.07876945,1.1875,3743,1138,37.5,2.75821543,1.1875,3743,824.5,37.5,1.795755,1.1875,1871,1736,18.75,5.175452,1.1875,3768,1404,37.75,3.79905,1.21875,3768,1741.5,37.75,4.47089434,1.21875,84.75,1.55,1.55,99.80915
09/08/2026 11:36:00,53.12,37.5,51.56,34.38,46.88,18.75,67.19,21.88,50,37.5,59.38,25,41.93,67.19,24.2068329,3810,1676,3818,1676,38.25,3.684397,1.3125,3818,1740,38.25,3.67424726,1.3125,3818,1328,38.25,2.90429068,1.3125,3818,1733.5,38.25,4.55247545,1.3125,3793,1663.5,38,4.056978,1.24375,3793,1918,38,5.044257,1.24375,84.875,1.55,1.55,99.80916
09/08/2026 11:36:02,17.19,6.25,23.44,18.75,10.94,14.06,15.62,1.56,26.56,32.81,46.88,42.19,21.35,46.88,15.3660364,3535,829,3942,418.5,39.5,0.9966483,1.36875,3942,762,39.5,1.82004988,1.375,3942,574.5,39.5,1.329417,1.375,3942,389.5,39.5,0.962343454,1.375,3768,1014.5,37.75,2.380989,1.2125,1675,1814.5,16.7777786,4.193195,1.2125,84.25,1.55,1.55,99.80915
09/08/2026 11:36:04,20.63,12.7,19.05,12.7,22.22,22.22,46.03,29.69,28.57,25.4,57.14,47.62,28.66,57.14,18.3011627,3487,1133,1708,631.5,17.11111,1.41369045,1.24375,3843,638.5,38.5,1.37970209,1.24375,3843,874,38.5,1.97186041,1.24375,3843,1586,38.5,3.51158571,1.24375,3843,1120.5,38.5,2.58333087,1.2625,3843,1945,38.5,4.56787872,1.2625,84.375,1.55,1.55,99.80915
09/08/2026 11:36:06,12.31,6.15,36.92,26.15,21.54,20,41.54,30.77,21.54,24.62,46.15,33.85,26.79,46.15,18.4743881,2539,1089,1959,587,19.625,1.41641057,1.29375,1741,1150,17.4444447,2.73871613,1.29375,1959,826,19.625,2.01057839,1.2875,1741,1275,17.4444447,3.31283927,1.2875,3918,1037.5,39.25,2.690539,1.2875,3918,1658,39.25,4.33548737,1.2875,84.25,1.55,1.55,99.80918
09/08/2026 11:36:08,18.75,12.5,20.31,7.81,32.81,28.12,20.31,15.62,21.88,28.12,40.62,28.12,22.92,40.62,16.0277157,2920,860,1797,532,18,1.23911178,1.3625,1797,453.5,18,1.14860547,1.3625,4042,961.5,40.5,2.25877547,1.3625,1797,782.5,18,1.932272,1.3625,4042,974,40.5,2.34882951,1.36875,4042,1456.5,40.5,3.50575757,1.36875,83.875,1.55,1.55,99.80922
09/08/2026 11:36:10,23.44,12.5,20.31,9.38,10.94,25,50,26.56,32.81,32.81,48.44,34.38,27.21,50,17.7383556,3645,1042,1785,434,17.88889,1.01078749,1.34375,4017,667.5,40.25,1.50982428,1.34375,4017,739.5,40.25,1.81031907,1.34375,4017,1434.5,40.25,3.31884456,1.34375,4017,1199.5,40.25,2.80614662,1.34375,4017,1780,40.25,4.33036,1.3375,84,1.55,1.55,99.8092
09/08/2026 11:36:12,21.88,10.77,26.15,15.62,15.38,17.19,42.19,35.38,37.5,32.31,53.12,43.75,29.27,53.12,18.3438759,2911,1095,4042,596.5,40.5,1.50930583,1.35,1797,792.5,18,1.91243756,1.35,4042,468,40.5,1.0771668,1.375,1785,1290,17.88889,3.48199463,1.36875,1785,1313,17.88889,3.2633667,1.36875,4017,2108,40.25,5.361847,1.36875,84.375,1.55,1.55,99.80914
09/08/2026 11:36:14,20.31,4.69,26.56,26.56,14.06,15.62,18.75,14.06,18.75,14.06,40.62,26.56,20.05,40.62,15.05302,3577,801,3942,348,39.5,0.8303864,1.33125,3942,1128,39.5,2.5336318,1.33125,3942,694.5,39.5,1.56833959,1.33125,1752,718,17.5555553,1.73954129,1.33125,3942,584.5,39.5,1.38955343,1.30625,3942,1333,39.5,3.149692,1.30625,84.125,1.55,1.55,99.80916
09/08/2026 11:36:16,20.63,14.29,22.22,15.87,30.16,28.57,25.4,26.98,25.4,26.98,60.32,57.14,29.5,60.32,16.6683331,3583,937,3942,428.5,39.5,1.04558456,1.3,3942,465,39.5,1.08949649,1.3,3942,1021.5,39.5,2.35490322,1.3,3942,866,39.5,2.06899548,1.3,3967,878,39.75,2.10021925,1.3125,1763,1964,17.666666,4.889959,1.3125,83.75,1.55,1.55,99.80918
09/08/2026 11:36:18,18.75,9.38,18.75,14.06,12.5,12.5,31.25,24.62,21.88,29.69,53.12,40.62,23.93,53.12,18.1309624,3294,1062,4042,555,40.5,1.301353,1.35625,1797,718,18,1.56795752,1.35625,1797,511.5,18,1.25216484,1.35625,4042,1357,40.5,3.1441505,1.35625,4042,1202.5,40.5,2.88184214,1.35625,4042,2028,40.5,5.05422974,1.36875,83.625,1.55,1.55,99.8092
09/08/2026 11:36:20,28.12,10.94,34.38,29.69,23.44,17.19,48.44,48.44,26.56,25,56.25,28.12,31.38,56.25,18.8125172,3273,1171,4017,697,40.25,1.63744617,1.3625,1785,1238,17.88889,2.720819,1.3625,4017,842,40.25,1.99723041,1.3625,1785,1801,17.88889,4.24348164,1.3625,4017,959,40.25,2.22440934,1.3625,4017,1490,40.25,3.80590081,1.3625,84,1.55,1.55,99.80921
09/08/2026 11:36:22,18.18,7.58,22.73,19.7,24.24,28.79,39.39,24.24,21.21,18.18,33.33,16.67,22.85,39.39,15.6808109,3261,905,1774,402.5,17.7777786,0.9125637,1.31875,1774,768,17.7777786,1.71491063,1.31875,3992,890,40,2.00668335,1.31875,3992,1473.5,40,3.240948,1.31875,4017,817.5,40.25,1.813011,1.3375,4017,1076,40.25,2.7553215,1.3375,83.75,1.55,1.55,99.80919
09/08/2026 11:36:24,25.4,15.87,25.4,26.98,17.46,14.29,46.03,23.81,23.81,28.12,68.25,51.56,30.58,68.25,18.2231922,3645,1053,4017,751,40.25,1.75616121,1.3625,4017,977,40.25,2.22057486,1.35,4017,534,40.25,1.2347312,1.35,1785,1083,17.88889,2.53381252,1.35,4017,895,40.25,2.054073,1.35,4017,2077,40.25,5.165968,1.35,83.75,1.55,1.55,99.80925
09/08/2026 11:36:26,17.19,14.06,18.75,17.19,17.19,14.06,31.25,31.25,39.06,48.44,50,23.44,26.82,50,17.5642433,3294,1027,1797,638.5,18,1.517352,1.34375,4042,764,40.5,1.73675418,1.34375,4042,552,40.5,1.33872581,1.34375,1797,1113.5,18,2.84784341,1.34375,4042,1687,40.5,4.09108353,1.34375,4042,1406,40.5,3.86544657,1.34375,84.25,1.55,1.55,99.80915
09/08/2026 11:36:28,15.62,14.06,29.69,31.25,12.5,10.94,18.75,18.75,34.38,45.31,39.06,29.69,25,45.31,15.091301,3523,831,1921,409,19.25,0.984779,1.2375,3843,770.5,38.5,1.86968744,1.2625,3843,271,38.5,0.5466933,1.2625,3843,850,38.5,2.06545854,1.2625,3843,1332,38.5,3.03623462,1.2625,3843,1352.5,38.5,3.13005662,1.2625,84.125,1.55,1.55,99.80919
09/08/2026 11:36:30,26.56,7.81,21.88,21.88,23.44,28.12,43.75,31.25,21.88,26.56,40.62,48.44,28.52,48.44,18.0479774,2865,1053,1763,448,17.666666,1.07607055,1.35625,1763,804,17.666666,1.94958282,1.30625,3967,832.5,39.75,1.92866325,1.30625,1763,1490,17.666666,3.37056947,1.30625,3967,995,39.75,2.37325287,1.30625,3967,1746,39.75,4.224742,1.30625,83.875,1.55,1.55,99.80922
09/08/2026 11:36:32,32.81,17.19,25,21.88,29.69,25,39.06,25,26.56,23.44,65.62,50,31.77,65.62,18.8529129,2533,1108,4017,786.5,40.25,1.91115117,1.35,1785,758,17.88889,1.84332716,1.35,4017,920.5,40.25,2.21604872,1.35,1785,1178.5,17.88889,3.068686,1.35,1797,840,18,2.12569141,1.34375,1797,2164,18,5.713282,1.34375,84,1.55,1.55,99.80917
09/08/2026 11:36:34,33.33,25.4,38.1,15.62,19.05,12.7,49.21,34.92,25.4,17.46,34.92,31.75,28.15,49.21,18.2638435,3192,1054,1741,1058,17.4444447,2.53198385,1.2875,1741,868.5,17.4444447,2.20674157,1.2875,3918,577.5,39.25,1.4293865,1.2875,3918,1505,39.25,3.655841,1.2875,3918,836,39.25,2.03219652,1.2875,3918,1480.5,39.25,3.74282646,1.2875,83.875,1.55,1.55,99.8092346
09/08/2026 11:36:36,20.31,14.06,31.25,20.31,18.75,12.7,42.19,32.81,25,35.94,43.75,40.62,28.14,43.75,18.401392,2875,1060,3967,775.5,39.75,1.98797834,1.33125,3967,755.5,39.75,1.83617806,1.33125,1774,495.5,17.7777786,1.13213658,1.3125,1774,1301,17.7777786,3.2739265,1.3125,1774,1208,17.7777786,2.833161,1.3125,3992,1827.5,40,4.62619352,1.3125,83.875,1.55,1.55,99.80917
09/08/2026 11:36:38,34.38,14.29,29.69,14.06,7.81,10.94,32.81,22.22,31.25,45.31,51.56,39.06,27.78,51.56,18.765543,2545,1104,1797,914.5,18,2.26795721,1.35625,4042,699.5,40.5,1.7473954,1.35625,1797,648.5,18,1.6747781,1.35625,1797,1099.5,18,2.81357956,1.35625,1797,1420,18,3.524903,1.35625,4042,1844.5,40.5,4.737339,1.35625,84,1.55,1.55,99.80919
09/08/2026 11:36:40,32.81,17.19,42.19,32.81,37.5,19.05,39.06,7.81,31.75,37.5,43.75,59.38,33.4,59.38,20.6900787,3620,1265,3992,797,40,1.81226027,1.33125,3992,1364.5,40,2.73939943,1.33125,1763,1240,17.666666,2.95268035,1.33125,3992,880,40,2.45288634,1.34375,3992,1330.5,40,3.12865877,1.3375,3992,1977.5,40,5.16291571,1.3375,84.25,1.55,1.55,99.80916
09/08/2026 11:36:42,21.88,12.5,25,28.12,28.12,7.81,35.94,28.12,25,14.06,28.12,21.88,23.05,35.94,16.6941814,3294,897,4042,541.5,40.5,1.35026073,1.375,1797,1156.5,18,2.73612,1.375,1797,441.5,18,1.10560238,1.375,4042,1247.5,40.5,3.05709338,1.375,4042,809,40.5,2.09648,1.375,4042,1185,40.5,2.98428154,1.375,84.125,1.55,1.55,99.8092
09/08/2026 11:36:44,20.31,21.88,20.31,12.5,12.5,3.12,40.62,31.25,28.12,28.12,54.69,28.12,25.13,54.69,17.5231228,3694,1004,1976,955,19.8,2.34078,1.31875,4042,572,40.5,1.419918,1.31875,4042,376.5,40.5,0.9046704,1.33125,4042,1304.5,40.5,3.22275782,1.33125,4042,1354,40.5,3.35636544,1.33125,4017,1464,40.25,3.84589744,1.34375,84.125,1.55,1.55,99.80919
09/08/2026 11:36:46,31.25,23.44,25,20.31,26.56,17.19,34.38,22.22,23.44,25,64.06,45.31,29.85,64.06,18.5904045,3639,1075,3992,682.5,40,1.757481,1.33125,1774,712.5,17.7777786,1.72504175,1.33125,4017,717,40.25,1.817239,1.33125,4017,1357,40.25,3.51100683,1.33125,4017,1009,40.25,2.540136,1.33125,4017,1974.5,40.25,5.083155,1.33125,84.125,1.55,1.55,99.809166
09/08/2026 11:36:48,12.31,4.62,38.46,30.77,15.38,20,33.85,35.38,24.62,15.38,29.23,24.62,23.72,38.46,17.653635,2847,923,1752,418,17.5555553,1.05044878,1.30625,1752,1233,17.5555553,3.34621429,1.31875,3942,701,39.5,1.86562169,1.31875,1752,1234,17.5555553,3.13594651,1.31875,3942,800,39.5,2.14247966,1.31875,3942,1150,39.5,3.04487348,1.31875,84.375,1.55,1.55,99.80915
09/08/2026 11:36:50,32.81,23.44,43.75,26.56,4.69,17.19,46.88,51.56,21.88,17.19,25,23.44,27.86,51.56,17.9626637,2865,988,3967,978,39.75,2.4211235,1.31875,1763,1118.5,17.666666,2.69754434,1.31875,1763,427.5,17.666666,1.04071832,1.31875,3967,1789.5,39.75,4.43787575,1.3125,1763,719,17.666666,1.83113754,1.3125,3967,897,39.75,2.28975463,1.3125,84.375,1.55,1.55,99.80921
09/08/2026 11:36:52,28.12,21.54,18.75,15.38,21.88,27.69,23.44,21.88,28.12,20.31,51.56,34.38,26.09,51.56,18.223629,2529,977,1785,801,17.88889,1.96584487,1.34375,4017,642.5,40.25,1.67749274,1.34375,1785,1041,17.88889,2.80775142,1.34375,1785,783,17.88889,2.21293259,1.34375,4017,1136,40.25,2.96834016,1.35,1785,1460.5,17.88889,3.824586,1.35,84.375,1.55,1.55,99.80922
09/08/2026 11:36:54,28.12,14.06,15.62,20.31,20.31,17.19,35.94,23.44,14.06,14.06,64.06,57.81,27.08,64.06,18.8275986,3622,1114,3992,843.5,40,2.08693886,1.35,1774,802.5,17.7777786,1.95439672,1.35,3992,738.5,40,1.77401376,1.35,3992,1208,40,2.98822212,1.33125,3992,712,40,1.81092739,1.33125,3992,2382.5,40,5.715831,1.33125,84.375,1.55,1.55,99.8092
09/08/2026 11:36:56,18.75,6.25,18.75,25,3.12,9.38,40.62,31.25,28.12,25,39.06,35.94,23.44,40.62,16.3131447,3281,930,1797,465.5,18,1.10716224,1.36875,1797,789.5,18,1.77404833,1.36875,4042,327,40.5,0.7015708,1.36875,4017,1400.5,40.25,3.262296,1.38125,4017,1074,40.25,2.53745484,1.38125,4017,1521.5,40.25,3.99328232,1.38125,84.25,1.55,1.55,99.80914
09/08/2026 11:36:58,29.69,28.12,39.06,33.33,31.25,21.88,35.94,32.81,34.38,35.94,56.25,34.38,34.42,56.25,18.8764572,4017,1207,4017,1097,40.25,2.175875,1.3375,4017,1218,40.25,2.47881031,1.3375,4017,878,40.25,1.70322812,1.3375,4017,1224.5,40.25,2.61452675,1.3375,4017,1109.5,40.25,2.32540584,1.34375,4017,1717.5,40.25,3.58286834,1.34375,83.625,1.55,1.55,99.80923
09/08/2026 11:37:00,23.44,12.5,31.25,25,17.46,9.52,53.12,35.94,23.44,11.11,50,46.88,28.3,53.12,18.11135,3645,1074,4017,638.5,40.25,1.4807384,1.34375,4017,866,40.25,1.91214383,1.34375,4017,586,40.25,1.28609514,1.34375,4017,1719,40.25,4.088803,1.34375,1785,693.5,17.88889,1.75640988,1.34375,4017,1939.5,40.25,4.87955952,1.34375,83.5,1.55,1.55,99.809166
09/08/2026 11:37:02,28.12,15.62,20.31,23.44,12.5,14.06,35.94,21.88,35.94,29.69,62.5,46.88,28.91,62.5,18.65139,3662,1145,1785,732.5,17.88889,1.75187862,1.36875,4017,855.5,40.25,2.0152092,1.36875,4042,663,40.5,1.5873524,1.35,4042,1265.5,40.5,3.05448365,1.35,4042,1244,40.5,2.89335275,1.35,4042,2107.5,40.5,5.221479,1.35,83.875,1.55,1.55,99.80914
09/08/2026 11:37:04,14.29,4.76,22.22,17.46,14.29,20.63,25.4,14.29,33.33,30.16,33.33,25.4,21.3,33.33,15.6824617,3868,864,3868,290.5,38.75,0.71224004,1.3125,3868,697,38.75,1.59562576,1.29375,3868,777,38.75,1.73452759,1.29375,3868,743,38.75,1.80689347,1.29375,3868,1377,38.75,2.90397573,1.29375,3868,1296.5,38.75,3.08132815,1.29375,83.625,1.55,1.55,99.80917
09/08/2026 11:37:06,28.79,7.58,25.76,12.12,22.73,24.24,46.97,34.85,19.7,27.27,22.73,16.67,24.12,46.97,16.2969265,2895,904,1785,532.5,17.88889,1.23962724,1.35625,1785,793.5,17.88889,1.81692922,1.35625,4017,906.5,40.25,2.12095666,1.35625,4017,1468.5,40.25,3.540605,1.35625,1774,935.5,17.7777786,2.0754025,1.35625,3992,790,40,1.82572639,1.35,83.875,1.55,1.55,99.809166
09/08/2026 11:37:08,21.54,23.08,33.85,26.15,16.92,18.46,60,23.08,49.23,29.23,43.08,15.38,30,60,18.3560715,3351,1067,1641,873.5,16.4444447,2.00501966,1.19375,3693,974,37,2.03774834,1.19375,3693,597.5,37,1.27307785,1.19375,3693,1515,37,4.55898237,1.19375,3693,1445.5,37,3.74718356,1.19375,3693,998,37,3.28489351,1.2,84.5,1.55,1.55,99.80919
09/08/2026 11:37:10,29.69,12.5,25,20.31,15.62,18.75,37.5,15.62,23.44,23.44,53.12,39.06,26.17,53.12,19.6776886,2628,1040,1597,816.5,16,1.8401053,1.16875,1597,953.5,16,2.194717,1.16875,3593,620.5,36,1.39644969,1.175,3593,1074.5,36,2.72233248,1.175,1797,1014.5,18,2.41544628,1.175,3593,1763,36,4.401145,1.175,84.625,1.55,1.55,99.80918
09/08/2026 11:37:12,34.38,13.85,34.38,33.85,21.88,13.85,37.5,31.25,28.12,23.44,45.31,43.08,30.07,45.31,21.4528027,3253,1138,3992,632,40,1.517988,1.33125,1774,1157,17.7777786,2.74754357,1.325,3992,668.5,40,1.55956709,1.325,1774,1643,17.7777786,3.89196873,1.325,3992,1033.5,40,2.618142,1.325,3992,1697,40,4.314715,1.325,84.25,1.55,1.55,99.8092
09/08/2026 11:37:14,9.38,4.69,14.06,14.06,7.81,17.19,42.19,45.31,31.25,35.94,32.81,21.88,23.05,45.31,17.5334454,2357,902,1235,256,12.375,0.5719489,1.3,1235,441,12.375,1.00228441,1.3,1976,411,19.8,0.9540668,1.3,1763,1765,17.666666,3.98595762,1.3,3967,1238,39.75,2.9241693,1.31875,3967,1302,39.75,3.29045415,1.31875,84.375,1.55,1.55,99.8092
09/08/2026 11:37:16,29.69,23.44,37.5,31.25,25,10.94,32.81,12.5,34.38,39.06,31.25,40.62,29.04,40.62,18.6379089,3294,942,4042,732.5,40.5,1.76604927,1.36875,4042,1264,40.5,3.00690937,1.35,4042,518,40.5,1.23389423,1.35,1797,408.5,18,1.06038523,1.35,1797,1225,18,2.91817379,1.35,4042,1507,40.5,3.69490981,1.35,84.25,1.55,1.55,99.80918
09/08/2026 11:37:18,18.75,15.62,17.19,18.75,12.5,14.06,43.75,26.56,26.56,35.94,60.94,48.44,28.26,60.94,20.4503269,2848,1089,1730,588.5,17.333334,1.454556,1.2625,1730,673.5,17.333334,1.54903865,1.2625,3893,557.5,39,1.21666539,1.2625,3893,1355.5,39,3.24426556,1.2625,3893,1266.5,39,3.0204885,1.275,1946,2095,19.5,5.14321852,1.275,84.375,1.55,1.55,99.8092346
09/08/2026 11:37:20,18.75,20.31,37.5,25,20.31,21.88,43.75,34.38,28.12,18.75,35.94,28.12,27.73,43.75,20.480444,2529,1128,1785,810,17.88889,1.8772372,1.35,1785,1008.5,17.88889,2.380676,1.35,4017,868,40.25,2.020663,1.35,1785,1671,17.88889,3.90770483,1.35,4017,999.5,40.25,2.39531279,1.35,1785,1410.5,17.88889,3.68258953,1.35,84.5,1.55,1.55,99.80919
09/08/2026 11:37:22,26.15,17.91,38.46,27.69,22.39,23.08,55.38,43.08,18.46,16.92,16.67,13.85,26.67,55.38,19.0998611,2511,1075,1797,922.5,18,1.94857442,1.3625,4042,1137,40.5,2.561673,1.3625,4042,840.5,40.5,1.760401,1.3625,1976,1894,19.8,4.0545,1.375,1235,805.5,12.375,1.83472562,1.375,1976,850,19.8,1.85517275,1.375,84.25,1.55,1.55,99.80923
09/08/2026 11:37:24,25,14.06,28.12,21.88,18.75,23.44,37.5,23.44,25,28.12,45.31,35.94,27.21,45.31,20.1287251,3273,1082,4017,779,40.25,1.84839714,1.325,1785,847,17.88889,1.88985658,1.325,4017,653.5,40.25,1.4500941,1.325,1785,1376.5,17.88889,3.143506,1.325,4017,1272,40.25,2.93290186,1.325,4017,1563,40.25,3.68470836,1.35,84.25,1.55,1.55,99.80922
09/08/2026 11:37:26,33.85,33.85,23.08,23.08,29.23,36.92,40,30.77,43.08,46.15,43.08,41.54,35.38,46.15,23.36574,3208,1393,3843,1376.5,38.5,3.05966067,1.25625,1708,1066.5,17.11111,2.373478,1.25625,3868,924,38.75,2.03051448,1.25,3893,1552.5,39,3.606612,1.275,1946,1714.5,19.5,4.048926,1.275,3992,1726.5,40,4.062416,1.2625,84.25,1.55,1.55,99.80922
09/08/2026 11:37:28,34.38,17.19,20.31,9.38,26.56,23.44,37.5,26.56,21.88,28.12,65.62,40.62,29.3,65.62,22.2296276,3281,1182,1785,994.5,17.88889,2.50755382,1.26875,1785,598,17.88889,1.47465515,1.26875,4017,1020,40.25,2.45729327,1.26875,4017,1311.5,40.25,3.33163762,1.35,4042,1193.5,40.5,3.01124859,1.3625,4042,1971.5,40.5,5.14021158,1.3625,84.375,1.55,1.55,99.809166
09/08/2026 11:37:30,29.23,20,15.38,16.92,27.69,30.77,3.08,7.58,16.92,16.92,32.31,30.77,20.63,32.31,16.5194912,3294,764,4042,821,40.5,2.028088,1.38125,1797,615,18,1.50655174,1.38125,4042,1120,40.5,2.84615874,1.38125,1797,233.5,18,0.563248634,1.38125,4042,712,40.5,1.71752179,1.375,4042,1082,40.5,2.53630447,1.375,84.125,1.55,1.55,99.80924
09/08/2026 11:37:32,25,9.38,20.31,10.94,28.12,23.44,29.69,26.56,23.44,21.88,15.62,14.06,20.7,29.69,16.44822,2736,782,1397,488.5,14,1.11431909,1.2625,1397,548,14,1.30334973,1.2625,3893,1177,39,2.78574347,1.26875,3893,967.5,39,2.22856736,1.26875,1946,778.5,19.5,1.81683636,1.26875,3893,730.5,39,1.71011829,1.26875,84,1.55,1.55,99.80918
09/08/2026 11:37:34,18.46,10.77,12.31,6.15,27.69,33.85,32.31,29.23,21.54,21.54,18.46,18.46,20.9,33.85,16.203661,3253,755,1774,617.5,17.7777786,1.51588237,1.34375,1774,326,17.7777786,0.7720732,1.35625,3992,1103.5,40,2.6881094,1.35625,3992,1156,40,2.69712281,1.35625,3992,777.5,40,1.7886337,1.35625,3992,550.5,40,1.28386223,1.35625,83.75,1.55,1.55,99.80918
09/08/2026 11:37:36,25,9.38,18.75,14.06,14.06,15.62,34.38,32.81,18.75,18.75,15.62,9.38,18.88,34.38,16.1343784,2675,761,1235,673.5,12.375,1.58690214,1.2625,1235,630.5,12.375,1.51223755,1.2625,1976,631.5,19.8,1.55436611,1.2625,3868,1228.5,38.75,2.60124731,1.2625,3868,751.5,38.75,1.711361,1.2625,3868,649,38.75,1.5535779,1.2625,83.75,1.55,1.55,99.80918
09/08/2026 11:37:38,18.18,7.58,16.67,7.58,18.18,31.82,31.82,25.76,13.64,19.7,19.7,19.7,19.19,31.82,16.6488132,4038,777,4042,541.5,40.5,1.24818015,1.35,4017,415.5,40.25,1.00106931,1.35,4042,1031,40.5,2.43474245,1.35625,4042,1174.5,40.5,2.88725042,1.35625,4042,652,40.5,1.56525266,1.35625,4042,845.5,40.5,1.94700634,1.35625,83.375,1.55,1.55,99.8092041
09/08/2026 11:37:40,15.38,9.23,15.38,10.77,4.62,7.69,24.62,20,29.23,27.69,33.85,33.85,19.36,33.85,16.4416618,2545,757,1797,526.5,18,1.31495929,1.36875,1797,532.5,18,1.31832087,1.36875,4042,196,40.5,0.439390063,1.36875,4042,1000,40.5,2.36861134,1.38125,1797,937.5,18,2.2100625,1.38125,1797,1348,18,3.1870935,1.38125,83.5,1.55,1.55,99.80925
09/08/2026 11:37:42,13.85,4.62,23.08,20,20,36.92,32.31,16.92,21.54,32.31,15.38,21.54,21.54,36.92,16.4126034,2920,756,1797,241.5,18,0.539050937,1.35,1797,537,18,1.40593708,1.35,4042,996.5,40.5,2.52052236,1.35,4042,935,40.5,2.39093161,1.35,1797,1163,18,2.76923585,1.35,4042,666,40.5,1.64170945,1.35,83.5,1.55,1.55,99.80921
09/08/2026 11:37:44,14.06,4.69,20.31,7.81,26.56,28.12,20.31,21.88,35.94,37.5,15.62,3.12,19.66,37.5,16.22989,2479,762,1397,401,14,0.986005843,1.3625,1797,537.5,18,1.26334083,1.3625,4042,1035,40.5,2.43803334,1.35,1797,931.5,18,2.15381265,1.35,4042,1293.5,40.5,3.008962,1.35,1797,370.5,18,0.900406,1.35,83.5,1.55,1.55,99.80915
09/08/2026 11:37:46,9.38,1.56,9.38,10.94,14.06,20.31,42.19,26.56,21.88,23.44,28.12,23.44,19.27,42.19,16.5463066,3294,780,4042,251.5,40.5,0.627748847,1.33125,4042,600,40.5,1.38486624,1.33125,1797,550.5,18,1.2693795,1.33125,4042,1332,40.5,3.04942751,1.3375,1797,973,18,2.2351625,1.3375,4042,973.5,40.5,2.306317,1.3375,83.875,1.55,1.55,99.8092346
09/08/2026 11:37:48,21.88,15.62,29.69,18.75,9.38,9.38,26.56,15.62,35.94,29.69,25,28.12,22.14,35.94,16.5588551,2756,791,3743,397,37.5,0.9572676,1.2125,1663,734,16.666666,1.61024559,1.20625,3743,359.5,37.5,0.766890347,1.20625,1884,634.5,18.875,1.4533993,1.18125,3793,1484.5,38,3.35393429,1.2375,1708,1134.5,17.11111,2.59609532,1.24375,83.75,1.55,1.55,99.80918
09/08/2026 11:37:50,18.75,14.06,18.75,12.5,17.19,23.44,25,33.85,28.12,32.81,34.38,26.56,23.78,34.38,18.2953053,3668,912,4042,792.5,40.5,1.83928144,1.3625,1797,533,18,1.2384907,1.3625,4042,696,40.5,1.59603631,1.3625,4042,1235,40.5,3.03957486,1.3625,4042,1105.5,40.5,2.600247,1.3625,4042,1109,40.5,2.696994,1.3625,83.5,1.55,1.55,99.80919
09/08/2026 11:37:52,26.98,18.75,15.87,6.35,15.87,25.4,23.81,15.87,30.16,36.51,22.22,19.05,21.4,36.51,17.00875,3232,817,1976,830,19.8,1.92576241,1.3,1741,376,17.4444447,0.8519081,1.3,3918,909.5,39.25,2.154685,1.2875,3918,863,39.25,2.04610634,1.2875,3918,1159,39.25,2.76194286,1.2875,3918,766.5,39.25,1.7933234,1.2875,83.375,1.55,1.55,99.8092651
09/08/2026 11:37:54,20,10.77,20,10.77,18.46,21.54,36.92,38.46,13.85,13.85,30.77,26.15,21.79,38.46,16.1462536,2498,748,1741,352.5,17.4444447,0.8517378,1.2625,1741,357,17.4444447,0.8640105,1.2625,3918,825.5,39.25,1.97555077,1.2625,4017,1460.5,40.25,3.38053,1.31875,1785,421,17.88889,0.9622681,1.31875,1785,1073.5,17.88889,2.539929,1.31875,83.375,1.55,1.55,99.80921
09/08/2026 11:37:56,17.19,9.38,17.19,18.75,50,51.56,10.94,14.06,10.94,12.5,9.38,6.25,19.01,51.56,17.2097874,4042,777,4042,497.5,40.5,1.20426953,1.3625,4042,775.5,40.5,2.01105881,1.3625,4042,2069.5,40.5,4.92948675,1.3625,4042,499.5,40.5,1.30918765,1.3625,4042,506,40.5,1.20771146,1.3625,4042,311.5,40.5,0.7326436,1.3625,83.125,1.55,1.55,99.8092
09/08/2026 11:37:58,10.77,3.08,16.92,7.69,13.85,13.85,6.15,1.54,29.23,29.23,63.08,63.08,21.54,63.08,16.6516724,2866,792,1774,187,17.7777786,0.475641459,1.31875,1774,355,17.7777786,0.9301916,1.31875,3992,425.5,40,1.31056273,1.31875,1671,96,17.7777786,0.229573444,1.31875,3992,1037.5,40,2.77972817,1.31875,3992,2649.5,40,5.877279,1.31875,84.25,1.55,1.55,99.809166
09/08/2026 11:38:00,12.31,4.62,10.77,6.15,21.54,15.38,56.92,76.92,10.77,6.15,23.08,13.85,21.54,76.92,16.5955925,4022,805,4042,193.5,40.5,0.4463626,1.3625,3921,203.5,40.5,0.464000553,1.36875,4042,711,40.5,1.9695189,1.36875,4042,2682,40.5,6.12818336,1.36875,4042,318,40.5,0.729274035,1.36875,4042,720.5,40.5,1.75703883,1.375,84.625,1.55,1.55,99.8092041
09/08/2026 11:38:02,12.31,3.08,9.23,4.62,23.08,23.08,69.23,83.08,10.77,0,4.62,4.62,20.64,83.08,16.1746235,3836,780,3661,138.5,39.25,0.326423615,1.3125,3681,231.5,39.25,0.5467134,1.3125,3918,915.5,39.25,2.52655149,1.3125,3918,3034.5,39.25,6.61202335,1.3125,3918,173.5,39.25,0.355711848,1.3125,3918,185.5,39.25,0.557021,1.3125,84.75,1.55,1.55,99.8091354
09/08/2026 11:38:04,9.23,6.15,12.31,4.62,3.03,35.38,70.77,90.77,6.15,1.54,10.77,1.54,21.02,90.77,16.6980476,2752,790,1397,178.5,14,0.440850645,1.30625,1235,254.5,12.375,0.583581567,1.3125,1976,645.5,19.8,2.228971,1.3125,3967,3233.5,39.75,7.272185,1.3125,3967,185,39.75,0.389547378,1.3125,3967,243,39.75,0.7949915,1.3125,84.75,1.55,1.55,99.80918
09/08/2026 11:38:06,9.38,7.81,48.44,45.31,6.25,14.06,28.12,15.62,7.81,4.69,29.69,12.5,19.14,48.44,17.1257458,2543,777,1797,334.5,18,0.970431268,1.3625,1797,1934.5,18,4.699746,1.3625,4042,443,40.5,1.11775053,1.3625,4042,919,40.5,2.65581131,1.3625,1797,232.5,18,0.680966,1.3625,1785,796,17.88889,2.14727473,1.36875,84.375,1.55,1.55,99.809166
09/08/2026 11:38:08,15.15,6.06,34.85,34.85,22.73,16.67,28.79,33.33,9.09,18.18,25.76,19.7,22.1,34.85,17.1061859,2765,794,1397,231,14,0.593787134,1.275,1397,1211.5,14,2.87751484,1.275,3942,750,39.5,1.87213719,1.275,3942,1136,39.5,2.67296267,1.3,1971,622,19.75,1.7540096,1.3,3942,815.5,39.5,1.862546,1.3,84.25,1.55,1.55,99.8092041
09/08/2026 11:38:10,14.06,7.81,20.31,15.62,15.62,15.62,25,17.19,14.06,12.5,34.38,34.38,18.88,34.38,16.8215351,2901,818,1785,487.5,17.88889,1.11647129,1.30625,1785,687.5,17.88889,1.55842853,1.325,4017,754,40.25,1.70138824,1.325,1785,951,17.88889,2.25198865,1.325,4017,601.5,40.25,1.3553009,1.325,4017,1424,40.25,3.18374968,1.325,83.375,1.55,1.55,99.80917
09/08/2026 11:38:12,28.57,36.51,33.33,38.1,41.27,38.1,52.38,52.38,30.16,25.4,50.79,55.56,40.21,55.56,24.5058727,3622,1556,1774,1178.5,17.7777786,2.3276546,1.31875,3992,1208.5,40,2.30747485,1.31875,3992,1448,40,2.84435248,1.31875,3992,2087,40,4.41785145,1.3375,3992,1314.5,40,2.99849415,1.3375,3992,2100.5,40,4.79069567,1.3375,83.625,1.55,1.55,99.8092346
09/08/2026 11:38:14,20,10.77,30.77,23.08,13.85,12.31,27.69,16.92,33.85,50.77,53.85,35.38,27.44,53.85,21.1059685,3273,1134,1785,797.5,17.88889,1.93220258,1.36875,4017,804,40.25,1.86785293,1.36875,1785,494,17.88889,1.1298368,1.36875,4017,1144.5,40.25,2.92748547,1.36875,4017,1685.5,40.25,4.1714325,1.3375,4017,1875.5,40.25,4.86883926,1.3375,83.5,1.55,1.55,99.8092041
09/08/2026 11:38:16,23.81,15.87,26.98,26.98,7.94,11.11,30.16,25.4,26.98,31.75,31.75,23.81,23.54,31.75,17.17174,2920,826,1797,523.5,18,1.20002711,1.34375,4042,983.5,40.5,2.31263447,1.34375,1797,255,18,0.569660962,1.34375,1797,1047,18,2.492345,1.34375,4042,1106.5,40.5,2.56006,1.35625,4042,1043,40.5,2.426785,1.35625,83.625,1.55,1.55,99.80916
09/08/2026 11:38:18,17.19,7.81,17.19,21.88,28.12,35.94,35.94,21.88,28.12,35.94,34.38,21.88,25.52,35.94,19.5902462,3294,1024,1797,451.5,18,1.11640644,1.3625,4042,808.5,40.5,1.91691661,1.3625,4042,1126.5,40.5,2.66946626,1.3625,1797,1217.5,18,3.077205,1.3625,4042,1370.5,40.5,3.43276072,1.3625,4042,1168,40.5,3.05976915,1.3625,83.75,1.55,1.55,99.8092041
09/08/2026 11:38:20,41.54,23.08,30.77,30.77,36.92,24.62,33.85,35.38,52.31,44.62,52.31,32.31,36.54,52.31,23.0751743,2570,1458,3893,1171,39,2.24251819,1.2625,1730,1085,17.333334,2.0726192,1.2625,1959,1347.5,19.625,2.79636049,1.28125,3918,1649,39.25,3.44085145,1.28125,1959,1775.5,19.625,3.9022007,1.28125,1959,1722.5,19.625,3.8193996,1.28125,83.75,1.55,1.55,99.80923
09/08/2026 11:38:22,28.57,22.22,28.57,31.75,20.63,17.46,28.57,26.98,28.57,30.16,49.21,42.86,29.63,49.21,19.4784775,2901,1045,1785,692,17.88889,1.60157788,1.35625,1785,1029,17.88889,2.34475,1.35625,4017,704.5,40.25,1.57788837,1.35625,4017,1050,40.25,2.45610619,1.35625,1785,1047,17.88889,2.38991165,1.3625,4017,1747.5,40.25,4.390743,1.3625,84,1.55,1.55,99.8092651
09/08/2026 11:38:24,25,3.12,25,14.06,23.44,31.25,48.44,48.44,18.75,23.44,39.06,25,27.08,48.44,20.04499,3253,1038,3992,475.5,40,1.18419468,1.3375,1774,788.5,17.7777786,1.91337466,1.3375,3992,1000,40,2.36223984,1.3375,3992,1874.5,40,4.532214,1.3375,1774,919,17.7777786,2.27810621,1.35625,3992,1169,40,3.18793654,1.35625,84,1.55,1.55,99.80919
09/08/2026 11:38:26,20,12.31,23.08,13.85,23.08,20,40,30.77,20,23.08,55.38,38.46,26.67,55.38,20.9401646,3622,1096,1774,783.5,17.7777786,1.86311388,1.34375,3992,879.5,40,1.96874809,1.34375,3992,870,40,2.143528,1.3375,3992,1501.5,40,3.62681985,1.3375,3992,983,40,2.404084,1.3375,3992,1556,40,3.99364948,1.3375,83.75,1.55,1.55,99.80919
09/08/2026 11:38:28,15.62,9.38,20.31,20.31,28.12,34.38,35.94,26.56,14.06,17.19,31.25,25,23.18,35.94,18.3958111,3668,910,4042,436,40.5,1.01913822,1.35625,4042,614.5,40.5,1.48593068,1.35625,4042,1274,40.5,2.944199,1.35625,1797,1144,18,2.95474482,1.35625,4042,833.5,40.5,2.038975,1.35625,4042,1159.5,40.5,3.04595971,1.35625,83.75,1.55,1.55,99.80917
09/08/2026 11:38:30,23.81,12.7,38.1,28.57,28.57,19.05,36.51,20.63,34.92,31.75,31.75,28.57,27.91,38.1,17.8008537,3294,835,4042,575,40.5,1.36020935,1.33125,1797,1003.5,18,2.43314028,1.33125,4042,760,40.5,1.91268921,1.33125,4042,757,40.5,1.79760325,1.33125,4042,977.5,40.5,2.31577468,1.36875,1797,939,18,2.17670631,1.3625,83.5,1.55,1.55,99.80922
09/08/2026 11:38:32,23.44,10.94,17.19,7.81,14.06,9.38,26.56,18.75,26.56,25,37.5,28.12,20.44,37.5,17.2243061,2920,833,1797,564,18,1.33818221,1.35625,4042,453.5,40.5,1.12552357,1.35625,1797,656,18,1.51095057,1.35625,1797,1004,18,2.213689,1.35625,4042,988.5,40.5,2.21599245,1.35625,4042,1330.5,40.5,3.12198353,1.35625,83.75,1.55,1.55,99.80923
09/08/2026 11:38:34,21.88,7.81,32.81,25,23.44,18.75,48.44,40.62,28.12,31.25,53.12,45.31,31.38,53.12,20.560854,3263,1081,3992,520.5,40,1.1508261,1.33125,3992,828,40,1.86441112,1.33125,1774,701.5,17.7777786,1.59411979,1.33125,4017,1550,40.25,3.66541576,1.35,4017,1070.5,40.25,2.59943438,1.35,1785,1816.5,17.88889,4.54388142,1.35,83.75,1.55,1.55,99.80919
09/08/2026 11:38:36,32.81,18.75,21.88,18.75,18.75,20.31,37.5,15.62,29.69,29.69,57.81,37.5,28.26,57.81,21.5524464,3273,1143,4017,888.5,40.25,2.174943,1.34375,4017,943,40.25,2.189115,1.34375,4017,747,40.25,1.75601685,1.34375,1785,1090,17.88889,2.90662956,1.34375,1785,1276,17.88889,3.22792268,1.34375,4017,1911,40.25,5.19743729,1.34375,83.625,1.55,1.55,99.8092346
09/08/2026 11:38:38,15.38,10.77,12.31,4.62,13.85,12.31,32.31,30.77,16.92,16.92,41.54,30.77,19.87,41.54,16.9314289,3294,814,1797,532.5,18,1.21240759,1.35,4042,375,40.5,0.8569325,1.35625,4042,514,40.5,1.16211271,1.35625,1797,1192,18,2.70424461,1.35625,4042,755,40.5,1.840806,1.35625,4042,1515,40.5,3.40331078,1.35625,83.75,1.55,1.55,99.80919
09/08/2026 11:38:40,26.98,7.81,20.31,26.56,23.44,23.44,44.44,28.57,28.57,31.25,42.86,41.27,28.79,44.44,20.8156338,3992,1076,3992,770.5,40,1.776247,1.325,3992,685.5,40,1.59864831,1.35625,3992,774,40,1.79514289,1.35625,3992,1357.5,40,3.27417135,1.35625,3992,1167,40,2.844396,1.35625,3992,1701,40,4.33287334,1.35625,83.5,1.55,1.55,99.80922
09/08/2026 11:38:42,38.1,19.05,22.22,15.87,22.22,25.4,47.62,25,26.98,25.4,46.03,34.92,29.07,47.62,21.52241,3655,1156,4017,905,40.25,2.18600535,1.35625,4017,719.5,40.25,1.74575078,1.35,4017,937,40.25,2.19749,1.35,4042,1662,40.5,4.12334442,1.34375,1797,1195.5,18,3.04472637,1.34375,4042,1516.5,40.5,4.027819,1.34375,83.875,1.55,1.55,99.80916
09/08/2026 11:38:44,12.5,3.12,18.75,18.75,14.06,25,51.56,45.31,18.75,15.62,20.31,12.5,21.35,51.56,16.9849453,2907,808,1785,334,17.88889,0.7856753,1.35,1785,610,17.88889,1.51055038,1.35,4017,728.5,40.25,1.78601646,1.35,4017,1848.5,40.25,4.237841,1.35,4042,615.5,40.5,1.42383623,1.36875,1797,710,18,1.6854316,1.36875,84.375,1.55,1.55,99.80916
09/08/2026 11:38:46,19.05,12.7,34.92,30.16,20.63,9.52,39.68,33.33,34.92,26.98,44.44,36.51,28.57,44.44,20.91503,2840,1097,1741,563.5,17.4444447,1.388981,1.26875,3918,1339,39.25,3.10115981,1.2875,1741,569,17.4444447,1.47711062,1.2875,3918,1557.5,39.25,3.954813,1.2875,1752,925.5,17.5555553,2.27070117,1.2625,3967,1629.5,39.75,4.03116465,1.29375,84.375,1.55,1.55,99.80914
09/08/2026 11:38:48,29.23,13.85,23.08,23.08,15.38,21.54,44.62,27.69,23.08,29.23,55.38,46.15,29.36,55.38,21.3832722,3273,1134,1785,755.5,17.88889,1.82529485,1.34375,4017,885,40.25,2.104211,1.35,4017,708.5,40.25,1.66191351,1.35,1785,1127.5,17.88889,2.814856,1.35,4017,1097.5,40.25,2.71641326,1.35,4017,2227.5,40.25,5.50686646,1.35,84.375,1.55,1.55,99.80915
09/08/2026 11:38:50,26.98,19.05,34.92,30.16,23.81,23.81,50.79,31.25,36.51,33.33,44.44,28.57,31.97,50.79,22.6235237,3992,1316,3992,1293.5,40,3.06225657,1.3625,3992,1177.5,40,2.60014582,1.3625,3992,1005.5,40,2.33704448,1.3625,3992,1501,40,3.62510824,1.3625,3992,1328,40,3.25516772,1.3625,3992,1587.5,40,3.91543555,1.34375,84.125,1.55,1.55,99.80926
09/08/2026 11:38:52,18.46,20,26.15,16.92,16.92,23.08,29.23,24.62,33.85,38.46,29.23,32.31,25.77,38.46,18.4035912,3718,956,3718,752.5,37.25,1.69254375,1.2125,3718,602.5,37.25,1.312891,1.2125,3718,822,37.25,1.79707348,1.2125,3718,1029.5,37.25,2.45103455,1.2125,3718,1302,37.25,2.895526,1.2125,3718,1228.5,37.25,2.77364755,1.2125,84.375,1.55,1.55,99.809166
09/08/2026 11:38:54,18.75,4.69,12.5,6.25,20.31,32.81,26.56,17.19,17.19,17.19,48.44,46.88,22.4,48.44,17.4422684,3622,849,3992,349.5,40,0.8174909,1.31875,3992,419,40,0.978917062,1.31875,3992,892,40,2.15462756,1.31875,3992,973.5,40,2.24360442,1.31875,1774,663.5,17.7777786,1.52109993,1.31875,3992,1796,40,4.20303535,1.31875,84.5,1.55,1.55,99.80917
09/08/2026 11:38:56,21.88,4.69,21.88,26.56,29.69,26.56,31.25,23.44,20.31,26.56,54.69,45.31,27.73,54.69,21.3713455,3273,1115,4017,602,40.25,1.42923594,1.3375,1785,1027.5,17.88889,2.45205641,1.3375,4017,1175,40.25,2.776082,1.3375,1785,1116.5,17.88889,2.654098,1.3375,4017,795,40.25,1.9323653,1.34375,4017,1971.5,40.25,4.966472,1.34375,84.125,1.55,1.55,99.80917
09/08/2026 11:38:58,26.15,6.15,12.31,20,27.69,13.85,47.69,33.85,29.23,26.15,50.77,30.77,27.05,50.77,21.3943272,3144,1148,1235,672,12.375,1.7201215,1.28125,1959,819,19.625,2.03249931,1.28125,3918,855,39.25,2.23917961,1.26875,3918,1525.5,39.25,3.73535633,1.26875,3918,1263.5,39.25,3.09230042,1.26875,3918,1750,39.25,4.68015146,1.26875,84.25,1.55,1.55,99.80918
09/08/2026 11:39:00,14.06,10.94,18.75,10.94,29.69,31.25,28.12,25,25,23.44,25,17.19,21.61,31.25,16.8814,2920,799,1797,415,18,0.9902029,1.3625,4042,590,40.5,1.42214262,1.36875,4042,1068.5,40.5,2.59476542,1.36875,4042,1035.5,40.5,2.41061759,1.36875,1797,888,18,2.03895378,1.36875,1797,798,18,1.87843227,1.36875,84.125,1.55,1.55,99.80918
09/08/2026 11:39:02,23.08,10.77,35.38,24.62,16.92,13.85,33.85,21.54,23.08,15.38,47.69,23.08,24.1,47.69,19.1525211,3645,956,4017,651,40.25,1.56305623,1.35,4017,1076,40.25,2.533504,1.35,1785,691.5,17.88889,1.66159511,1.35,4017,859,40.25,2.08408856,1.35,4017,857.5,40.25,2.05137825,1.35,4017,1602.5,40.25,3.835935,1.35,83.75,1.55,1.55,99.80921
09/08/2026 11:39:04,14.06,7.81,26.56,23.44,14.06,14.06,37.5,28.12,21.88,17.19,25,18.75,20.7,37.5,16.7358418,3294,801,1797,377,18,0.8935585,1.38125,4042,980.5,40.5,2.30582547,1.38125,4042,681,40.5,1.62523055,1.38125,1797,1253.5,18,2.90381336,1.38125,4042,739.5,40.5,1.70734167,1.38125,4042,776.5,40.5,1.77082336,1.38125,83.5,1.55,1.55,99.80923
09/08/2026 11:39:06,21.88,17.19,25,21.88,10.94,12.5,28.12,18.75,50,53.12,31.25,10.94,25.13,53.12,19.6065845,2920,1006,1797,775,18,1.96553159,1.3625,4042,988,40.5,2.41412377,1.3625,1797,624.5,18,1.55618107,1.36875,1797,947,18,2.39619732,1.36875,4042,1696.5,40.5,4.25906563,1.36875,4042,1008,40.5,2.71297574,1.35,83.625,1.55,1.55,99.80918
09/08/2026 11:39:08,23.08,12.31,30.77,21.54,23.08,9.23,29.23,18.46,55.38,55.38,43.08,40,30.13,55.38,20.5031433,3232,1069,1763,860,17.666666,2.18592978,1.35625,3967,839.5,39.75,2.11363244,1.35625,3967,543.5,39.75,1.386757,1.35625,3967,660,39.75,1.67628336,1.35625,1763,2080,17.666666,5.134346,1.3125,3967,1432,39.75,3.666411,1.3125,83.875,1.55,1.55,99.80918
09/08/2026 11:39:10,34.38,18.75,26.56,12.5,23.44,14.06,39.06,18.75,34.38,32.81,39.06,31.25,27.08,39.06,20.4853649,3219,1086,3918,811.5,39.25,2.057752,1.28125,3868,792,38.75,1.92927539,1.2875,3843,719,38.5,1.717518,1.2875,3843,1111,38.5,2.80769563,1.28125,1921,1530,19.25,3.82246,1.28125,1921,1551,19.25,4.03065443,1.28125,84.125,1.55,1.55,99.809166
09/08/2026 11:39:12,12.5,0,14.06,15.62,32.81,29.69,12.5,1.56,20.31,23.44,42.19,39.06,20.31,42.19,16.6521969,2479,765,1397,250,14,0.6424417,1.3375,1797,521,18,1.283419,1.35,4042,1087,40.5,2.7599442,1.35,1797,243,18,0.616063237,1.35,1797,930.5,18,2.25992465,1.35,4042,1558,40.5,3.65606475,1.35,83.875,1.55,1.55,99.80915
09/08/2026 11:39:14,12.5,7.81,9.38,1.56,21.88,28.12,14.06,17.19,9.38,17.19,40.62,34.38,17.84,40.62,16.4107056,2545,756,1797,356.5,18,0.8635501,1.35625,1797,234.5,18,0.546282053,1.35625,4042,1038,40.5,2.63653564,1.35625,1797,585.5,18,1.465809,1.36875,4042,761.5,40.5,1.84867823,1.36875,1797,1558,18,3.625356,1.375,83.625,1.55,1.55,99.80917
09/08/2026 11:39:16,23.08,21.54,23.08,24.62,12.31,6.15,13.85,12.31,18.46,21.54,38.46,32.31,20.64,38.46,16.9422817,3294,798,4042,664,40.5,1.59105194,1.3625,4042,1072.5,40.5,2.525785,1.3625,4042,288,40.5,0.6845297,1.3625,1797,596.5,18,1.39037681,1.3625,4042,775.5,40.5,1.89099956,1.3625,1797,1391,18,3.24820638,1.3625,83.375,1.55,1.55,99.8092346
09/08/2026 11:39:18,29.23,27.69,10.77,9.23,30.77,26.15,12.31,9.23,20,21.54,18.46,10.77,18.85,30.77,16.2857151,3668,756,4042,1084,40.5,2.53773069,1.3625,4042,416,40.5,0.9754918,1.3625,1797,1141,18,2.65343857,1.3625,4042,452,40.5,1.09176934,1.3875,4042,825,40.5,1.92788672,1.3875,4042,618,40.5,1.40274155,1.3875,83,1.55,1.55,99.80919
09/08/2026 11:39:20,21.88,25,29.69,26.56,25,21.88,29.69,21.88,18.75,12.5,48.44,50,27.6,50,18.412447,2543,931,1797,788,18,1.87261379,1.33125,1785,875.5,17.88889,1.951481,1.33125,4042,761,40.5,1.834805,1.33125,1797,843,18,1.96534371,1.33125,4042,529.5,40.5,1.2469697,1.35625,1797,1788,18,4.243979,1.35625,83.125,1.55,1.55,99.80917
09/08/2026 11:39:22,29.69,25,17.19,6.25,18.75,25,20.31,10.94,15.62,20.31,26.56,25,20.05,29.69,17.74994,2014,812,4042,1014,40.5,2.44576526,1.375,1797,483.5,18,1.25171232,1.375,1797,878,18,2.25121713,1.375,1976,556,19.8,1.35146749,1.375,1235,761.5,12.375,1.94589865,1.3125,1235,1180,12.375,3.01539469,1.3125,83.125,1.55,1.55,99.80918
09/08/2026 11:39:24,28.12,25,32.81,25,39.06,26.56,28.12,20.31,34.38,32.81,42.19,20.31,29.56,42.19,20.7139874,3660,1146,4042,1033,40.5,2.186991,1.3125,1797,1115,18,2.47246265,1.3125,4042,1296.5,40.5,2.79855871,1.3125,4042,968.5,40.5,1.96545148,1.3125,4042,1301,40.5,2.87354374,1.3125,3992,1164,40,2.62236953,1.3125,83,1.55,1.55,99.80918
09/08/2026 11:39:26,9.38,15.62,17.19,7.81,18.75,12.5,42.19,37.5,18.46,25,34.38,25,21.98,42.19,17.89281,3294,880,4042,438,40.5,1.19073427,1.35,4042,498,40.5,1.12854838,1.375,1797,699.5,18,1.64905787,1.375,1797,1627.5,18,3.74544859,1.36875,4042,919,40.5,2.207453,1.36875,4042,1097.5,40.5,2.58279753,1.375,83.5,1.55,1.55,99.8092041
09/08/2026 11:39:28,16.92,9.23,29.23,21.54,15.38,13.85,24.62,27.69,23.08,30.77,41.54,29.23,23.59,41.54,17.7056866,2920,860,1797,495,18,1.20549393,1.35,1797,749.5,18,1.7655803,1.35,4042,450,40.5,1.00147974,1.3625,4042,1014.5,40.5,2.368852,1.3625,4042,1224,40.5,2.87106919,1.3625,1797,1225.5,18,2.87566519,1.375,83.5,1.55,1.55,99.8092
09/08/2026 11:39:30,13.85,13.85,21.54,13.64,13.85,7.69,21.54,18.46,29.23,32.31,26.15,23.08,19.6,32.31,16.6078358,3294,788,4042,604.5,40.5,1.461677,1.35,1797,643,18,1.55371022,1.35,4042,402,40.5,0.9020741,1.35,1797,634,18,1.53062654,1.35,4042,1303.5,40.5,3.03357673,1.35,4042,1140,40.5,2.669251,1.35,83.5,1.55,1.55,99.80924
09/08/2026 11:39:32,9.23,3.08,15.38,0,35.38,32.31,32.31,18.46,23.08,20,32.31,27.69,20.77,35.38,17.377512,3992,787,3992,385.5,40,0.915734649,1.35625,3992,231,40,0.5942824,1.35625,3992,1201.5,40,2.92312551,1.35625,3992,1018.5,40,2.49841738,1.35625,3992,724,40,1.75550413,1.35625,3992,1161,40,2.765694,1.35625,83.375,1.55,1.55,99.8092
09/08/2026 11:39:34,23.44,12.5,23.44,21.88,35.94,25,54.69,31.25,23.44,28.12,20.31,7.81,25.65,54.69,19.9968338,3529,978,3843,622.5,38.5,1.52744555,1.25625,3843,839.5,38.5,2.267999,1.25625,3843,1179.5,38.5,3.0134306,1.25625,3843,1670.5,38.5,4.74255037,1.25625,3868,1069,38.75,2.79014444,1.26875,1934,487,19.375,1.34417677,1.26875,83.875,1.55,1.55,99.80919
09/08/2026 11:39:36,34.92,15.87,31.75,15.87,26.98,34.92,52.38,23.81,38.1,17.46,69.84,23.81,32.14,69.84,23.9588737,3992,1169,3992,759.5,40,1.98615885,1.325,3992,930,40,2.3099072,1.325,3992,1262.5,40,3.12338185,1.325,3992,1467.5,40,4.45812464,1.325,3992,890,40,2.49377227,1.325,3992,1706,40,5.76630974,1.31875,84.375,1.55,1.55,99.80923
09/08/2026 11:39:38,29.69,18.75,34.38,26.56,35.94,29.69,48.44,53.12,26.56,21.88,35.94,23.44,32.03,53.12,19.2458172,3288,1052,4042,705,40.5,1.51294971,1.35,1797,792,18,1.80961871,1.35,4042,976.5,40.5,1.78478825,1.35,4042,2053.5,40.5,4.12478447,1.35,4017,728,40.25,1.86488056,1.36875,1785,1056.5,17.88889,2.78743744,1.36875,84.375,1.55,1.55,99.8092041
09/08/2026 11:39:40,18.46,16.92,21.54,6.15,1.54,9.23,26.15,3.08,21.54,12.31,43.08,24.62,17.05,43.08,16.2353821,3668,640,4042,514,40.5,1.297231,1.35625,4042,421,40.5,1.2786696,1.35625,1797,208.5,18,0.4555976,1.35625,4042,607.5,40.5,1.94362974,1.35625,4042,752,40.5,2.03172731,1.35625,4042,1337.5,40.5,4.008286,1.35625,83.625,1.55,1.55,99.8092
09/08/2026 11:39:42,7.81,1.56,10.94,3.12,7.81,6.35,70.31,75,14.06,17.19,14.06,9.38,19.8,75,16.35638,3176,814,1397,226,14,0.5704017,1.30625,1763,269.5,17.666666,0.6883269,1.31875,3967,319.5,39.75,0.865726054,1.31875,3967,2885,39.75,6.88738966,1.31875,3967,659,39.75,1.69144976,1.31875,3992,523,40,1.382438,1.35,84.375,1.55,1.55,99.809166
09/08/2026 11:39:44,15.38,1.54,27.69,16.92,23.08,1.54,20,12.31,26.15,20,63.08,46.15,22.82,63.08,18.5876751,2718,896,1235,371.5,12.375,0.974009752,1.33125,1235,794.5,12.375,2.21247435,1.33125,1785,428.5,17.88889,1.16349638,1.3625,4017,690,40.25,2.015163,1.3625,4017,969.5,40.25,2.64875555,1.3625,4017,2122.5,40.25,5.713524,1.3625,84.375,1.55,1.55,99.80917
09/08/2026 11:39:46,7.69,0,15.62,0,7.69,15.38,24.62,6.25,21.88,46.88,70.77,6.15,18.58,70.77,18.047575,3294,697,4042,240.5,40.5,0.708336651,1.3625,1797,201,18,0.5749861,1.3625,4042,301,40.5,0.688453,1.3625,1797,559,18,2.1102376,1.3625,4042,1396.5,40.5,4.711131,1.375,4042,1482.5,40.5,6.234603,1.375,84.625,1.55,1.55,99.8092
09/08/2026 11:39:49,35.94,18.75,31.25,14.06,28.12,31.25,53.12,26.56,35.94,28.12,34.38,10.94,29.04,53.12,22.5923672,4017,1150,4017,987,40.25,2.33122826,1.375,4017,1044.5,40.25,2.56802,1.35625,4017,1217.5,40.25,3.21070814,1.35625,4017,1515.5,40.25,4.712658,1.35625,4017,1230,40.25,3.3990438,1.35625,4017,905.5,40.25,2.42723823,1.35625,84.75,1.55,1.55,99.80913
09/08/2026 11:39:51,20,16.92,21.54,7.69,23.08,10.77,15.38,18.18,12.31,15.38,26.15,18.18,17.13,26.15,16.96809,2915,664,4042,623,40.5,1.64031947,1.35,1797,592,18,1.731424,1.35,4017,683,40.25,2.22778654,1.35,1797,679,18,2.20922422,1.3625,1797,564.5,18,1.50961351,1.3625,4042,845.5,40.5,2.55091286,1.3625,83.75,1.55,1.55,99.80918
09/08/2026 11:39:53,43.08,27.69,46.15,35.38,52.31,23.08,49.23,41.54,49.23,49.23,70.77,30.77,43.21,70.77,26.2265663,3577,1772,3942,1661,39.5,3.203998,1.3125,3942,1786.5,39.5,3.56410384,1.3125,1752,1558.5,17.5555553,3.11829352,1.3125,3942,1727.5,39.5,3.67836976,1.3125,3942,1926,39.5,3.803146,1.31875,3942,1971.5,39.5,4.52394772,1.31875,83.125,1.55,1.55,99.8092041
09/08/2026 11:39:55,21.88,15.62,15.62,12.5,28.12,18.75,28.12,23.44,20.31,23.44,35.94,10.94,21.22,35.94,18.6077461,3273,848,4017,939.5,40.25,2.3018415,1.33125,1785,664.5,17.88889,1.75765252,1.33125,4017,735.5,40.25,1.94670081,1.33125,1785,1029.5,17.88889,2.396994,1.33125,4017,786,40.25,2.26949859,1.33125,4017,932,40.25,2.77098179,1.35,83.25,1.55,1.55,99.80922
09/08/2026 11:39:57,81.82,40.91,60.61,50,62.12,46.97,75.76,50,63.64,46.97,57.58,53.03,57.45,81.82,28.7211,3559,2246,3918,2312.5,39.25,4.217723,1.30625,3918,2302.5,39.25,4.171757,1.30625,3918,2156.5,39.25,3.87533045,1.30625,3918,2319,39.25,4.701397,1.30625,1741,2158,17.4444447,4.06670475,1.30625,3942,2225,39.5,4.16144943,1.2875,83.125,1.55,1.55,99.8091
09/08/2026 11:39:59,10.94,4.76,15.62,4.76,9.38,14.29,29.69,3.17,6.25,23.81,31.25,32.81,15.56,32.81,15.63338,2920,574,1797,325,18,0.81373626,1.35625,1797,289,18,0.7600133,1.35625,4042,290.5,40.5,0.8225736,1.35625,1797,600,18,2.02396226,1.35625,4042,688.5,40.5,2.299626,1.35625,4042,1252.5,40.5,4.06206656,1.35625,83.125,1.55,1.55,99.80921
09/08/2026 11:40:01,6.15,3.08,9.23,10.94,7.69,10.77,16.92,3.12,15.38,26.15,46.15,10.94,13.88,46.15,15.63123,3668,564,4042,245.5,40.5,0.6174809,1.3875,1797,336.5,18,1.012006,1.3875,4042,326.5,40.5,0.9325182,1.3875,4042,410.5,40.5,1.23106587,1.3875,4042,897.5,40.5,3.018653,1.3875,4042,1167.5,40.5,3.93820453,1.3625,83.125,1.55,1.55,99.80917
09/08/2026 11:40:03,16.92,0,18.46,5.8,9.23,15.38,44.62,16.18,10.77,10.77,13.85,10.77,14.4,44.62,15.6384268,2853,575,1397,338.5,14,0.9997088,1.3875,1797,417.5,18,1.235609,1.375,4042,405,40.5,1.19546735,1.375,4042,1203.5,40.5,4.144462,1.375,4042,454,40.5,1.348217,1.375,1797,629,18,1.91671562,1.375,82.75,1.55,1.55,99.80915
09/08/2026 11:40:05,14.06,9.38,18.75,4.69,9.38,9.38,37.5,14.06,26.56,39.06,31.25,6.25,18.36,39.06,17.8589153,3967,769,3967,542,39.75,1.50527942,1.34375,3967,426.5,39.75,1.23268139,1.34375,3967,418.5,39.75,1.10687947,1.34375,3967,1032.5,39.75,3.145515,1.34375,3967,1233,39.75,3.39079547,1.34375,3967,964,39.75,3.03465056,1.34375,83.625,1.55,1.55,99.809166
09/08/2026 11:40:07,9.38,6.25,18.75,3.08,29.69,21.88,25,29.69,15.62,18.75,10.94,6.25,16.27,29.69,17.0973549,2920,681,4042,457.5,40.5,1.28607941,1.34375,1797,325.5,18,0.941079855,1.34375,4042,978.5,40.5,2.8451612,1.34375,1797,1221.5,18,3.94611335,1.34375,1797,718.5,18,2.36039567,1.34375,4042,383,40.5,1.14050269,1.34375,83.625,1.55,1.55,99.80919
09/08/2026 11:40:09,17.19,7.81,25,7.81,7.81,7.81,23.44,15.62,14.06,32.81,18.75,18.75,16.41,32.81,15.7712946,2545,571,1797,401,18,1.16317272,1.34375,1797,392,18,1.0921948,1.34375,4042,239,40.5,0.632667065,1.34375,1797,731,18,2.56075931,1.35625,1797,998.5,18,3.4034245,1.35625,4042,665,40.5,2.14498258,1.35625,83.375,1.55,1.55,99.80918
09/08/2026 11:40:11,12.31,4.62,10.77,0,9.23,9.23,26.15,13.85,7.69,21.54,16.92,20,12.69,26.15,14.6456966,3294,507,4042,212.5,40.5,0.5503697,1.35,1797,152,18,0.403459519,1.35,1797,402,18,1.280254,1.35,4042,870.5,40.5,3.11099815,1.3625,4042,632,40.5,1.9777292,1.3625,4042,772,40.5,2.52522874,1.3625,82.75,1.55,1.55,99.80921
09/08/2026 11:40:13,12.5,3.12,3.17,3.12,3.08,11.11,23.44,31.75,21.88,22.22,32.81,25,16.1,32.81,14.7570877,1971,516,1397,225.5,14,0.58940506,1.35,1397,168.5,14,0.4204553,1.35,1397,214.5,14,0.54076004,1.35,1797,955,18,3.40069366,1.35,1797,693,18,2.25622082,1.35625,4042,839,40.5,2.74947619,1.35625,82.5,1.55,1.55,99.80923
09/08/2026 11:40:15,10.77,6.15,13.85,12.31,12.31,21.54,30.77,4.62,21.54,33.85,21.54,18.46,17.31,33.85,15.7600412,3668,693,4042,424.5,40.5,0.8581297,1.3625,4042,453,40.5,0.8712503,1.3625,4042,583.5,40.5,1.3565774,1.3625,1797,719.5,18,2.074739,1.3625,4042,1118,40.5,3.49133921,1.3625,4042,861,40.5,2.50994158,1.3625,82.625,1.55,1.55,99.8092
09/08/2026 11:40:17,7.81,1.59,7.81,7.94,9.38,6.25,40.62,17.19,6.25,9.38,30.16,14.06,13.2,40.62,14.9990377,1969,542,1381,170,14,0.433981329,1.28125,1397,340,14,1.08596909,1.28125,1397,350,14,1.01631463,1.28125,3918,1067,39.25,3.60996842,1.28125,1971,403.5,19.75,1.14779222,1.28125,1752,920.5,17.5555553,2.958095,1.28125,82.125,1.55,1.55,99.80918
09/08/2026 11:40:19,21.88,1.56,28.12,6.25,15.62,15.62,18.75,9.38,12.5,25,34.38,12.5,16.8,34.38,16.51371,3294,634,1797,375,18,0.972955644,1.34375,4042,543.5,40.5,1.58243155,1.34375,4042,569,40.5,1.66922915,1.34375,1797,668,18,2.206798,1.34375,4042,737.5,40.5,2.39695549,1.34375,4042,910.5,40.5,2.88285828,1.34375,81.5,1.55,1.55,99.80914
09/08/2026 11:40:21,33.33,12.9,20.63,19.05,19.05,19.05,26.98,14.29,20.63,46.03,38.1,44.44,26.21,46.03,18.2441368,3645,792,4017,563,40.25,1.52723122,1.33125,4017,473,40.25,1.19783211,1.33125,1785,511.5,17.88889,1.248257,1.33125,4017,668.5,40.25,1.86023593,1.3625,4017,1156,40.25,3.37299132,1.3625,4017,1379,40.25,4.08647251,1.3625,81.75,1.55,1.55,99.80918
09/08/2026 11:40:23,12.7,1.59,20.63,4.76,19.05,19.05,26.98,17.46,39.68,30.16,46.03,50.79,24.07,50.79,18.2763386,2545,887,1797,322,18,0.79591763,1.3375,1797,330.5,18,0.830720067,1.3375,4042,591,40.5,1.46369255,1.3375,1797,930.5,18,2.57289052,1.3375,4042,1256,40.5,3.158037,1.35625,1797,1894,18,5.00354242,1.35625,83.25,1.55,1.55,99.8092041
09/08/2026 11:40:25,43.08,21.54,24.62,15.38,16.92,12.31,47.69,24.24,41.54,33.85,43.08,21.54,28.82,47.69,22.4383621,2736,1228,1397,1248.5,14,3.24259782,1.2625,1397,860,14,2.22185946,1.2625,1946,670.5,19.5,1.6355592,1.25625,3893,1533,39,4.0343194,1.25625,3893,1521.5,39,3.92946148,1.25625,3893,1535,39,4.23274469,1.25625,83.875,1.55,1.55,99.80919
09/08/2026 11:40:27,20.31,1.56,12.5,6.25,7.81,10.94,29.69,1.56,10.94,31.25,28.12,17.19,14.84,31.25,15.6719627,3294,576,1797,354.5,18,1.03609049,1.35625,1797,431.5,18,1.22500145,1.35625,4042,387.5,40.5,1.15639222,1.35625,4042,635,40.5,2.2038908,1.38125,4042,860.5,40.5,2.87086821,1.38125,4042,788.5,40.5,2.78787613,1.38125,83.75,1.55,1.55,99.80915
09/08/2026 11:40:29,13.85,1.52,7.69,1.54,16.92,12.31,41.54,4.62,13.85,21.54,38.46,7.69,15.13,41.54,16.2175369,3281,594,1797,213.5,18,0.5423042,1.35,1797,291.5,18,0.808379054,1.35,4042,386,40.5,1.14559591,1.35,4017,948.5,40.25,3.373146,1.35,4017,769,40.25,2.64102316,1.35,4017,952.5,40.25,3.18192554,1.35,83.375,1.55,1.55,99.80919
09/08/2026 11:40:31,10.94,1.56,10.94,3.12,12.5,9.38,21.88,14.06,7.81,3.12,21.88,32.81,12.5,32.81,14.2568445,3294,493,1797,181.5,18,0.4619283,1.36875,1797,311,18,0.909147,1.36875,4042,367,40.5,1.15256786,1.36875,4042,673,40.5,2.440366,1.36875,4042,267.5,40.5,0.7965516,1.36875,4042,1158,40.5,4.041896,1.36875,82.625,1.55,1.55,99.809166
09/08/2026 11:40:33,15.38,4.62,12.31,1.54,3.08,9.09,32.31,10.77,29.23,23.08,29.23,15.38,15.5,32.31,16.39465,2378,616,1235,486,12.375,1.54415715,1.35,1235,246,12.375,0.625078,1.35,1976,235,19.8,0.555441439,1.35,4017,860,40.25,3.06054044,1.35625,1785,1028,17.88889,3.705119,1.35625,4017,842,40.25,2.82545042,1.35625,83,1.55,1.55,99.80922
09/08/2026 11:40:35,18.75,3.12,14.06,6.25,25,25,23.44,10.94,10.94,21.88,32.81,12.5,17.06,32.81,15.609971,3131,585,1708,284,17.11111,0.722360849,1.26875,1708,223.5,17.11111,0.580427945,1.2625,3843,806.5,38.5,2.6481092,1.2625,3843,731,38.5,2.11318,1.2625,3843,667,38.5,2.30332184,1.2625,3843,797.5,38.5,2.54162383,1.2625,82.125,1.55,1.55,99.80916
09/08/2026 11:40:37,31.75,1.56,11.11,6.35,6.35,25,14.06,19.05,12.7,15.87,7.94,23.81,14.63,31.75,14.4164028,4042,498,4042,464.5,40.5,1.48226345,1.36875,4042,248.5,40.5,0.7144068,1.36875,4042,535.5,40.5,1.80437613,1.36875,4042,619,40.5,2.1430583,1.36875,4042,476.5,40.5,1.55730963,1.36875,4042,645,40.5,2.145951,1.36875,81.625,1.55,1.55,99.80919
09/08/2026 11:40:39,3.08,1.54,9.23,0,28.79,26.15,18.46,1.54,10.77,20,29.23,4.62,12.78,29.23,14.46371,2160,488,1729,156,18,0.388810366,1.34375,1797,121.5,18,0.295043468,1.34375,4042,1092.5,40.5,3.866889,1.34375,1797,426,18,1.3915441,1.34375,1797,562,18,2.05163455,1.34375,1797,572,18,2.0815568,1.35625,81.875,1.55,1.55,99.80922
09/08/2026 11:40:41,17.19,6.25,7.81,6.25,4.55,10.94,28.12,1.56,7.81,31.25,41.54,7.81,14.26,41.54,13.4528122,2545,432,1797,196,18,0.544417262,1.35,1797,216,18,0.6833094,1.35,4042,179.5,40.5,0.4901176,1.35,1797,435,18,1.61241639,1.35,1797,598,18,2.21406555,1.35,4042,969.5,40.5,3.52589464,1.35,81.25,1.55,1.55,99.80919
09/08/2026 11:40:43,9.38,10.94,14.06,1.56,15.62,15.38,23.44,19.4,4.69,15.38,7.69,10.94,12.37,23.44,13.30019,3668,446,4042,346.5,40.5,1.07027054,1.38125,1797,154,18,0.3922004,1.38125,4042,480,40.5,1.54883385,1.38125,4042,889.5,40.5,3.24716568,1.38125,4042,445,40.5,1.39442217,1.38125,4042,361,40.5,1.21730161,1.38125,80.625,1.55,1.55,99.80918
09/08/2026 11:40:45,7.81,1.56,11.11,1.54,3.12,6.15,12.5,7.81,4.62,35.94,11.11,26.56,10.82,35.94,13.5610723,2635,444,1976,180,19.8,0.5182634,1.3625,1976,215,19.8,0.646784961,1.3625,1976,117,19.8,0.2799674,1.3625,4042,508,40.5,1.79760265,1.36875,1797,880.5,18,3.16202235,1.36875,4042,764.5,40.5,2.66300774,1.36875,80.5,1.55,1.55,99.80917
09/08/2026 11:40:47,4.69,4.69,9.38,0,1.56,6.25,48.44,20.31,4.69,14.06,20.31,6.25,11.72,48.44,13.3635283,2900,438,1745,174,18,0.5097561,1.3375,1733,141.5,18,0.370772034,1.3375,4042,113.5,40.5,0.2616887,1.3375,1797,1341.5,18,4.97488832,1.3375,4042,371,40.5,1.32628465,1.3375,4042,486,40.5,1.61429834,1.3375,80.625,1.55,1.55,99.8091354
09/08/2026 11:40:49,10.94,3.12,21.88,7.94,4.69,6.35,29.69,4.76,12.7,20.63,11.11,35.94,14.15,35.94,13.51317,2545,443,1797,203.5,18,0.6212885,1.35,1796,183,18,0.4834883,1.35,4042,156,40.5,0.390799552,1.35,1797,620.5,18,2.26853061,1.35,1797,666,18,2.41210413,1.35,4042,829.5,40.5,2.97073317,1.35,80.5,1.55,1.55,99.80911
09/08/2026 11:40:51,26.15,9.23,18.46,13.85,10.77,15.38,40,19.05,16.92,26.15,61.54,11.11,22.39,61.54,19.9775543,2479,785,4042,683,40.5,2.607288,1.35625,1797,416,18,1.26986241,1.35625,1797,453.5,18,1.08258247,1.35625,1397,1025,14,4.09087944,1.35625,4042,730,40.5,2.52965784,1.36875,1797,1403,18,5.567631,1.36875,81.5,1.55,1.55,99.80924
09/08/2026 11:40:53,17.19,4.69,12.5,4.69,9.38,7.81,26.56,1.56,7.81,21.88,32.81,21.88,14.06,32.81,15.4115,2920,565,1797,362,18,1.09942019,1.3625,1797,297.5,18,0.811802745,1.3625,4042,354.5,40.5,1.02407658,1.3625,1797,570.5,18,1.96269691,1.3625,4042,620,40.5,2.07695127,1.3625,4042,1183,40.5,4.23918962,1.3625,81.875,1.55,1.55,99.80923
09/08/2026 11:40:55,6.25,0,4.69,0,0,6.25,42.19,18.75,4.69,17.19,10.94,20.9,10.99,42.19,13.6821947,2415,445,1397,150.5,14,0.426091224,1.34375,1235,105,12.375,0.276898742,1.35,1976,116.5,19.8,0.27115643,1.35,1797,1224,18,4.51245832,1.35,4042,458,40.5,1.56478024,1.35,4042,614.5,40.5,2.17845154,1.35,81.375,1.55,1.55,99.80923
09/08/2026 11:40:57,14.06,1.56,7.81,0,15.62,9.38,57.81,0,10.94,10.77,13.85,7.81,12.47,57.81,13.9709091,3294,462,4042,230,40.5,0.5554157,1.375,4042,151,40.5,0.360182256,1.375,1797,505.5,18,1.71794128,1.375,4042,1152,40.5,4.35512543,1.375,1797,266.5,18,0.877778351,1.375,4042,470,40.5,1.66963351,1.375,81.125,1.55,1.55,99.8092
09/08/2026 11:40:59,6.15,1.54,10.77,4.69,1.54,6.25,4.62,13.85,10.77,35.38,37.5,0,11.09,37.5,13.6141291,2871,442,3751,180,40.5,0.4563656,1.3625,1797,197.5,18,0.601736963,1.3625,1797,142.5,18,0.376612753,1.3625,4042,411,40.5,1.48972631,1.3625,1797,914.5,18,3.41120958,1.3625,4042,808,40.5,2.941269,1.36875,81,1.55,1.55,99.80917
09/08/2026 11:41:01,9.38,3.28,4.62,0,6.25,18.46,10.94,12.31,1.56,19.05,6.25,32.81,10.41,32.81,13.1313238,2907,436,1797,169.5,18,0.495741278,1.35625,1723,99.5,18,0.2440704,1.35625,4042,494,40.5,1.6301986,1.35625,4042,502.5,40.5,1.801347,1.35625,1797,463.5,18,1.63270152,1.35625,4042,888.5,40.5,3.08132124,1.375,80.125,1.55,1.55,99.80922
09/08/2026 11:41:03,12.5,4.48,15.62,1.56,1.56,7.81,6.25,1.59,6.25,33.85,37.5,3.12,11.01,37.5,13.2658768,2345,440,1397,290,14,0.953332365,1.3375,1397,306,14,0.971473336,1.3375,1397,145.5,14,0.375716865,1.35,1797,192.5,18,0.6874829,1.35,4042,886.5,40.5,3.204581,1.35,4042,821.5,40.5,2.90642023,1.35,79.875,1.55,1.55,99.80923
09/08/2026 11:41:05,7.69,1.54,9.23,1.54,13.64,15.38,13.85,1.52,23.08,24.62,33.85,18.46,13.7,33.85,13.9553442,2382,511,1235,179.5,12.375,0.449273467,1.35625,1199,113.5,12.375,0.287932664,1.35625,1976,441.5,19.8,1.42883229,1.35625,4042,364,40.5,1.21739829,1.3625,1797,946,18,2.75286269,1.3625,4042,1023,40.5,3.43952131,1.3625,79.875,1.55,1.55,99.80921
09/08/2026 11:41:07,7.81,10.94,4.69,0,14.06,6.25,10.94,28.12,4.69,15.62,21.88,3.12,10.68,28.12,13.1539268,3637,430,1797,303,18,0.9775117,1.36875,3858,92.5,40.5,0.231666878,1.36875,4042,320,40.5,1.06259036,1.36875,4042,836.5,40.5,3.11191845,1.36875,4042,495.5,40.5,1.74155,1.36875,4042,533.5,40.5,1.84896719,1.36875,79.375,1.55,1.55,99.8091354
09/08/2026 11:41:09,21.88,9.38,34.38,14.52,21.88,14.06,28.12,31.25,28.12,20.31,32.81,25.4,23.51,34.38,17.886282,3668,850,1797,712,18,1.69898522,1.35625,4042,831,40.5,2.07239747,1.35625,4042,652,40.5,1.337854,1.3625,4042,1049,40.5,3.00072384,1.3625,4042,753,40.5,1.976997,1.3625,4042,1100,40.5,3.45236945,1.3625,79.375,1.55,1.55,99.80922
09/08/2026 11:41:11,12.5,3.17,17.46,0,7.81,9.38,31.25,16.92,29.69,7.81,17.19,35.94,15.76,35.94,15.4602432,2816,563,1397,222,14,0.6067745,1.35625,1397,167.5,14,0.4470994,1.35625,1976,249.5,19.8,0.682771862,1.36875,4042,994.5,40.5,3.63750815,1.36875,4042,616.5,40.5,1.99904525,1.36875,4042,1130,40.5,4.02033472,1.36875,80.125,1.55,1.55,99.8091354
09/08/2026 11:41:13,20.31,6.15,10.77,1.54,6.25,6.15,46.88,4.62,12.31,10.94,32.81,12.5,14.27,46.88,15.8021183,2920,565,1797,424.5,18,1.38386607,1.35625,4042,170,40.5,0.448215246,1.35625,4042,191.5,40.5,0.481403351,1.35625,4042,1101,40.5,4.099998,1.35625,1797,524,18,1.70534015,1.35625,1797,981.5,18,3.57633352,1.35625,80.375,1.55,1.55,99.80925
09/08/2026 11:41:15,12.5,3.12,12.5,1.56,3.12,6.25,29.69,10.94,12.5,14.06,29.69,21.88,13.15,29.69,14.9907341,2415,537,1397,275,14,0.821150064,1.36875,1235,233,12.375,0.661188364,1.375,1976,196,19.8,0.4574165,1.375,4042,826,40.5,2.891145,1.375,4042,598.5,40.5,1.88571739,1.375,1797,1092.5,18,3.71048832,1.375,80.5,1.55,1.55,99.8091354
09/08/2026 11:41:17,17.46,6.35,14.29,6.25,4.76,9.52,42.86,25,33.33,11.11,33.33,17.46,18.48,42.86,16.5147877,3294,680,1797,263,18,0.676442862,1.3625,4042,319.5,40.5,0.859440863,1.3625,1797,239.5,18,0.551510632,1.34375,4042,1489,40.5,4.188448,1.34375,4042,878,40.5,2.87576056,1.34375,4042,892.5,40.5,3.065555,1.34375,81.875,1.55,1.55,99.8092651
09/08/2026 11:41:19,13.85,0,16.92,4.76,6.15,10.94,33.85,7.69,15.38,17.46,10.77,50.77,15.71,50.77,15.9376125,1971,582,1397,184,14,0.4611926,1.35,1397,353,14,1.10230541,1.35,1397,245,14,0.6735358,1.3625,4042,779,40.5,2.86869335,1.3625,1797,691,18,2.41001,1.3625,1797,1238.5,18,4.328157,1.3625,82.25,1.55,1.55,99.80914
09/08/2026 11:41:21,25,6.35,6.35,3.17,3.17,14.29,37.5,15.38,10.94,14.29,10.94,7.81,12.93,37.5,14.3246536,1971,499,1397,591,14,1.98078644,1.33125,1397,194,14,0.483197451,1.33125,1397,301,14,0.9020012,1.33125,1797,1020,18,3.66284513,1.33125,1797,483,18,1.62374806,1.33125,4042,406.5,40.5,1.22994876,1.33125,81.75,1.55,1.55,99.80913
09/08/2026 11:41:23,11.11,1.59,17.46,4.76,1.59,23.81,30.16,6.35,6.35,31.75,9.52,23.81,14.02,31.75,14.7690668,2920,524,4042,232.5,40.5,0.5822448,1.3375,1797,345.5,18,1.04988658,1.3375,4042,445,40.5,1.3570354,1.35,1797,676,18,2.457156,1.35,1797,750,18,2.654471,1.35,4042,696,40.5,2.20451617,1.35,80.75,1.55,1.55,99.809166
09/08/2026 11:41:25,25,12.31,9.23,4.69,14.06,10.77,51.56,3.12,23.08,12.5,28.12,18.75,17.77,51.56,18.0182743,2545,691,4042,602,40.5,1.92944789,1.35,1797,390.5,18,1.19922626,1.34375,1797,346.5,18,1.01218641,1.34375,1797,1154.5,18,4.263409,1.34375,1797,677,18,2.316459,1.34375,4042,974,40.5,3.48298621,1.34375,80.75,1.55,1.55,99.8092346
09/08/2026 11:41:27,10.94,9.09,15.62,4.62,23.44,17.19,37.5,41.18,4.69,14.06,24.24,3.12,17.14,41.18,15.434351,2345,619,1397,264,14,0.833631933,1.35,1397,300,14,0.8735908,1.35,1397,669.5,14,1.8381505,1.35,4042,1523.5,40.5,4.356629,1.35,4042,374.5,40.5,1.15796,1.35,1797,582.5,18,2.05256844,1.36875,80.625,1.55,1.55,99.8092041
09/08/2026 11:41:29,15.38,4.62,6.15,9.23,15.38,7.81,9.23,1.54,9.23,24.62,16.92,31.25,12.61,31.25,13.1162672,2906,444,4042,293.5,40.5,0.9310057,1.3375,1718,221,18,0.697946,1.3375,4042,399.5,40.5,1.256321,1.3375,1797,188,18,0.604409337,1.3375,1797,638,18,2.19489574,1.3625,4042,927,40.5,3.16647553,1.3625,79.625,1.55,1.55,99.80916
09/08/2026 11:41:31,17.19,1.56,7.81,0,7.81,10.94,28.12,1.56,3.12,31.25,3.12,32.81,12.11,32.81,13.4571381,1966,450,1235,211.5,12.375,0.5883496,1.35,1131,90.5,12.375,0.221558169,1.35,1797,350,18,1.11710107,1.36875,1797,482,18,1.75828707,1.36875,4042,779,40.5,2.79028821,1.36875,1797,789,18,2.68662858,1.36875,80.25,1.55,1.55,99.80923
09/08/2026 11:41:33,6.25,3.12,4.69,0,3.03,4.69,20.31,17.19,7.81,32.81,20.31,9.38,10.8,32.81,13.455019,2479,438,1397,152,14,0.430266529,1.325,1797,130.5,18,0.371907443,1.33125,4042,107.5,40.5,0.25638,1.33125,1797,786,18,2.78789377,1.33125,1797,831,18,3.09393167,1.33125,4042,618,40.5,2.133503,1.33125,79.875,1.55,1.55,99.80924
09/08/2026 11:41:35,9.38,0,6.25,4.69,6.25,18.75,21.88,4.69,9.38,34.38,29.69,9.38,12.89,34.38,13.5855541,2517,456,1748,116,18,0.2883004,1.35625,1678,90,18,0.219618857,1.35625,4042,476.5,40.5,1.60139132,1.35625,1797,473,18,1.6417762,1.35625,1797,807,18,2.78932738,1.35625,4042,773.5,40.5,2.6034677,1.35625,79.625,1.55,1.55,99.80924
09/08/2026 11:41:37,3.12,3.12,12.5,0,6.25,18.75,7.81,12.5,15.62,18.75,17.19,43.75,13.28,43.75,13.0941572,3237,439,3701,149,40.5,0.401659757,1.36875,4042,135.5,40.5,0.3658674,1.36875,1797,390.5,18,1.27619231,1.36875,1797,401.5,18,1.42422473,1.36875,4042,528.5,40.5,1.75740457,1.36875,4042,1026.5,40.5,3.66720629,1.36875,79,1.55,1.55,99.80923
09/08/2026 11:41:39,7.81,1.56,7.81,4.69,26.56,20.31,7.81,15.62,7.81,7.81,22.22,1.61,10.97,26.56,13.2220182,2536,454,1739,142.5,18,0.342033118,1.33125,1797,232.5,18,0.656925559,1.33125,4042,1005.5,40.5,3.40380287,1.35,1797,465,18,1.6825217,1.35,4042,346,40.5,1.06681025,1.35,1797,533.5,18,1.80072081,1.35,78.12501,1.55,1.55,99.80922
09/08/2026 11:41:41,12.5,1.54,15.62,4.35,15.38,6.15,15.62,12.5,21.88,21.88,29.23,13.04,14.14,29.23,14.1579933,3283,499,4042,205.5,40.5,0.56475,1.38125,4042,426,40.5,1.4087429,1.38125,1797,377,18,1.17194331,1.38125,4017,481.5,40.25,1.69977152,1.35625,4017,638,40.25,2.151775,1.35625,1785,865.5,17.88889,2.951424,1.35625,77.75001,1.55,1.55,99.80923
09/08/2026 11:41:43,19.05,12.7,9.52,3.23,22.22,6.35,38.1,8.06,15.87,19.05,25.4,6.45,15.5,38.1,16.34243,3294,593,4042,557,40.5,1.82820761,1.34375,1797,229,18,0.6382384,1.35,4042,546,40.5,1.79639626,1.35,4042,846.5,40.5,3.21301818,1.35,1797,763,18,2.80015445,1.35,4042,616.5,40.5,2.07305574,1.35,80.5,1.55,1.55,99.80919
09/08/2026 11:41:45,17.19,7.81,20.31,0,1.56,18.75,31.25,1.59,21.88,21.88,18.75,25,15.5,31.25,16.1611843,2014,600,1235,357.5,12.375,1.09738886,1.34375,1235,410.5,12.375,1.3201077,1.34375,1976,385,19.8,1.18814874,1.34375,1797,705,18,2.57609987,1.34375,1797,770,18,2.58983946,1.34375,4042,969,40.5,3.42515135,1.34375,80,1.55,1.55,99.80917
09/08/2026 11:41:47,15.62,6.25,9.38,9.68,9.38,7.81,39.06,15.62,10.94,12.5,29.69,21.88,15.65,39.06,14.1822357,2511,506,1976,313,19.8,0.9295589,1.3375,1235,316.5,12.375,0.9440417,1.3375,1976,222.5,19.8,0.614232242,1.34375,1797,989,18,3.55120873,1.34375,4042,279,40.5,0.7073176,1.34375,4042,914,40.5,3.1015923,1.3375,79.25,1.55,1.55,99.809166
09/08/2026 11:41:49,14.06,9.38,29.69,17.19,12.5,14.06,35.94,4.62,17.19,9.38,23.44,59.38,20.57,59.38,18.2834034,2762,696,1235,457,12.375,1.4767611,1.3625,1235,522.5,12.375,1.66781318,1.3625,1976,311,19.8,0.833830357,1.3625,4042,560.5,40.5,2.11499763,1.3625,4042,679,40.5,2.23164964,1.3625,4042,1646,40.5,6.024787,1.34375,79.5,1.55,1.55,99.809166
09/08/2026 11:41:51,21.88,9.38,20.31,20.31,6.25,15.62,42.19,1.56,21.88,14.06,28.12,46.88,20.7,46.88,18.4823246,2737,738,1235,645.5,12.375,1.99896681,1.35,1235,682,12.375,2.23082924,1.35,1976,302.5,19.8,0.8612988,1.35,3992,722.5,40,2.630208,1.35,3992,678.5,40,2.23796678,1.35,3992,1399.5,40,4.993895,1.35,80.125,1.55,1.55,99.80919
09/08/2026 11:41:53,17.19,7.69,15.62,0,1.56,6.15,20.31,15.62,9.38,29.69,14.06,18.75,13,29.69,14.0585222,3294,493,4042,550.5,40.5,1.75575054,1.3375,1797,264.5,18,0.803660154,1.3375,4042,178,40.5,0.427799225,1.3375,1797,662,18,2.35279632,1.3375,4042,779,40.5,2.66823554,1.34375,4042,526,40.5,1.63742864,1.34375,80.125,1.55,1.55,99.80918
09/08/2026 11:41:55,10.94,7.94,17.19,7.69,17.19,9.38,20.31,41.94,14.06,17.19,21.88,18.75,17.04,41.94,13.4361067,2542,453,1792,124,18,0.306275725,1.34375,1797,167,18,0.4969803,1.34375,4042,311,40.5,0.974551141,1.34375,1797,1001,18,3.641121,1.34375,4042,446,40.5,1.50016034,1.34375,1785,669.5,17.88889,2.26086164,1.34375,80.625,1.55,1.55,99.8092041
09/08/2026 11:41:57,13.85,12.31,18.46,5.97,9.23,24.62,33.85,20.9,26.15,12.31,41.54,3.08,18.52,41.54,19.4811687,2014,757,1797,580.5,18,1.91924882,1.33125,1797,542.5,18,1.78915584,1.33125,4042,633.5,40.5,2.1321516,1.33125,1235,1200.5,12.375,4.51769352,1.35,1235,750,12.375,2.677877,1.35,1976,835,19.8,3.07774472,1.35,81.125,1.55,1.55,99.80921
09/08/2026 11:41:59,15.87,3.17,12.7,1.54,4.76,11.11,25.4,11.11,11.11,25.4,36.51,6.35,13.75,36.51,14.067337,3294,494,4042,273,40.5,0.6399095,1.325,4042,178,40.5,0.477183729,1.325,4042,321.5,40.5,0.9181517,1.325,1797,813.5,18,2.91892862,1.325,1797,593.5,18,2.05357838,1.325,4042,785,40.5,2.74155068,1.325,80.5,1.55,1.55,99.80923
09/08/2026 11:42:01,7.81,6.25,6.25,1.61,6.15,14.29,35.94,6.35,4.69,37.5,14.29,4.69,12.15,37.5,13.8502064,3294,464,4042,281.5,40.5,0.7716101,1.35625,1797,135,18,0.356739044,1.35625,4042,348,40.5,1.10040629,1.35625,1797,849.5,18,3.131227,1.35625,4042,784,40.5,2.81183052,1.35625,4042,388,40.5,1.29438829,1.35625,80.875,1.55,1.55,99.80916
09/08/2026 11:42:03,11.11,7.94,14.29,12.7,11.11,15.87,14.29,1.59,7.94,14.29,20.63,28.57,13.36,28.57,14.6991653,4042,536,4042,393.5,40.5,1.10804582,1.35625,4042,521,40.5,1.60188174,1.35625,4042,458,40.5,1.39228868,1.35625,4042,364.5,40.5,1.21538556,1.35625,4042,502,40.5,1.44150734,1.35625,4042,979,40.5,3.35222554,1.35625,80,1.55,1.55,99.8092041
09/08/2026 11:42:05,15.87,4.76,10.94,0,7.81,15.62,53.97,1.59,4.76,12.5,10.94,3.17,11.83,53.97,13.7710629,2920,466,1797,337.5,18,0.946431935,1.3625,1797,144.5,18,0.377450436,1.3625,4042,428,40.5,1.40250635,1.3625,4042,1155,40.5,4.17814255,1.3625,4042,420.5,40.5,1.4362067,1.375,1797,313,18,1.03685021,1.375,79.5,1.55,1.55,99.8092041
09/08/2026 11:42:07,15.62,3.12,14.06,7.81,10.94,9.38,14.06,0,12.5,20.31,21.88,20.31,12.5,21.88,14.660799,2014,526,1797,307,18,0.840779841,1.3375,1797,453.5,18,1.38084137,1.3375,4042,437,40.5,1.33112824,1.3375,1235,287,12.375,0.935815,1.3375,1235,740.5,12.375,2.50516438,1.3375,1976,931,19.8,3.082113,1.3375,79,1.55,1.55,99.80921
09/08/2026 11:42:09,14.06,0,13.85,1.54,15.62,26.56,21.54,1.54,3.12,21.54,25,7.81,12.68,26.56,13.9937563,4042,498,4042,257.5,40.5,0.664696157,1.31875,4042,217.5,40.5,0.5540656,1.325,4042,918.5,40.5,3.17921257,1.325,4042,367.5,40.5,1.2124356,1.325,4042,582,40.5,1.9440577,1.325,4042,647.5,40.5,2.079567,1.325,79,1.55,1.55,99.809166
09/08/2026 11:42:11,17.19,1.56,14.06,0,15.62,14.06,17.19,12.5,4.69,15.62,21.88,26.56,13.41,26.56,14.132967,4042,501,4042,192.5,40.5,0.4555041,1.3625,4042,193.5,40.5,0.532025456,1.3625,4042,530,40.5,1.70909989,1.3625,4042,579,40.5,2.03365827,1.3625,4042,454,40.5,1.45201,1.3625,4042,1056.5,40.5,3.558747,1.3625,78.25001,1.55,1.55,99.8091354
09/08/2026 11:42:13,15.62,3.12,15.62,0,1.56,17.19,9.38,20.31,12.5,26.56,9.38,15.62,12.24,26.56,14.4039879,3668,502,4042,300.5,40.5,0.825739861,1.3625,4042,364,40.5,1.105199,1.35625,4042,359,40.5,1.029664,1.35625,1797,534.5,18,1.89275157,1.35625,4042,926,40.5,3.241108,1.35625,4042,531,40.5,1.78322554,1.35625,79.375,1.55,1.55,99.80922
09/08/2026 11:42:15,23.81,6.35,15.87,3.17,7.94,9.52,36.51,31.75,25.4,6.35,9.52,18.46,16.22,36.51,15.8864212,2388,585,1235,525.5,12.375,1.55564153,1.35625,1235,295.5,12.375,0.814082563,1.34375,1976,251,19.8,0.6333209,1.34375,1797,1321.5,18,4.7468853,1.34375,4042,496,40.5,1.53968835,1.34375,4042,622,40.5,2.07518744,1.34375,79.375,1.55,1.55,99.80914
09/08/2026 11:42:17,14.06,14.06,20.31,3.12,6.25,14.06,46.88,12.5,6.25,23.44,15.62,3.12,14.97,46.88,15.5494013,3277,576,1785,511.5,17.88889,1.40923667,1.36875,1785,462.5,17.88889,1.42023861,1.36875,4017,233,40.25,0.5639862,1.36875,4017,1166,40.25,4.16639328,1.36875,4017,618.5,40.25,2.03505588,1.36875,4042,466.5,40.5,1.4943924,1.36875,79.875,1.55,1.55,99.8092
09/08/2026 11:42:19,14.06,3.03,15.62,13.85,20.31,9.38,31.25,10.94,12.5,20.31,29.69,29.69,17.55,31.25,16.3848743,2920,640,1797,326,18,0.814391136,1.3375,1797,559.5,18,1.71019268,1.3375,4042,504,40.5,1.46624839,1.3375,1797,774.5,18,2.55195,1.3375,4042,593.5,40.5,1.75738823,1.3375,4042,1084.5,40.5,3.67431736,1.3375,79.375,1.55,1.55,99.8091354
09/08/2026 11:42:21,4.76,6.35,19.05,11.11,9.52,22.22,12.7,22.22,12.7,12.7,22.22,17.46,14.42,22.22,14.0394783,2920,502,4042,186.5,40.5,0.49861455,1.35625,4042,396,40.5,1.26043487,1.35625,1797,573,18,1.82730794,1.35625,1797,771.5,18,2.61842775,1.35625,1797,373.5,18,1.09545374,1.35625,4042,710.5,40.5,2.37282372,1.35625,79.25,1.55,1.55,99.809166
09/08/2026 11:42:23,14.06,7.81,15.62,10.94,1.56,7.81,28.12,20.31,15.62,18.75,32.81,9.38,15.23,32.81,14.6428871,3668,522,4042,343,40.5,1.01397085,1.3875,4042,466,40.5,1.47449434,1.38125,1797,165.5,18,0.373900652,1.38125,4042,806.5,40.5,2.96236777,1.38125,4042,585.5,40.5,1.9452107,1.38125,4042,763,40.5,2.6032722,1.38125,79.125,1.55,1.55,99.80917
09/08/2026 11:42:25,10.77,4.69,7.69,1.54,3.08,23.44,32.31,7.69,6.15,10.77,9.23,20,11.45,32.31,13.6847439,2850,463,1397,311.5,14,0.8467391,1.33125,1782,126,18,0.3093081,1.34375,4042,495.5,40.5,1.64996135,1.34375,1797,834.5,18,3.03448439,1.34375,4042,375,40.5,1.121955,1.34375,4042,637,40.5,2.19301057,1.34375,78.75001,1.55,1.55,99.80917
09/08/2026 11:42:27,9.38,9.23,6.25,0,14.06,4.69,20,0,9.38,32.81,32.31,6.25,12.03,32.81,13.6236191,2068,482,1397,350.5,14,1.01838768,1.3625,1397,158,14,0.35891512,1.3625,1976,442,19.8,1.38035822,1.3625,1797,367,18,1.21179307,1.3625,1797,759.5,18,2.56579852,1.3625,4042,816.5,40.5,2.83710432,1.3625,78.25001,1.55,1.55,99.80916
09/08/2026 11:42:29,20.31,9.38,29.69,15.62,23.44,7.81,35.94,3.12,17.19,10.94,21.88,7.81,16.93,35.94,16.7392235,2909,654,4042,523,40.5,1.56930363,1.375,1797,857,18,2.77805042,1.375,1797,518,18,1.60274553,1.375,4017,756,40.25,2.63001776,1.38125,4017,673.5,40.25,2.15217376,1.38125,1785,596,17.88889,1.8980546,1.3625,78.25001,1.55,1.55,99.80923
09/08/2026 11:42:31,7.81,5,14.06,6.25,15.62,17.46,46.88,1.56,4.69,17.46,19.05,3.12,13.25,46.88,14.1321735,2846,510,1397,214,14,0.5291005,1.35,1755,241,18,0.6259686,1.3625,4042,713.5,40.5,2.33591866,1.3625,4042,956,40.5,3.42603278,1.3625,1797,432.5,18,1.34764183,1.3625,4042,501,40.5,1.63636839,1.3625,78.25001,1.55,1.55,99.80919
09/08/2026 11:42:33,31.25,9.23,21.88,4.62,9.38,17.19,21.88,28.12,9.38,18.75,32.81,7.81,17.69,32.81,15.1169147,3668,557,4042,697.5,40.5,2.18477082,1.36875,4042,357,40.5,1.11369848,1.36875,4042,358.5,40.5,0.982946038,1.36875,1797,1008.5,18,3.656737,1.36875,4042,420.5,40.5,1.28576589,1.36875,4042,501,40.5,1.65936446,1.36875,78.62501,1.55,1.55,99.80923
09/08/2026 11:42:35,15.62,1.61,10.94,1.56,7.81,14.06,48.44,10.94,12.5,15.62,25,0,13.68,48.44,14.858654,3664,536,1797,300,18,0.9462473,1.36875,4042,240,40.5,0.7140096,1.3625,4042,442,40.5,1.30418026,1.3625,4042,1180,40.5,4.363419,1.3625,4017,492.5,40.25,1.56396222,1.375,4042,561,40.5,1.78739893,1.325,78.37501,1.55,1.55,99.80915
09/08/2026 11:42:37,51.56,6.25,20.31,10.94,17.19,18.75,26.56,6.25,21.88,42.19,50,12.5,23.7,51.56,20.0324764,2241,788,1752,1011.5,17.5555553,4.110178,1.25625,3992,476,40,1.70171678,1.30625,1774,370.5,17.7777786,1.10230207,1.30625,1976,580,19.8,2.257019,1.30625,1976,1292,19.8,4.54421949,1.30625,1976,1000,19.8,3.93872166,1.30625,80.375,1.55,1.55,99.80918
09/08/2026 11:42:39,21.88,12.5,23.44,10.94,23.44,34.38,21.88,10.94,28.12,21.88,35.94,34.38,23.31,35.94,17.5516,2918,908,1785,709.5,17.88889,1.422299,1.33125,4042,683.5,40.5,1.302883,1.34375,4042,1006,40.5,2.49894834,1.34375,1797,720,18,1.67552209,1.34375,4042,968.5,40.5,2.39831,1.36875,1797,1360,18,3.89653945,1.36875,80.75,1.55,1.55,99.80921
09/08/2026 11:42:41,25,7.81,20,6.15,14.06,26.56,32.81,35.94,18.75,26.15,27.69,28.12,22.42,35.94,15.4344816,3294,567,4042,230.5,40.5,0.561199665,1.38125,4042,216,40.5,0.5809677,1.38125,1797,379,18,1.14096618,1.38125,4042,1040.5,40.5,3.75478864,1.38125,4042,774.5,40.5,2.672108,1.38125,1797,760,18,2.57302427,1.38125,81.125,1.55,1.55,99.8092
09/08/2026 11:42:43,7.81,3.08,14.06,1.52,7.58,10.77,7.81,0,7.81,29.69,36.92,20.31,12.28,36.92,13.6118479,1631,471,1183,147,12.375,0.368718266,1.34375,1235,233,12.375,0.7325508,1.34375,1976,277.5,19.8,0.814337,1.34375,1797,276.5,18,0.8215164,1.34375,1797,680,18,2.38190341,1.34375,1797,1212.5,18,4.31374025,1.34375,80.625,1.55,1.55,99.80917
09/08/2026 11:42:45,15.38,6.25,21.54,9.38,23.44,15.62,30.77,6.15,21.54,7.69,30.77,26.15,17.89,30.77,16.4960423,2345,612,1397,197,14,0.5423047,1.35,1397,523,14,1.79913437,1.35,1397,497,14,1.64345038,1.35,4042,717,40.5,2.688329,1.35,4042,535,40.5,1.66188526,1.35,1797,1200.5,18,4.450053,1.35,80.25,1.55,1.55,99.8092041
09/08/2026 11:42:47,23.44,6.15,14.06,0,9.38,16.92,36.92,10.94,12.31,25,34.38,14.06,16.96,36.92,16.21694,3294,603,4042,521.5,40.5,1.57048476,1.3375,1797,218.5,18,0.577266157,1.3375,4042,387,40.5,1.181488,1.34375,1797,770,18,2.724232,1.34375,4042,732.5,40.5,2.37659812,1.34375,4042,988.5,40.5,3.41705751,1.34375,80.375,1.55,1.55,99.80925
09/08/2026 11:42:49,15.38,9.23,32.31,10.77,3.08,7.69,41.54,3.08,10.77,15.38,24.62,10.77,15.38,41.54,16.02072,2918,586,1785,439,17.88889,1.284991,1.34375,1797,749,18,2.52119517,1.3375,4042,239.5,40.5,0.5722241,1.3375,1797,872,18,3.25922227,1.3375,4042,496,40.5,1.64060593,1.3375,4042,719,40.5,2.53936625,1.3375,80.5,1.55,1.55,99.80924
09/08/2026 11:42:51,12.5,9.38,15.62,12.5,4.69,10.94,15.62,4.69,9.38,10.94,45.31,15.62,13.93,45.31,14.6557646,2920,524,4042,444.5,40.5,1.39468956,1.31875,1797,460,18,1.47354329,1.31875,1797,250.5,18,0.640785158,1.31875,1797,483,18,1.68128991,1.31875,4042,450,40.5,1.36694419,1.31875,4042,1056.5,40.5,3.59544539,1.31875,79.875,1.55,1.55,99.80922
09/08/2026 11:42:53,9.23,13.85,15.38,3.08,4.62,18.46,41.54,9.23,7.69,15.38,16.92,7.69,13.59,41.54,15.037921,3668,526,1797,369.5,18,1.11752427,1.36875,4042,269,40.5,0.7732219,1.36875,4042,393,40.5,1.21222174,1.36875,4042,1084.5,40.5,4.03925562,1.36875,4042,538,40.5,1.76938665,1.375,4042,500.5,40.5,1.65738583,1.375,79.75,1.55,1.55,99.80917
09/08/2026 11:42:55,15.62,1.56,15.62,4.69,10.94,10.94,32.81,10.94,10.94,23.44,15.62,10.94,13.67,32.81,15.077527,2920,542,1797,299,18,0.844125,1.33125,4042,369.5,40.5,1.15352523,1.33125,1797,460,18,1.38399875,1.33125,1797,886,18,3.18792534,1.3375,4042,725.5,40.5,2.42387724,1.3375,4042,512,40.5,1.61263609,1.3375,80.125,1.55,1.55,99.80918
09/08/2026 11:42:57,18.75,11.11,17.19,0,4.69,15.62,50,4.62,15.62,4.69,10.94,9.38,13.55,50,14.5716009,2345,523,1397,472.5,14,1.36363947,1.33125,1397,195,14,0.467749536,1.35,1397,386,14,1.16833746,1.35,1797,1084.5,18,3.98175359,1.35,4042,550,40.5,1.6961273,1.35,4042,449,40.5,1.4451673,1.35,79.5,1.55,1.55,99.80915
09/08/2026 11:42:59,9.23,4.62,10.77,0,21.54,6.15,29.23,4.62,6.15,16.92,30.77,6.15,12.18,30.77,14.4019165,1984,521,1797,287,18,0.7189451,1.34375,1797,182.5,18,0.4580298,1.34375,4042,553,40.5,1.74397683,1.34375,1235,810,12.375,2.86906719,1.34375,1235,468.5,12.375,1.428166,1.34375,1797,823.5,18,2.78646183,1.34375,79.125,1.55,1.55,99.809166
09/08/2026 11:43:01,40.62,17.19,32.81,37.5,45.31,31.25,46.88,35.94,40.62,26.56,43.75,20.31,34.9,46.88,24.2203655,3992,1217,3992,1011.5,40,2.48160934,1.33125,3992,1047.5,40,2.95577574,1.33125,3992,1248,40,3.77132225,1.33125,3992,1513,40,4.52907467,1.33125,3992,1151.5,40,3.23473334,1.33125,3992,1328,40,3.93939567,1.33125,80.5,1.55,1.55,99.80919
09/08/2026 11:43:03,10.77,6.15,13.85,4.76,3.08,10.94,33.85,60.61,12.31,1.56,18.46,0,14.69,60.61,15.940917,2412,594,1397,401.5,14,1.0660007,1.375,1397,262.5,14,0.6745452,1.375,1797,270,18,0.705483437,1.375,1797,1905.5,18,6.98032665,1.375,4042,314,40.5,0.789481044,1.375,4042,411.5,40.5,1.10605156,1.375,81.875,1.55,1.55,99.8092041
09/08/2026 11:43:05,34.38,17.19,34.38,14.52,20.31,39.68,45.31,31.25,25,20.31,20.31,20.31,26.91,45.31,20.20299,2335,1015,1397,929,14,2.18162036,1.35625,1397,930,14,2.20849586,1.35625,1397,1167,14,3.12239552,1.35625,1785,1407,17.88889,4.42505,1.35625,4017,901.5,40.25,2.27983928,1.35625,4017,757.5,40.25,1.50866485,1.35625,81.375,1.55,1.55,99.8092041
09/08/2026 11:43:07,28.12,12.5,31.25,9.23,17.19,9.38,35.94,7.69,20.31,14.06,32.81,20.31,19.9,35.94,16.3590412,3668,647,4042,675,40.5,1.88756239,1.34375,4042,710,40.5,2.23029923,1.34375,4042,419,40.5,1.0783211,1.34375,1797,687.5,18,2.26090956,1.34375,4042,486.5,40.5,1.33181024,1.34375,4042,905,40.5,2.947186,1.34375,80.375,1.55,1.55,99.80917
09/08/2026 11:43:09,9.52,3.23,7.81,4.84,1.59,22.22,18.75,36.76,4.69,4.69,15.62,14.29,12,36.76,14.277072,3619,478,3906,197.5,40.5,0.4960807,1.35625,3883,214.5,40.5,0.665374,1.35625,4042,492,40.5,1.66783273,1.35625,1797,1135.5,18,4.21871758,1.35625,4042,233,40.5,0.6245321,1.35625,4042,596.5,40.5,1.94242418,1.35625,80.25,1.55,1.55,99.80916
09/08/2026 11:43:11,15.62,10.94,7.81,1.59,1.59,11.11,51.56,43.94,6.25,6.35,14.29,28.12,16.6,51.56,15.8019533,2341,659,1397,515.5,14,1.35041761,1.35625,1370,130.5,14,0.37384966,1.35625,1397,180.5,14,0.443791181,1.35625,4042,2004,40.5,5.52686739,1.35625,4042,269.5,40.5,0.786796033,1.35625,1797,853.5,18,2.75248384,1.35625,81.625,1.55,1.55,99.80918
09/08/2026 11:43:13,15.38,7.69,12.31,1.54,6.06,6.15,24.62,15.15,3.08,18.46,40,20,14.2,40,14.4068222,3799,552,3743,338,37.5,0.905296147,1.34375,3928,208,39.5,0.401023179,1.29375,3693,325.5,37,0.708750963,1.35,3693,753.5,37,2.495536,1.35,3868,435,38.75,1.184802,1.18125,3868,1249.5,38.75,4.242463,1.18125,80.75,1.55,1.55,99.80912
09/08/2026 11:43:15,3.12,6.25,10.94,7.81,7.81,12.5,23.44,4.69,4.69,29.69,31.25,28.12,14.19,31.25,14.8735275,3668,549,4042,213.5,40.5,0.524103,1.34375,4042,444,40.5,1.41487455,1.34375,4042,224,40.5,0.5358521,1.35,4042,521,40.5,1.76086,1.35,4042,694.5,40.5,2.40334082,1.35,1797,1196,18,3.93761849,1.35,80,1.55,1.55,99.80919
09/08/2026 11:43:17,18.75,6.25,15.87,4.69,13.85,18.75,56.25,12.5,21.88,38.46,50,20.31,23.13,56.25,16.9392719,3574,640,1235,349.5,12.375,0.933029652,1.35,4042,283.5,40.5,0.764337063,1.3625,4042,310,40.5,0.8185164,1.3625,4042,1075,40.5,3.85171366,1.36875,4042,814.5,40.5,2.63621283,1.36875,4042,1010,40.5,3.289063,1.36875,80.625,1.55,1.55,99.809166
09/08/2026 11:43:19,13.64,4.62,20,3.08,3.03,15.38,51.52,18.18,10.77,16.67,33.85,9.09,16.65,51.52,13.3962431,2014,457,1235,177,12.375,0.482114047,1.34375,1235,207.5,12.375,0.6488334,1.34375,1976,130.5,19.8,0.291616231,1.34375,1797,1112.5,18,4.017932,1.34375,4042,495,40.5,1.62964725,1.35625,1797,621,18,2.09071445,1.35625,79.75,1.55,1.55,99.80917
09/08/2026 11:43:21,7.81,3.12,9.38,4.69,4.69,29.69,21.88,12.5,9.38,23.44,12.5,14.06,12.76,29.69,14.4545507,2545,501,1797,186,18,0.4487038,1.325,4042,215,40.5,0.6012896,1.325,1797,640.5,18,2.059989,1.325,4042,733,40.5,2.57033324,1.325,1797,625,18,2.05705667,1.3375,1797,605,18,2.0684216,1.3375,80,1.55,1.55,99.809166
09/08/2026 11:43:23,4.69,3.12,15.62,6.35,3.12,7.81,26.56,0,10.94,14.06,28.12,21.88,11.86,28.12,13.0300817,2635,449,1976,191,19.8,0.534861,1.3375,1976,307,19.8,1.01319933,1.3375,1976,192.5,19.8,0.502710462,1.34375,1797,541,18,1.94294143,1.34375,4042,445,40.5,1.34269655,1.34375,4042,1015,40.5,3.64308047,1.34375,79.375,1.55,1.55,99.80916
09/08/2026 11:43:25,12.12,1.52,15.15,0,3.03,4.62,21.21,20,9.09,22.73,31.82,19.7,13.41,31.82,14.5020428,2545,492,1797,196.5,18,0.4800268,1.31875,4042,276.5,40.5,0.8343136,1.31875,1797,145,18,0.316271245,1.325,1797,769.5,18,2.78986287,1.325,4042,596.5,40.5,1.91615355,1.325,1797,968.5,18,3.332313,1.325,79.125,1.55,1.55,99.80926
09/08/2026 11:43:27,7.81,3.12,23.44,0,3.03,20.31,17.19,3.03,10.77,20.97,21.88,15.62,12.26,23.44,12.9236593,2345,440,1397,191,14,0.5330151,1.3375,1397,382,14,1.27364314,1.3375,1397,440,14,1.41811347,1.3375,4042,381,40.5,1.32315,1.35,1797,553.5,18,1.85463428,1.35,4042,693.5,40.5,2.31808519,1.35,78.00001,1.55,1.55,99.8092041
09/08/2026 11:43:29,7.81,0,25.4,4.76,1.61,9.38,40.62,11.67,12.5,18.75,31.25,12.31,14.67,40.62,14.2742691,2345,470,1397,180.5,14,0.492687166,1.34375,1397,355.5,14,1.17322123,1.34375,1397,141.5,14,0.3137274,1.34375,1797,948.5,18,3.49653268,1.35,4042,417.5,40.5,1.2496177,1.35,4042,775.5,40.5,2.75780916,1.35,78.37501,1.55,1.55,99.80922
09/08/2026 11:43:31,9.38,3.23,7.81,1.56,3.23,7.81,1.56,12.9,6.25,18.46,31.25,32.81,11.35,32.81,13.13847,2345,445,1397,205.5,14,0.569721937,1.33125,1397,156.5,14,0.444286644,1.34375,1397,179,14,0.415739059,1.34375,1797,324.5,18,1.14756,1.34375,4042,510.5,40.5,1.69015455,1.34375,4042,1296,40.5,4.619673,1.34375,77.87501,1.55,1.55,99.80922
09/08/2026 11:43:33,3.12,1.56,15.62,1.56,7.81,15.62,15.62,0,9.38,17.46,43.75,12.5,12,43.75,14.1604548,3668,473,4042,167,40.5,0.3988383,1.3375,4042,296.5,40.5,0.8673374,1.3375,4042,453.5,40.5,1.43699729,1.3375,1797,347.5,18,1.21654248,1.35625,4042,479.5,40.5,1.51619053,1.35625,4042,1095,40.5,3.90575266,1.35625,77.62501,1.55,1.55,99.80918
09/08/2026 11:43:35,6.25,1.56,15.62,0,1.61,7.69,42.19,0,9.38,25.4,9.23,12.5,10.95,42.19,13.3638182,2332,453,1315,133,14,0.333462268,1.3375,1397,334,14,1.00266075,1.3375,1397,162,14,0.390555263,1.3375,1797,866.5,18,3.116659,1.34375,4042,736.5,40.5,2.63636637,1.34375,4042,483.5,40.5,1.65705287,1.34375,77.87501,1.55,1.55,99.80922
09/08/2026 11:43:37,10.94,20,12.5,1.64,20.63,7.81,21.88,26.56,12.5,9.23,20.31,12.5,14.71,26.56,14.3566751,2388,498,1235,656,12.375,2.1284802,1.34375,1235,167,12.375,0.405612379,1.35625,1976,531.5,19.8,1.7137872,1.35625,4042,782.5,40.5,2.72890568,1.35625,4042,319.5,40.5,0.875092745,1.35625,1797,534,18,1.82387924,1.35625,77.37501,1.55,1.55,99.80922
09/08/2026 11:43:39,7.81,6.25,17.19,3.17,4.76,9.38,10.94,32.81,6.25,7.81,35.94,31.25,14.46,35.94,14.5550528,2392,524,1397,236,14,0.630630434,1.3375,1397,262,14,0.7575637,1.3375,1677,185,16.8,0.426459223,1.3375,1797,823,18,2.84417772,1.35,4042,300,40.5,0.7272923,1.35,4042,1341,40.5,4.69531727,1.35,77.75001,1.55,1.55,99.80916
09/08/2026 11:43:41,12.5,1.54,9.23,1.54,9.38,24.62,4.69,0,12.5,60.94,6.15,0,11.92,60.94,13.201395,3506,440,1797,220.5,18,0.63257,1.34375,3577,99,40.5,0.2477862,1.35,4042,673.5,40.5,2.26355839,1.35,3537,63,40.5,0.178631708,1.35,4042,1482,40.5,5.39365625,1.35,4042,105,40.5,0.249029428,1.35,79.625,1.55,1.55,99.80926
09/08/2026 11:43:43,18.75,14.06,26.56,4.69,17.19,9.38,17.19,43.75,18.75,26.56,21.88,31.25,20.83,43.75,17.3083286,4042,714,4042,532.5,40.5,1.39149022,1.375,4042,485.5,40.5,1.282865,1.375,4042,429,40.5,1.20039678,1.35625,4042,1122.5,40.5,3.86500931,1.35625,4042,778,40.5,2.50527215,1.35625,4042,934,40.5,2.99798346,1.35625,80,1.55,1.55,99.8092041
09/08/2026 11:43:45,45.31,23.44,50,23.44,46.88,21.88,42.19,40.62,43.75,26.56,45.31,29.69,36.59,50,24.1000118,2171,1442,1797,1309.5,18,2.88024926,1.3625,1797,1440,18,3.34136367,1.3625,1797,1269.5,18,2.89134383,1.375,4042,1812.5,40.5,4.70028353,1.375,1797,1375.5,18,3.182905,1.375,1797,1446.5,18,3.44195,1.375,79.75,1.55,1.55,99.8092041
09/08/2026 11:43:47,9.38,3.12,15.62,10.94,9.38,15.62,7.81,17.19,9.38,17.19,12.5,20.31,12.37,20.31,14.1632357,2920,496,1797,181,18,0.4627438,1.3375,1797,430,18,1.32105708,1.3375,4042,503,40.5,1.67387891,1.3375,4042,556,40.5,1.9422822,1.3375,1797,571.5,18,1.80015588,1.3375,4042,734,40.5,2.57399654,1.3375,79.75,1.55,1.55,99.80912
09/08/2026 11:43:49,7.81,7.58,17.19,0,1.56,7.69,46.88,1.56,6.25,12.5,18.46,15.62,11.93,46.88,13.6224756,2137,464,1797,262,18,0.789172351,1.33125,1797,253.5,18,0.7721228,1.33125,4042,153.5,40.5,0.374357343,1.33125,1235,1003,12.375,3.66523981,1.33125,1976,452,19.8,1.50911236,1.33125,1976,658.5,19.8,2.239238,1.33125,79.25,1.55,1.55,99.8092346
09/08/2026 11:43:51,39.06,10.94,28.12,12.5,17.19,17.19,31.25,10.94,32.81,51.56,28.12,45.31,27.08,51.56,20.4653282,2920,869,4042,773,40.5,2.72391367,1.33125,4042,534.5,40.5,1.95467794,1.33125,1797,453.5,18,1.11792135,1.36875,4042,799.5,40.5,2.58473325,1.3625,1797,1547.5,18,5.0922327,1.3625,1797,1106.5,18,4.53545761,1.3625,81.625,1.55,1.55,99.80919
09/08/2026 11:43:53,28.12,14.06,10.94,26.56,14.06,15.62,35.94,50,21.88,17.19,17.19,25,23.05,50,18.6422386,2920,802,4042,489,40.5,1.232791,1.35625,1797,674,18,1.93641388,1.3625,4042,436,40.5,1.01539123,1.3625,1797,1589.5,18,5.203035,1.3625,1797,831,18,2.58471346,1.3625,4042,790,40.5,2.51511431,1.3625,82.25,1.55,1.55,99.8092346
09/08/2026 11:43:55,20,12.31,12.31,21.54,1.54,9.23,56.92,3.08,6.15,1.56,4.69,1.54,12.57,56.92,13.6837654,3294,473,1797,560,18,1.71484435,1.3625,1797,597,18,1.957951,1.3625,4042,142,40.5,0.300695628,1.3625,4042,1227,40.5,4.534352,1.3625,4042,118.5,40.5,0.2754429,1.3625,4042,195.5,40.5,0.629493237,1.3625,81.875,1.55,1.55,99.80916
09/08/2026 11:43:57,10.94,6.25,6.25,0,37.5,39.06,7.81,0,4.69,20.31,3.12,0,11.33,39.06,13.8342552,2336,485,1235,348,12.375,0.93265295,1.3625,1235,163.5,12.375,0.400622755,1.3625,1797,1617.5,18,5.6159,1.36875,1664,105,18,0.2670104,1.36875,4042,581,40.5,2.00221515,1.36875,4042,93.5,40.5,0.210974365,1.36875,80.875,1.55,1.55,99.80921
09/08/2026 11:43:59,18.46,3.08,7.69,1.54,9.23,15.38,27.69,53.85,3.08,7.69,1.54,0,12.44,53.85,13.9338264,2903,474,4042,305,40.5,0.8262905,1.3375,1699,130.5,18,0.340791076,1.3375,4042,481.5,40.5,1.62439728,1.3375,1797,1589.5,18,5.81050253,1.3375,1797,256.5,18,0.7752019,1.3375,4042,80,40.5,0.207534343,1.3375,80.375,1.55,1.55,99.8092346
09/08/2026 11:44:01,4.62,3.08,10.77,0,0,9.23,3.08,3.03,6.15,6.15,35.38,55.38,11.41,55.38,13.3672533,3241,465,3854,219,40.5,0.546485,1.3375,1797,144,18,0.3851375,1.3375,4042,132.5,40.5,0.288518816,1.3375,1670,135,18,0.4206057,1.3375,4042,228.5,40.5,0.665582657,1.3375,4042,1930.5,40.5,6.92402029,1.3375,79.625,1.55,1.55,99.80921
09/08/2026 11:44:03,20.31,26.56,10.94,1.54,4.69,7.81,28.12,6.25,10.94,6.25,37.5,28.12,15.75,37.5,12.9331312,2366,447,1235,586.5,12.375,1.84742415,1.3625,1101,98.5,12.375,0.246445328,1.3625,1976,111.5,19.8,0.2421868,1.3625,4042,515,40.5,1.84858418,1.375,1797,204,18,0.5753318,1.375,4042,1168.5,40.5,4.124169,1.375,78.75001,1.55,1.55,99.8092
09/08/2026 11:44:05,10.94,3.12,20.31,3.12,4.69,15.62,31.25,14.06,4.69,25,6.25,15.62,12.89,31.25,14.1316662,2920,504,1797,267,18,0.658866346,1.34375,1797,414.5,18,1.28263509,1.34375,4042,398.5,40.5,1.214349,1.34375,1797,898.5,18,3.08686376,1.34375,4042,573,40.5,1.95560789,1.34375,4042,475.5,40.5,1.59738517,1.34375,78.87501,1.55,1.55,99.80917
09/08/2026 11:44:07,7.58,7.58,16.67,0,1.52,12.12,30.3,9.09,4.55,25.76,15.15,10.61,11.74,30.3,13.0777884,2575,438,1797,249.5,18,0.7920354,1.3375,4042,191.5,40.5,0.5536855,1.3375,1976,121,19.8,0.265159816,1.3375,1797,843,18,3.13815737,1.34375,1797,639,18,2.240365,1.34375,4042,582.5,40.5,2.03579855,1.34375,78.62501,1.55,1.55,99.80919
09/08/2026 11:44:09,9.38,3.12,9.38,0,14.06,20.31,28.12,7.94,20.31,12.5,10.94,12.5,12.38,28.12,13.650034,3633,456,4042,180,40.5,0.50430125,1.35625,3835,192,40.5,0.490428478,1.35625,4042,647.5,40.5,2.198933,1.35625,1797,711,18,2.6169126,1.35625,4042,561.5,40.5,2.02607512,1.35625,4042,443,40.5,1.51430225,1.35625,78.25001,1.55,1.55,99.80918
09/08/2026 11:44:11,6.25,4.69,9.38,0,9.38,31.25,32.81,8.06,3.12,25,18.75,7.81,13.04,32.81,13.2830086,2830,442,3746,114.5,40.5,0.289079547,1.35,1556,101,18,0.250472575,1.35,4042,730.5,40.5,2.48298264,1.35,1797,726,18,2.67246485,1.35,4042,529.5,40.5,1.852753,1.35625,1797,448,18,1.49723959,1.35625,77.87501,1.55,1.55,99.8092041
09/08/2026 11:44:13,15.62,4.69,9.38,9.38,6.25,4.69,14.06,10.94,4.69,23.44,10.94,25,11.59,25,13.01619,3294,447,4042,359,40.5,1.10788226,1.34375,4042,378.5,40.5,1.21826816,1.34375,4042,188.5,40.5,0.490816474,1.34375,1797,504.5,18,1.76467526,1.34375,1797,488,18,1.6405983,1.34375,4042,762,40.5,2.70439339,1.35625,77.00001,1.55,1.55,99.809166
09/08/2026 11:44:15,10.77,9.23,18.46,3.08,3.12,15.62,33.85,4.62,6.15,6.15,17.19,12.31,11.71,33.85,13.0992575,2720,444,1397,361,14,1.17936909,1.35,1397,320,14,1.01199985,1.3625,1397,321,14,0.940131664,1.3625,4042,815.5,40.5,2.96943545,1.3625,4042,264.5,40.5,0.753077269,1.3625,4042,582.5,40.5,2.053191,1.3625,76.62501,1.55,1.55,99.8092041
09/08/2026 11:44:17,23.44,13.85,26.56,10.77,26.56,15.62,45.31,16.42,20,26.15,17.19,25,22.24,45.31,16.8581219,3294,835,1797,634.5,18,1.39547181,1.3625,1797,662,18,1.30952883,1.3625,4042,784.5,40.5,1.81148458,1.3625,4042,1260,40.5,3.9104805,1.3625,4042,794,40.5,1.97627974,1.31875,4042,873,40.5,2.13656044,1.31875,77.25001,1.55,1.55,99.80921
09/08/2026 11:44:19,15.38,16.67,15.38,13.64,12.31,13.85,23.08,19.7,15.38,20,21.54,33.85,18.4,33.85,13.94433,3668,531,4042,411.5,40.5,1.19757533,1.3375,4042,420,40.5,1.13338339,1.3375,1797,412.5,18,1.2256974,1.3375,4042,649.5,40.5,1.99664438,1.3375,4042,453,40.5,1.41930139,1.3375,4042,839,40.5,2.82105923,1.3375,77.37501,1.55,1.55,99.80921
09/08/2026 11:44:21,14.06,16.92,9.38,12.5,11.11,12.5,7.81,12.5,12.5,10.94,15.62,20.31,13.01,20.31,13.4372044,2038,495,1397,500,14,1.570485,1.3125,1397,379.5,14,1.15104055,1.3125,1797,432,18,1.2522949,1.3125,1797,510.5,18,1.66735792,1.325,1797,436.5,18,1.39425671,1.325,4042,709,40.5,2.34270072,1.325,77.87501,1.55,1.55,99.80924
09/08/2026 11:44:23,10.77,6.15,4.62,1.47,3.12,7.69,21.54,26.87,7.69,13.85,13.85,23.08,11.72,26.87,13.1695395,2513,462,1797,283,18,0.864914358,1.3375,1602,135.5,18,0.36751312,1.3375,4042,136.5,40.5,0.2816374,1.3375,1797,1002,18,3.6611495,1.3375,1797,383,18,1.11171532,1.3375,4042,829,40.5,2.74250221,1.3375,77.62501,1.55,1.55,99.80922
09/08/2026 11:44:25,18.75,4.69,9.38,9.38,14.06,14.06,14.06,9.38,3.12,12.5,14.06,12.5,11.33,18.75,13.380537,3277,456,4042,411.5,40.5,1.3336966,1.35625,1696,272.5,18,0.881278455,1.35625,4042,534,40.5,1.77845538,1.35625,1797,558,18,1.90647709,1.35625,4042,402,40.5,1.24015343,1.35625,4042,557,40.5,1.93326962,1.35625,77.25001,1.55,1.55,99.80922
09/08/2026 11:44:27,6.25,1.56,15.62,4.62,15.38,14.06,25,12.7,6.25,9.38,15.62,10.94,11.45,25,13.2938719,2920,465,1797,145.5,18,0.383913815,1.33125,1797,410,18,1.33874118,1.33125,4042,568,40.5,1.83395958,1.33125,4042,758,40.5,2.783715,1.34375,1797,322,18,0.984204054,1.34375,4042,588,40.5,1.964482,1.34375,77.00001,1.55,1.55,99.8092
09/08/2026 11:44:29,15.62,4.76,12.5,6.35,7.94,9.52,20.31,23.44,6.25,14.29,32.81,32.81,15.55,32.81,13.1653681,2345,453,1397,195.5,14,0.575585365,1.3125,1397,335,14,1.06857646,1.31875,1397,215.5,14,0.584549665,1.31875,1797,527.5,18,1.71929348,1.31875,4042,304,40.5,0.9533276,1.31875,4042,1138,40.5,4.06362343,1.31875,76.62501,1.55,1.55,99.80918
09/08/2026 11:44:31,20.63,16.13,15.87,9.68,17.74,23.81,30.16,41.27,22.22,17.46,31.75,14.29,21.75,41.27,17.3512878,2388,810,1235,633,12.375,1.38551664,1.35,1235,555,12.375,1.18616807,1.35,1976,782.5,19.8,1.98790109,1.35,4042,1401.5,40.5,4.51248169,1.35,1797,732,18,2.042217,1.35,4042,753.5,40.5,1.80707586,1.35,77.25001,1.55,1.55,99.80925
09/08/2026 11:44:33,19.7,10.45,13.64,1.49,8.96,26.87,6.06,3.03,12.12,19.7,19.7,42.42,15.34,42.42,13.0228643,2886,447,4042,317,40.5,1.00182676,1.35,1797,132.5,18,0.367904663,1.35,1797,476,18,1.58324969,1.35,1594,70.5,18,0.2046564,1.35,4042,487,40.5,1.49962091,1.35,4042,1201,40.5,4.275882,1.35,77.00001,1.55,1.55,99.8092041
09/08/2026 11:44:35,7.81,3.12,15.62,4.69,3.12,32.81,23.44,3.12,7.81,4.69,42.19,3.12,12.63,42.19,13.8153982,2920,508,1797,221.5,18,0.5889339,1.3375,1797,329.5,18,0.982593834,1.3375,4042,717.5,40.5,2.27222466,1.3375,1797,551,18,1.92374337,1.3375,4042,326,40.5,0.7700157,1.3375,4042,902,40.5,3.1593864,1.3375,76.62501,1.55,1.55,99.80919
09/08/2026 11:44:37,6.25,6.35,7.94,6.35,9.52,11.11,35.94,0,4.69,17.19,35.94,1.56,11.9,35.94,13.2291145,2313,459,1397,142.5,14,0.3548579,1.325,1201,218.5,14,0.6926036,1.3375,1397,326.5,14,0.96078,1.3375,1797,777,18,2.76191878,1.3375,4042,522,40.5,1.67208588,1.3375,4042,765.5,40.5,2.65700459,1.3375,76.62501,1.55,1.55,99.809166
09/08/2026 11:44:39,11.11,3.17,9.52,0,0,9.52,14.29,7.69,12.7,26.98,30.16,15.87,11.75,30.16,13.0000772,2920,448,4042,242,40.5,0.730819464,1.375,1797,129,18,0.3446486,1.375,1797,127,18,0.294058353,1.375,1797,491.5,18,1.76572514,1.375,4042,760.5,40.5,2.63299346,1.36875,4042,938,40.5,3.153431,1.36875,77.25001,1.55,1.55,99.80918
09/08/2026 11:44:41,9.38,7.58,9.23,0,7.81,12.31,42.19,14.06,3.12,14.06,21.54,6.25,12.29,42.19,13.5654659,2899,474,4042,262.5,40.5,0.8044741,1.33125,1675,120,18,0.2980866,1.33125,1797,375,18,1.16364741,1.33125,1797,1132,18,4.00452375,1.33125,4042,323,40.5,0.94365263,1.33125,4042,629.5,40.5,2.10156035,1.33125,77.12501,1.55,1.55,99.8092346
09/08/2026 11:44:43,9.38,1.54,9.38,1.56,0,20,14.06,25.76,4.69,20,20.31,9.38,11.34,25.76,13.3515158,4008,470,4042,234.5,40.5,0.6526162,1.36875,3835,204,40.5,0.52709794,1.36875,4042,411,40.5,1.28584611,1.36875,4042,786.5,40.5,2.86288071,1.36875,4042,542.5,40.5,1.72330856,1.36875,4042,640,40.5,2.24948525,1.36875,77.00001,1.55,1.55,99.8092041
09/08/2026 11:44:45,9.52,6.25,12.7,4.76,9.09,7.81,39.68,1.69,3.17,17.19,20.63,4.76,11.44,39.68,13.4728584,2479,464,1797,266,18,0.8302738,1.325,4042,374.5,40.5,1.12587059,1.325,1797,319,18,0.9811278,1.325,1397,778,14,2.77749515,1.325,4042,510.5,40.5,1.76577616,1.33125,1797,537,18,1.83315969,1.33125,77.00001,1.55,1.55,99.8092
09/08/2026 11:44:47,16.92,3.12,21.54,1.54,7.46,18.46,18.46,7.69,9.23,23.08,30.77,3.08,13.45,30.77,14.2865229,2720,530,1397,277,14,0.744413,1.35625,1397,438,14,1.36210263,1.35625,1397,533.5,14,1.70496571,1.35625,4042,523,40.5,1.75599885,1.35625,4042,684,40.5,2.20387483,1.35,4042,726.5,40.5,2.39759946,1.35,76.62501,1.55,1.55,99.80918
09/08/2026 11:44:49,19.05,7.94,25.4,9.38,7.94,14.29,38.1,12.7,19.05,28.57,41.27,14.29,19.83,41.27,16.9299812,2920,668,1797,383.5,18,1.00473,1.3625,4042,484.5,40.5,1.30521154,1.3625,1797,339,18,0.946266949,1.3625,4042,876.5,40.5,2.91114283,1.35,1797,786.5,18,2.43835831,1.35,4042,1139.5,40.5,3.654015,1.35,77.75001,1.55,1.55,99.80925
09/08/2026 11:44:51,12.5,1.59,10.94,7.94,13.85,31.25,26.56,1.64,4.69,15.62,4.69,10.94,11.85,31.25,12.979907,2920,444,1797,231.5,18,0.6594157,1.34375,1797,338.5,18,1.06279862,1.34375,4042,776,40.5,2.61362052,1.34375,1797,525.5,18,1.90428448,1.34375,4042,473,40.5,1.4735769,1.34375,4042,319,40.5,1.08543289,1.34375,77.62501,1.55,1.55,99.809166
09/08/2026 11:44:53,7.81,10.94,9.38,1.56,7.81,9.38,4.69,0,7.81,18.75,23.44,34.38,11.33,34.38,13.1341619,2892,464,1976,378,19.8,1.09524989,1.38125,3695,161,40.5,0.422671944,1.35625,1797,268.5,18,0.745271862,1.35625,1797,99,18,0.267995745,1.35625,4042,635,40.5,2.06571436,1.35625,4042,1241,40.5,4.287643,1.35625,77.12501,1.55,1.55,99.80917
09/08/2026 11:44:55,20.31,0,9.38,3.12,21.88,31.25,31.25,21.88,15.62,12.5,28.12,29.69,18.75,31.25,16.9479256,2920,755,1797,351,18,0.8952356,1.33125,1797,181.5,18,0.497915953,1.33125,4042,1093.5,40.5,2.82777786,1.33125,1797,1051,18,2.96034122,1.33125,4042,611.5,40.5,1.87737715,1.33125,4042,1243.5,40.5,3.166151,1.33125,78.25001,1.55,1.55,99.80946
09/08/2026 11:44:57,14.06,1.56,17.19,10.94,6.25,12.5,23.44,15.62,7.81,25,20.31,3.12,13.15,25,13.8591642,2920,480,4042,194,40.5,0.502350569,1.33125,1797,415.5,18,1.29100239,1.3375,4042,344.5,40.5,0.9930861,1.33125,1797,764,18,2.78268528,1.3375,1797,648,18,2.227046,1.3375,4042,511.5,40.5,1.70124745,1.3375,77.75001,1.55,1.55,99.809166
09/08/2026 11:44:59,13.85,15.38,10.77,1.54,1.54,7.69,30.77,4.62,7.69,13.85,23.08,20,12.56,30.77,12.9693527,2502,442,1797,431,18,1.3165139,1.3375,1534,117.5,18,0.347727925,1.3375,4042,113,40.5,0.244065478,1.3375,1797,706.5,18,2.571248,1.3375,4042,410.5,40.5,1.35999489,1.3375,1797,874.5,18,3.03560567,1.35,77.25001,1.55,1.55,99.80921
09/08/2026 11:45:01,7.81,4.69,14.06,7.81,0,6.15,23.44,26.98,6.35,9.38,31.25,14.06,12.67,31.25,13.9179525,2482,476,4042,141.5,40.5,0.353666842,1.3375,4042,412.5,40.5,1.23403418,1.3375,1797,157.5,18,0.360817462,1.3375,1976,971.5,19.8,3.55279255,1.3375,1235,247,12.375,0.6934312,1.3375,1797,927,18,3.29484272,1.3375,76.87501,1.55,1.55,99.8092041
09/08/2026 11:45:03,10.94,1.54,9.38,1.54,28.12,6.25,56.25,9.23,6.25,13.85,12.5,3.12,13.25,56.25,13.61282,2510,465,4042,187.5,40.5,0.499681324,1.31875,1585,113,18,0.288252473,1.31875,4042,602.5,40.5,1.91211092,1.34375,1797,1306,18,4.84082556,1.34375,1797,345.5,18,1.09958076,1.34375,1797,236.5,18,0.6466366,1.34375,77.37501,1.55,1.55,99.80917
09/08/2026 11:45:05,10.77,0,12.31,0,3.08,13.85,10.77,9.23,9.23,30.77,30.77,9.23,11.67,30.77,13.0878105,4038,458,4042,202,40.5,0.552709758,1.325,4042,214,40.5,0.6635106,1.325,4042,270.5,40.5,0.7727645,1.325,4042,434,40.5,1.44640136,1.325,4042,833,40.5,2.87021,1.325,4017,794.5,40.25,2.61680675,1.325,77.00001,1.55,1.55,99.80916
09/08/2026 11:45:07,6.35,4.62,7.94,1.54,11.11,12.7,9.52,46.15,11.11,18.75,12.7,1.59,12.01,46.15,13.8378134,3971,473,4042,186.5,40.5,0.48659566,1.33125,3618,139.5,40.5,0.377461821,1.33125,4042,402,40.5,1.27785087,1.33125,4042,1104,40.5,4.07835,1.33125,4042,621.5,40.5,1.9385289,1.33125,4042,382.5,40.5,1.19971478,1.33125,77.00001,1.55,1.55,99.8092041
09/08/2026 11:45:09,10.94,6.25,15.62,9.38,20.31,18.75,62.5,6.25,9.38,11.11,6.25,7.81,15.38,62.5,13.66544,2545,503,4042,258,40.5,0.668253362,1.30625,1797,380,18,1.11462581,1.30625,1797,569.5,18,1.79504788,1.30625,1797,1231,18,4.36503124,1.3375,1797,278,18,0.6889181,1.3375,4042,302,40.5,0.9535369,1.3375,76.87501,1.55,1.55,99.80923
09/08/2026 11:45:11,12.5,15.62,10.94,0,1.56,7.81,20.63,12.31,9.38,15.62,18.75,18.75,11.99,20.63,13.3828268,2365,461,1235,596,12.375,1.95423,1.31875,1096,105,12.375,0.261169016,1.31875,1976,152.5,19.8,0.340154856,1.31875,1797,689.5,18,2.48984838,1.31875,4042,431.5,40.5,1.28212547,1.325,4042,792.5,40.5,2.74980378,1.325,76.37501,1.55,1.55,99.8091
09/08/2026 11:45:13,12.5,1.56,9.38,9.38,4.69,9.38,9.38,7.81,4.69,7.81,28.12,21.88,10.55,28.12,12.6667824,3668,439,4042,244.5,40.5,0.700095057,1.3375,4042,353,40.5,1.169266,1.3375,4042,211,40.5,0.5952527,1.3375,1797,372,18,1.28634989,1.3375,4042,436,40.5,1.30455065,1.3375,4042,1016,40.5,3.5616827,1.3375,76.25001,1.55,1.55,99.80922
09/08/2026 11:45:15,9.38,3.17,14.06,3.17,11.11,17.19,17.19,3.12,6.25,15.87,29.69,25,12.93,29.69,13.3734322,2920,462,1797,164,18,0.431972921,1.35625,1797,191.5,18,0.5082653,1.35625,4042,571,40.5,1.85941327,1.35625,4042,435,40.5,1.52826333,1.35625,4042,349,40.5,1.072239,1.35625,1797,1063,18,3.609426,1.36875,76.25001,1.55,1.55,99.809166
09/08/2026 11:45:17,14.06,6.25,3.12,0,10.94,4.69,29.69,22.95,6.35,9.38,17.19,14.29,11.57,29.69,13.5393763,1960,472,1397,303.5,14,0.898275733,1.35625,1331,124.5,14,0.289712,1.35625,1397,317,14,0.9583499,1.35625,1797,1096,18,3.94941878,1.35625,4042,405.5,40.5,1.14834261,1.35625,1797,587.5,18,2.01996946,1.35625,76.50001,1.55,1.55,99.809166
09/08/2026 11:45:19,9.09,13.64,16.67,7.58,6.06,9.09,18.18,43.94,9.09,12.12,22.73,6.06,14.52,43.94,14.2860794,3668,539,1797,377.5,18,1.12098253,1.34375,4042,341.5,40.5,0.9508263,1.34375,4042,191.5,40.5,0.4611303,1.34375,4042,1269,40.5,4.0093236,1.34375,4042,466.5,40.5,1.344033,1.34375,4042,586.5,40.5,2.01005054,1.34375,76.87501,1.55,1.55,99.80917
09/08/2026 11:45:21,14.06,3.12,3.12,0,1.56,10.94,26.56,9.38,9.38,6.25,35.94,29.69,12.5,35.94,13.431735,3282,488,1797,287.5,18,0.73420316,1.35,1729,143,18,0.321613163,1.35,4042,190.5,40.5,0.4482602,1.35,4042,750.5,40.5,2.62649727,1.35,4042,232,40.5,0.5442461,1.35,4042,1323.5,40.5,4.597898,1.35,76.12501,1.55,1.55,99.8092
09/08/2026 11:45:23,14.29,6.35,14.29,12.7,14.29,12.7,26.98,28.12,11.11,30.16,14.29,4.76,15.84,30.16,13.4685793,3668,461,4042,242,40.5,0.658355653,1.35,1797,447,18,1.42513847,1.35,4042,477.5,40.5,1.53801656,1.35,4042,904.5,40.5,3.27278829,1.35,4042,509,40.5,1.65471435,1.35,4042,186,40.5,0.5597394,1.36875,75.62501,1.55,1.55,99.8092
09/08/2026 11:45:25,7.94,3.28,6.45,1.59,0,12.7,12.7,34.92,3.17,15.87,15.87,28.57,11.92,34.92,13.2827559,2859,457,1673,185.5,18,0.46073997,1.3375,1559,109,18,0.262350768,1.3375,4042,196.5,40.5,0.497692078,1.3375,1797,920,18,3.35297084,1.3375,4042,414,40.5,1.32877183,1.34375,4042,919.5,40.5,3.22262383,1.34375,75.87501,1.55,1.55,99.8092346
09/08/2026 11:45:27,12.31,3.12,4.62,12.31,9.23,24.62,21.54,21.54,10.77,29.23,23.08,8.06,15.04,29.23,13.224165,2583,451,1665,128.5,18,0.3188465,1.35,4042,268.5,40.5,0.8335848,1.35,1797,562,18,1.83982158,1.35,4042,621,40.5,2.09799123,1.35,1976,556,19.8,1.84877288,1.35,1976,569.5,19.8,1.936273,1.36875,76.00001,1.55,1.55,99.8092346
09/08/2026 11:45:29,10.61,6.15,13.64,4.62,13.85,25.76,10.61,6.15,15.15,18.46,63.08,16.67,17.06,63.08,13.314642,2482,476,1797,184.5,18,0.47941494,1.34375,4042,209,40.5,0.5536778,1.34375,4042,592.5,40.5,1.937167,1.34375,1797,136,18,0.343598962,1.34375,1235,287,12.375,0.740783036,1.35,1976,1445.5,19.8,5.067357,1.35,75.75001,1.55,1.55,99.80917
09/08/2026 11:45:31,15.62,3.12,10.94,0,0,7.81,40.62,0,1.56,29.69,20.31,10.94,11.72,40.62,13.1944237,2920,449,4042,242.5,40.5,0.6987769,1.3625,4042,183,40.5,0.452190548,1.325,1797,166,18,0.341220945,1.33125,1797,888.5,18,3.218165,1.33125,4042,625,40.5,2.072599,1.33125,1797,588,18,1.90803242,1.33125,75.75001,1.55,1.55,99.80919
09/08/2026 11:45:33,11.11,7.94,7.94,0,14.29,9.52,34.92,0,3.17,12.7,26.98,9.52,11.51,34.92,12.8920746,2358,453,1797,303.5,18,0.90462923,1.34375,4042,173,40.5,0.4597109,1.3375,4042,489,40.5,1.4756422,1.3375,1797,683,18,2.40837383,1.3375,1235,292.5,12.375,0.8527616,1.34375,1235,777,12.375,2.65297437,1.34375,75.50001,1.55,1.55,99.80918
09/08/2026 11:45:35,9.23,13.85,10.77,10.77,12.31,12.31,29.23,13.85,10.77,30.77,29.23,4.62,15.64,30.77,14.103508,2920,506,1797,326.5,18,0.876888156,1.3125,4042,214.5,40.5,0.5396808,1.3125,4042,314,40.5,0.9170053,1.3125,1797,796.5,18,2.816686,1.3125,1797,712.5,18,2.37125587,1.3125,4042,672,40.5,2.212242,1.3125,75.87501,1.55,1.55,99.8092041
09/08/2026 11:45:37,9.52,3.17,9.52,5.88,9.52,9.52,23.81,8.82,7.94,36.51,26.98,3.17,12.87,36.51,13.1715479,3270,456,1797,214,18,0.553177357,1.31875,3924,185,40.5,0.4834313,1.31875,4042,265.5,40.5,0.760939538,1.31875,1797,673.5,18,2.46154976,1.31875,4017,811.5,40.25,2.855268,1.31875,4042,586,40.5,1.87555838,1.33125,75.87501,1.55,1.55,99.80916
09/08/2026 11:45:39,13.64,1.52,6.06,1.52,1.52,10.61,16.67,15.15,4.55,13.64,50,4.55,11.62,50,13.3683052,2919,489,1797,214,18,0.599803448,1.33125,1792,158,18,0.387838244,1.33125,4042,206.5,40.5,0.5522863,1.33125,1797,718,18,2.33748627,1.3375,4042,454,40.5,1.36013174,1.3375,4042,1185,40.5,3.88621855,1.3375,75.75001,1.55,1.55,99.80929
09/08/2026 11:45:41,18.75,0,15.62,10.77,14.06,7.81,17.19,15.38,14.06,6.25,6.25,14.06,11.68,18.75,13.416173,2920,485,4042,376.5,40.5,1.10866058,1.34375,1797,494,18,1.60285759,1.34375,1797,417,18,1.29956114,1.34375,1797,737.5,18,2.52712321,1.34375,4042,408.5,40.5,1.14064908,1.35625,4042,476.5,40.5,1.59282839,1.35625,75.25001,1.55,1.55,99.80924
09/08/2026 11:45:43,12.5,10.94,15.62,6.45,3.08,9.38,35.94,51.56,18.75,9.38,14.06,3.12,15.9,51.56,14.8266563,2545,587,4042,375.5,40.5,1.00443161,1.33125,1797,350.5,18,1.09261441,1.33125,1797,153.5,18,0.3821059,1.33125,4042,1770,40.5,5.099555,1.33125,1797,527.5,18,1.61435854,1.33125,1797,343.5,18,1.12467659,1.33125,78.75001,1.55,1.55,99.8092041
09/08/2026 11:45:45,12.5,1.49,7.81,4.48,4.69,10.94,7.81,8.96,12.5,30.77,20.31,23.44,12.14,30.77,13.0144482,1984,452,1797,215,18,0.639454246,1.34375,1797,249,18,0.7881172,1.34375,4042,199.5,40.5,0.528496563,1.34375,1235,324,12.375,1.12249482,1.34375,1235,928,12.375,3.16196728,1.34375,1797,796.5,18,2.60313249,1.3375,77.50001,1.55,1.55,99.80918
09/08/2026 11:45:47,6.25,1.56,6.25,0,10.94,10.94,45.31,1.56,4.69,14.06,20.31,9.38,10.94,45.31,13.0971336,2515,454,1792,145,18,0.354271322,1.325,1620,106.5,18,0.262206763,1.33125,4042,479.5,40.5,1.47504234,1.33125,1797,929.5,18,3.371521,1.33125,1797,383,18,1.12331271,1.33125,4042,680,40.5,2.352573,1.33125,76.62501,1.55,1.55,99.8092041
09/08/2026 11:45:49,17.19,6.25,14.06,15.38,6.25,28.12,4.69,10.77,10.77,20,16.92,6.25,13.05,28.12,13.5992041,3294,515,1797,502,18,1.37937057,1.35,4042,374.5,40.5,1.09940732,1.35,4042,641,40.5,1.91047537,1.35,4042,327.5,40.5,1.0314424,1.35,1797,730.5,18,2.45358753,1.35,4042,515,40.5,1.64513624,1.35,76.50001,1.55,1.55,99.80917
09/08/2026 11:45:51,21.54,21.88,9.23,3.17,14.29,10.94,4.62,18.46,7.69,16.92,4.62,0,11.11,21.88,12.8323059,2345,447,1397,740,14,2.38975334,1.35625,1397,250,14,0.745606065,1.35625,1397,549.5,14,1.77115464,1.35625,4042,468,40.5,1.65117073,1.35625,4042,556,40.5,1.781998,1.35625,1797,120.5,18,0.331097215,1.35625,76.12501,1.55,1.55,99.8092
09/08/2026 11:45:53,12.5,3.12,6.25,0,12.5,13.85,7.81,13.64,7.81,18.75,9.23,31.25,11.39,31.25,12.8026371,4030,444,4042,303,40.5,0.948165834,1.3375,4042,127,40.5,0.337858617,1.3375,4042,505.5,40.5,1.57751238,1.3375,3968,359,40.5,1.25232649,1.3375,4042,507.5,40.5,1.62304938,1.3375,4042,860.5,40.5,2.92515731,1.34375,75.50001,1.55,1.55,99.80916
09/08/2026 11:45:55,7.81,4.69,12.5,0,25,6.35,15.62,21.88,4.69,11.11,23.44,10.94,12,25,13.4235048,2888,465,3854,173,40.5,0.467002571,1.35625,1797,203.5,18,0.6181323,1.35625,1797,619.5,18,2.03955531,1.35625,4042,781.5,40.5,2.551876,1.35625,4042,312,40.5,0.9924039,1.3625,1797,701,18,2.41915035,1.3625,76.00001,1.55,1.55,99.8092957
09/08/2026 11:45:57,4.69,3.12,9.38,0,17.19,10.94,18.75,23.44,3.12,7.81,21.88,17.19,11.46,23.44,13.0742474,3270,451,1654,114,18,0.280081034,1.3125,4042,122,40.5,0.310152024,1.3125,4042,580.5,40.5,1.90916336,1.3125,1797,832,18,2.95722532,1.3125,4042,284.5,40.5,0.747594357,1.3125,4042,774.5,40.5,2.74464965,1.3125,75.75001,1.55,1.55,99.8092041
09/08/2026 11:45:59,21.54,12.5,15.62,19.67,15.38,7.81,7.69,16.92,12.31,27.69,12.5,20,15.8,27.69,13.1220436,2720,452,1397,376.5,14,1.16394353,1.35,1397,472,14,1.56317008,1.35,1397,384,14,1.22053611,1.35,4042,386,40.5,1.35145354,1.35,4042,610.5,40.5,1.99756467,1.35,4042,482,40.5,1.57102537,1.3625,75.62501,1.55,1.55,99.80913
09/08/2026 11:46:01,7.81,3.03,6.15,4.55,1.54,9.23,18.75,7.58,10.94,31.25,18.75,17.19,11.4,31.25,13.2744818,4042,483,4042,241,40.5,0.6610037,1.3625,4042,259.5,40.5,0.8137668,1.3625,4042,133,40.5,0.286160082,1.3625,4042,533.5,40.5,1.78534973,1.3625,4042,863,40.5,2.83599472,1.3625,4042,866.5,40.5,2.82382965,1.3625,75.37501,1.55,1.55,99.80923
09/08/2026 11:46:03,9.38,6.25,10.94,1.56,21.88,14.06,31.25,1.56,4.69,18.75,23.44,3.12,12.24,31.25,13.02068,2453,456,4042,310,40.5,0.9008488,1.325,1645,114.5,18,0.266464233,1.325,1797,679.5,18,2.25707936,1.325,1397,668,14,2.321506,1.325,4042,447.5,40.5,1.34950161,1.33125,1797,518.5,18,1.70642209,1.33125,75.12501,1.55,1.55,99.80918
09/08/2026 11:46:05,7.81,6.35,10.94,0,3.12,11.11,26.56,17.19,9.38,11.11,45.31,7.81,13.06,45.31,13.4492884,2491,498,1976,296,19.8,0.73959595,1.3375,1293,144.5,14,0.344941348,1.3375,4042,198.5,40.5,0.477039427,1.3375,1797,813,18,2.75477648,1.3375,1797,446.5,18,1.34510136,1.3375,4042,1089.5,40.5,3.627236,1.3375,75.12501,1.55,1.55,99.80918
09/08/2026 11:46:07,9.38,4.62,11.11,9.23,11.11,9.52,1.56,1.59,18.75,21.88,23.44,26.56,12.4,26.56,13.13312,2319,461,1386,174.5,14,0.446316957,1.31875,1397,396,14,1.22484243,1.33125,1397,334,14,0.984296,1.33125,1648,76.5,18,0.2031056,1.33125,4042,696.5,40.5,2.32628918,1.33125,4042,1088.5,40.5,3.66066933,1.33125,75.12501,1.55,1.55,99.80917
09/08/2026 11:46:09,12.31,1.54,15.38,4.62,4.62,9.23,13.85,20,6.15,13.64,36.92,4.62,11.91,36.92,12.98147,2920,460,4042,188.5,40.5,0.5086976,1.33125,1797,397,18,1.21323,1.33125,4042,233,40.5,0.633297861,1.33125,1797,705,18,2.4502902,1.33125,1797,377.5,18,1.17585146,1.33125,4042,858,40.5,2.885184,1.33125,75.12501,1.55,1.55,99.80918
09/08/2026 11:46:11,3.12,4.69,9.38,4.69,1.54,12.5,18.75,4.62,3.12,18.75,32.81,28.12,11.84,32.81,13.07464,3147,456,1318,126,14,0.3033122,1.34375,1397,216.5,14,0.6526508,1.34375,4042,254,40.5,0.665810943,1.34375,4042,421.5,40.5,1.34559309,1.34375,4042,506.5,40.5,1.69054151,1.34375,4042,1213,40.5,4.21617031,1.34375,75.12501,1.55,1.55,99.80915
09/08/2026 11:46:13,7.81,1.56,12.5,0,0,7.81,23.44,10.94,6.25,37.5,6.25,17.19,10.94,37.5,13.0454893,2757,448,1203,136.5,12.375,0.34590435,1.35,1235,258,12.375,0.8070392,1.35,1976,126.5,19.8,0.2622585,1.35,4042,752,40.5,2.67648268,1.35,4042,899.5,40.5,3.1291666,1.35,4042,517.5,40.5,1.70319963,1.35,75.50001,1.55,1.55,99.8092346
09/08/2026 11:46:15,29.69,0,12.5,1.56,10.94,18.75,9.38,1.56,4.69,23.44,28.12,15.62,13.02,29.69,13.0870266,4042,457,4042,312.5,40.5,0.8807808,1.34375,4042,274,40.5,0.84051,1.34375,4042,493.5,40.5,1.604846,1.34375,4042,168,40.5,0.5030568,1.34375,4042,541,40.5,1.76629579,1.34375,4042,950.5,40.5,3.26114154,1.34375,75.25001,1.55,1.55,99.80927
09/08/2026 11:46:17,12.5,19.05,31.75,0,6.25,12.5,25,0,3.12,10.77,24.62,0,12.13,31.75,12.838109,2345,450,1397,526.5,14,1.67203045,1.31875,1397,611,14,2.01776862,1.34375,1397,350,14,1.06976473,1.34375,1797,396.5,18,1.38797033,1.34375,4042,315.5,40.5,0.895031,1.34375,4042,499.5,40.5,1.70630491,1.34375,75.37501,1.55,1.55,99.80916
09/08/2026 11:46:19,14.06,3.12,28.12,12.5,20.31,26.56,17.19,6.25,7.81,18.75,25,3.12,15.23,28.12,14.1815939,3294,543,1797,219,18,0.545053244,1.3375,1797,776.5,18,2.11811924,1.3375,4042,858.5,40.5,2.794108,1.3375,4042,498,40.5,1.5589242,1.35,4042,455,40.5,1.33253753,1.35,4042,450.5,40.5,1.49836946,1.35,75.50001,1.55,1.55,99.809166
09/08/2026 11:46:21,10.94,4.69,10.94,3.12,1.56,9.38,53.12,4.69,12.5,7.81,31.25,4.69,12.89,53.12,13.4888191,3294,494,1797,231,18,0.593267143,1.35,1797,252,18,0.7148613,1.35,4042,194,40.5,0.453455478,1.35,4042,1114,40.5,3.9337492,1.3625,4042,397,40.5,1.17958915,1.3625,4042,776.5,40.5,2.63389921,1.3625,75.25001,1.55,1.55,99.8092
09/08/2026 11:46:23,20,4.62,12.31,3.03,4.62,10.77,24.62,15.38,15.38,19.7,32.31,21.54,15.36,32.31,13.1096849,3291,463,1797,314.5,18,0.9649622,1.35,1781,172.5,18,0.450479835,1.35,4042,188,40.5,0.455449849,1.35,4042,550.5,40.5,1.79545927,1.35,4042,577.5,40.5,1.88926792,1.35,4042,977.5,40.5,3.340762,1.35,74.87501,1.55,1.55,99.80919
09/08/2026 11:46:25,7.69,1.52,9.09,1.52,3.03,15.15,12.31,41.54,3.08,18.18,18.18,20,12.61,41.54,13.2478542,3950,461,3877,147.5,40.5,0.369698763,1.3625,3658,129,40.5,0.3215973,1.3625,4042,344.5,40.5,1.039759,1.3625,4042,956.5,40.5,3.431302,1.3625,4042,458.5,40.5,1.505377,1.3625,4042,730.5,40.5,2.44969487,1.3625,75.37501,1.55,1.55,99.80922
09/08/2026 12:35:21,3.12,0,23.44,14.06,3.12,0,14.06,1.56,4.69,14.06,28.12,4.69,9.24,28.12,12.090744,3198,417,3467,120,40.5,0.297083378,1.33125,1797,818.5,18,2.7156744,1.33125,4042,75.5,40.5,0.168306574,1.33125,1797,333,18,1.18523765,1.33125,4042,456.5,40.5,1.52114916,1.33125,4042,698.5,40.5,2.352388,1.33125,77.87501,1.55,1.55,99.80917
09/08/2026 12:35:23,4.69,0,1.59,4.76,3.12,0,9.52,3.17,15.62,46.88,10.94,21.88,10.18,46.88,12.5356007,2285,420,1620,132.5,19.8,0.326484472,1.3625,1235,116.5,12.375,0.272845328,1.3625,972,42,12.375,0.101954721,1.3625,1797,249,18,0.848872,1.3625,4042,1293.5,40.5,4.73083639,1.3625,4042,688.5,40.5,2.31536126,1.3625,78.37501,1.55,1.55,99.80914
09/08/2026 12:35:25,20.31,6.35,18.75,19.05,7.94,4.55,7.81,13.43,9.09,23.81,34.38,20.63,15.51,34.38,14.7896061,2920,578,4042,422.5,40.5,1.4981842,1.35625,1797,749,18,2.61256814,1.35625,1797,123,18,0.307351977,1.35625,4042,399.5,40.5,1.22254562,1.35,4042,680.5,40.5,2.34848166,1.35,1797,1095.5,18,3.14902282,1.35,78.50001,1.55,1.55,99.80923
09/08/2026 12:35:27,12.31,4.69,16.92,9.23,10.94,7.81,21.54,7.81,21.54,45.31,69.23,18.75,20.51,69.23,19.0474129,3294,750,1797,251.5,18,0.7481825,1.35625,4042,303,40.5,0.8437845,1.3625,4042,327.5,40.5,1.0114336,1.3625,1797,610,18,2.38919616,1.3625,4042,1364.5,40.5,4.68328333,1.3625,4042,1643.5,40.5,6.97997665,1.3625,81.25,1.55,1.55,99.809166
09/08/2026 12:35:29,7.81,3.12,12.5,18.75,18.75,31.25,3.12,0,7.81,21.21,0,13.85,11.52,31.25,13.1743126,2543,487,1797,188.5,18,0.490399182,1.35625,1797,696.5,18,2.31926966,1.35625,4042,1001,40.5,3.37352037,1.35625,1797,119,18,0.372086674,1.35625,4042,546,40.5,1.91530073,1.35625,1785,368.5,17.88889,1.12800217,1.35625,80.5,1.55,1.55,99.8092041
09/08/2026 12:35:31,4.69,6.35,18.75,18.75,1.59,0,18.75,1.56,9.38,18.75,15.62,1.56,9.65,18.75,11.99641,2336,399,1126,170,12.375,0.575955153,1.3375,1235,792.5,12.375,2.61445069,1.3375,1772,36,19.8,0.08861901,1.3375,1797,388.5,18,1.40743637,1.3375,4042,639,40.5,2.30878925,1.3375,4042,368.5,40.5,1.23949993,1.3375,79.5,1.55,1.55,99.809166
09/08/2026 12:35:33,1.56,0,3.12,17.19,3.12,0,25,34.38,3.12,23.44,6.25,0,9.77,34.38,12.1273718,2649,400,750,45.5,9.333333,0.1224225,1.35625,1797,430,18,1.4105531,1.35625,3464,38.5,40.5,0.0892856941,1.35625,4042,1139,40.5,4.096285,1.35625,4042,579.5,40.5,2.01571321,1.35625,1797,170,18,0.573303759,1.35625,78.50001,1.55,1.55,99.80914
09/08/2026 12:35:35,14.06,26.56,4.69,1.54,6.25,21.88,15.62,6.15,6.25,12.5,3.12,9.38,10.67,26.56,11.856329,3294,402,4042,818,40.5,2.81018519,1.35,1797,98,18,0.271893054,1.35,1797,449.5,18,1.46341348,1.34375,4042,455.5,40.5,1.615482,1.34375,4042,309,40.5,1.08211267,1.34375,4042,283,40.5,0.929634,1.34375,77.50001,1.55,1.55,99.80919
09/08/2026 12:35:37,3.12,0,0,0,29.69,28.12,15.62,1.56,0,17.19,7.81,4.69,8.98,29.69,11.8049288,3254,400,1602,65.5,18,0.15159595,1.33125,1779,46,18,0.103721939,1.33125,4042,1233.5,40.5,4.18822956,1.33125,4017,381.5,40.25,1.39822221,1.33125,4042,380.5,40.5,1.372127,1.34375,4042,295.5,40.5,0.956518948,1.34375,76.87501,1.55,1.55,99.80919
09/08/2026 12:35:39,7.81,14.06,1.56,3.12,14.06,0,25,1.56,3.12,12.5,17.19,10.94,9.24,25,12.04172,2543,399,1785,406,17.88889,1.36462116,1.325,1797,114.5,18,0.313682318,1.33125,4042,279,40.5,0.8778921,1.33125,1797,595.5,18,2.1092205,1.33125,1797,336,18,1.1983124,1.33125,4042,663,40.5,2.278679,1.33125,76.62501,1.55,1.55,99.80917
09/08/2026 12:35:41,4.69,12.31,14.06,3.12,15.38,9.38,4.69,28.12,0,10.77,6.25,0,9.06,28.12,11.48799,2762,392,1235,387,12.375,1.31411052,1.35,1235,286,12.375,0.9654041,1.34375,1976,523,19.8,1.69855332,1.34375,4042,735.5,40.5,2.5351615,1.34375,4042,268,40.5,0.951128244,1.34375,4042,151,40.5,0.491994977,1.34375,76.37501,1.55,1.55,99.80917
09/08/2026 12:35:43,6.35,7.94,6.35,3.17,1.59,3.17,28.57,11.11,1.59,20.63,12.7,7.94,9.26,28.57,11.5618563,2334,395,1235,265.5,12.375,0.8303616,1.34375,1235,232.5,12.375,0.7668179,1.34375,1651,97.5,19.8,0.303883076,1.34375,4042,845,40.5,2.904894,1.34375,4042,544,40.5,1.84766746,1.34375,1797,386,18,1.33947575,1.34375,76.37501,1.55,1.55,99.8091354
09/08/2026 12:35:45,13.85,9.23,1.54,0,3.08,44.62,1.54,6.15,7.69,12.31,0,9.23,9.1,44.62,11.4088268,3611,384,4042,441,40.5,1.4964757,1.3375,3703,33,40.5,0.07842611,1.3375,1797,1061,18,3.57917166,1.3375,4042,151.5,40.5,0.5244746,1.3375,4042,398.5,40.5,1.389047,1.3375,4042,220,40.5,0.733344436,1.3375,75.75001,1.55,1.55,99.80913
09/08/2026 12:35:47,0,0,3.12,3.12,0,0,10.94,9.38,9.38,26.56,39.06,6.25,8.98,39.06,11.722887,2835,388,1587,44,19.8,0.121835984,1.34375,1775,95.5,19.8,0.298547566,1.34375,1522,30.5,19.8,0.07667383,1.34375,4042,455,40.5,1.55516839,1.34375,4042,752,40.5,2.616821,1.34375,4042,953,40.5,3.30475736,1.34375,76.00001,1.55,1.55,99.80913
09/08/2026 12:35:49,10.77,0,20,32.31,18.46,7.58,6.15,16.92,3.08,6.15,27.69,7.69,13.07,32.31,13.2599888,4038,519,4042,155.5,40.5,0.3920465,1.34375,4042,1101.5,40.5,2.8643477,1.34375,4042,429,40.5,1.35649991,1.34375,4017,501.5,40.25,1.70237958,1.34375,4042,161.5,40.5,0.495691985,1.35,4042,766.5,40.5,2.502799,1.35,75.62501,1.55,1.55,99.80923
09/08/2026 12:35:51,3.08,4.62,1.54,1.54,3.08,1.54,53.85,21.54,9.23,21.54,12.31,7.69,11.79,53.85,11.6048069,2249,388,1366,88.5,18,0.2707198,1.3375,1564,29.5,18,0.0665485337,1.3375,2928,50.5,40.5,0.1199453,1.3375,1797,1308,18,4.61450768,1.3375,4042,425.5,40.5,1.45297635,1.35625,1797,423,18,1.43280947,1.35625,76.12501,1.55,1.55,99.80918
09/08/2026 12:35:53,20.63,7.81,15.62,12.5,3.12,0,47.62,3.17,4.76,3.17,19.05,21.88,13.28,47.62,14.5916033,3294,555,4042,441,40.5,1.14317548,1.35625,1797,473,18,1.42635858,1.35625,4042,191,40.5,0.440837175,1.3625,4042,1061,40.5,3.63218284,1.3625,4042,351,40.5,0.8482785,1.3625,1797,815.5,18,2.671966,1.3625,76.25001,1.55,1.55,99.8092041
09/08/2026 12:35:55,24.24,0,12.12,1.52,16.67,0,22.73,15.15,16.67,15.38,34.85,10.61,14.16,34.85,13.4701948,2687,545,1976,340.5,19.8,0.917987,1.3375,2470,376.5,24.75,1.03384066,1.3375,1797,284,18,0.623339,1.35,4042,767,40.5,2.53426242,1.35,1797,604,18,1.93681777,1.35,4042,899,40.5,2.83849263,1.35,76.75001,1.55,1.55,99.80916
09/08/2026 12:35:57,3.12,3.17,9.38,7.81,1.56,0,9.38,21.88,4.69,23.81,18.75,7.81,9.28,23.81,12.0333462,2920,429,1797,143.5,18,0.3712424,1.30625,4042,429,40.5,1.3677181,1.30625,1797,105.5,18,0.266731441,1.30625,1797,658.5,18,2.305133,1.30625,4042,586.5,40.5,2.013226,1.30625,4042,651.5,40.5,2.14594245,1.30625,76.37501,1.55,1.55,99.80918
09/08/2026 12:35:59,4.76,0,26.98,14.29,10.94,0,39.68,1.54,9.52,9.52,15.87,1.59,11.22,39.68,12.0819035,2388,432,1235,168,12.375,0.456299841,1.35625,1235,753.5,12.375,2.45827365,1.35625,1976,172,19.8,0.4942374,1.35625,4042,896.5,40.5,3.14979815,1.35625,1797,318.5,18,0.987376034,1.35625,4042,282.5,40.5,0.89463073,1.35625,76.00001,1.55,1.55,99.80914
09/08/2026 12:36:01,23.44,6.25,21.88,4.69,43.75,4.69,32.81,8.96,18.75,12.5,23.44,7.81,17.41,43.75,15.487443,3294,728,1797,506.5,18,1.09605277,1.31875,4042,551,40.5,1.34668314,1.325,4042,1051,40.5,3.07455969,1.325,4042,889,40.5,2.510904,1.325,1797,694,18,1.79181433,1.325,4042,675.5,40.5,1.846167,1.325,76.12501,1.55,1.55,99.8092041
09/08/2026 12:36:03,20.31,9.38,14.06,12.5,15.87,7.94,6.25,13.64,4.76,33.33,32.81,6.35,14.77,33.33,14.17613,2635,512,1976,433,19.8,1.16027522,1.35625,1976,440,19.8,1.39324653,1.35625,1976,250.5,19.8,0.6602647,1.35625,4042,396.5,40.5,1.31732714,1.35625,4042,807,40.5,2.698988,1.34375,1797,742,18,2.4917388,1.34375,76.37501,1.55,1.55,99.80915
09/08/2026 12:36:05,15.62,1.59,7.81,3.17,4.76,0,17.19,0,7.81,14.06,20.31,43.75,11.34,43.75,13.0591192,3286,472,4042,373.5,40.5,1.05603385,1.3375,1797,206,18,0.5944729,1.3375,1753,97,18,0.259911329,1.3375,4042,343,40.5,1.11200631,1.3375,4042,463,40.5,1.38049269,1.3375,4042,1352.5,40.5,4.698244,1.35625,76.50001,1.55,1.55,99.80913
09/08/2026 12:36:07,31.25,15.38,33.85,10.77,35.94,18.75,29.69,18.75,25,14.06,40.62,26.56,25.05,40.62,16.02189,4042,829,4042,617,40.5,1.36025882,1.3375,4042,707,40.5,1.64086366,1.33125,4042,985,40.5,2.71224666,1.35,4042,880,40.5,2.436918,1.35,4042,682,40.5,1.595623,1.35,4042,1100.5,40.5,2.98307443,1.35,76.37501,1.55,1.55,99.80917
09/08/2026 12:36:09,12.7,19.05,25.4,26.98,15.87,20.63,22.22,36.51,22.22,22.22,42.86,32.81,24.96,42.86,14.8945951,2415,776,1397,415.5,14,0.7790002,1.3375,1235,795,12.375,1.55283284,1.3625,1976,590.5,19.8,1.42984581,1.3625,1797,935.5,18,2.56707668,1.3625,4042,690,40.5,1.56030238,1.3625,4042,1230,40.5,2.95783234,1.3625,77.37501,1.55,1.55,99.80916
09/08/2026 12:36:11,43.75,26.15,40,20,23.44,17.19,53.12,16.92,41.27,23.81,46.88,28.12,31.72,53.12,18.3762131,2545,974,1797,977,18,2.43731761,1.3375,4042,1042.5,40.5,2.70396376,1.3375,1797,531.5,18,1.16022933,1.3375,1797,1115,18,2.97432661,1.3375,1797,944.5,18,2.40149426,1.3375,4042,1231.5,40.5,3.4763546,1.3375,77.37501,1.55,1.55,99.8092346
09/08/2026 12:36:13,23.08,12.31,30.77,40,18.46,6.15,50.77,15.38,15.38,20,30.77,9.23,22.69,50.77,14.3974581,3668,680,1797,523.5,18,1.19990218,1.35625,4042,1144.5,40.5,2.85444427,1.35625,4042,231,40.5,0.5748691,1.35625,4042,1184,40.5,4.041766,1.35625,4042,471.5,40.5,1.32986557,1.35625,4042,523,40.5,1.47124207,1.35625,77.75001,1.55,1.55,99.80919
09/08/2026 12:36:15,21.88,9.38,14.06,15.15,10.94,18.75,29.69,7.81,14.06,25,40.62,3.12,17.54,40.62,13.0967941,3705,545,4042,386,40.5,0.96190685,1.33125,2021,461.5,20.25,1.43695259,1.33125,4042,453,40.5,1.411127,1.33125,4042,488,40.5,1.5186348,1.33125,4042,623,40.5,1.94282186,1.33125,4042,860.5,40.5,2.83861232,1.33125,77.62501,1.55,1.55,99.80923
09/08/2026 12:36:17,9.38,10.94,9.38,9.38,21.88,4.55,31.25,4.69,12.5,1.56,31.25,4.69,12.62,31.25,11.8395529,2920,501,1797,450.5,18,1.24420846,1.34375,1797,340,18,0.917035758,1.34375,4042,588,40.5,1.904349,1.34375,1797,625,18,2.07869482,1.34375,4042,228,40.5,0.573185742,1.34375,4042,776,40.5,2.560345,1.34375,76.87501,1.55,1.55,99.80915
09/08/2026 12:36:19,30.16,17.46,26.98,12.7,20.63,12.7,20.63,6.35,15.87,26.98,42.86,17.46,20.9,42.86,14.9272738,3290,711,4017,780.5,40.25,2.05090261,1.3625,1797,682.5,18,1.79934824,1.35625,4042,559.5,40.5,1.5261451,1.35625,4042,511,40.5,1.400493,1.35625,1797,780,18,2.50373673,1.35625,4042,952.5,40.5,2.70729971,1.35625,77.62501,1.55,1.55,99.80918
09/08/2026 12:36:21,6.25,9.52,14.06,11.11,10.94,4.76,25,9.38,9.38,10.94,40.62,6.25,13.18,40.62,11.9020233,1971,523,1397,390.5,14,1.1821326,1.33125,1397,612,14,1.84950662,1.33125,1397,255,14,0.709138155,1.33125,1797,612,18,1.92174327,1.33125,1797,350.5,18,0.958137631,1.34375,4042,918.5,40.5,2.98526049,1.34375,77.25001,1.55,1.55,99.80914
09/08/2026 12:36:23,26.56,7.69,17.19,0,12.5,6.25,37.5,4.69,17.19,33.85,18.75,14.06,16.35,37.5,13.2802715,4042,581,4042,484.5,40.5,1.288073,1.34375,4042,277.5,40.5,0.745939,1.34375,4042,387,40.5,1.14952588,1.34375,4042,760.5,40.5,2.48364758,1.34375,4042,898.5,40.5,2.916237,1.34375,4042,680,40.5,1.92481613,1.34375,77.50001,1.55,1.55,99.80926
09/08/2026 12:36:25,14.06,7.69,21.54,7.69,7.81,4.69,25,43.75,23.08,7.69,20.31,0,15.28,43.75,13.3626966,3668,574,4042,413.5,40.5,1.0944581,1.36875,1797,435.5,18,1.35951746,1.36875,4042,220.5,40.5,0.61219126,1.36875,4042,1526.5,40.5,5.29605055,1.36875,4042,489,40.5,1.46318722,1.36875,4042,362,40.5,0.914112747,1.36875,77.87501,1.55,1.55,99.809166
09/08/2026 12:36:27,24.62,6.15,22.73,3.03,16.67,7.69,29.23,6.06,15.62,13.85,27.69,1.54,14.57,29.23,13.3037167,2853,572,4042,602,40.5,1.74992728,1.34375,1797,436.5,18,1.35144758,1.34375,4042,592,40.5,1.87818933,1.34375,1397,649,14,2.06594658,1.34375,1797,548.5,18,1.67097569,1.35,4042,602,40.5,1.737638,1.35,77.87501,1.55,1.55,99.80922
09/08/2026 12:36:29,21.21,3.03,24.24,15.15,13.64,10.61,19.7,9.09,12.12,10.61,34.85,27.27,16.79,34.85,13.001915,1971,557,1397,308,14,0.7131373,1.35625,1397,714.5,14,2.35681677,1.35625,1397,415.5,14,1.28562725,1.35625,4042,428,40.5,1.28118408,1.35625,1797,400.5,18,1.10341036,1.35625,1797,1077,18,3.43259573,1.35625,77.50001,1.55,1.55,99.80919
09/08/2026 12:36:31,17.19,4.69,3.12,15.38,9.38,0,65.62,4.69,20.31,7.81,20.31,6.25,14.56,65.62,12.7265949,2920,516,4042,289,40.5,0.771429539,1.375,4042,466.5,40.5,1.48519385,1.375,1797,136.5,18,0.37594974,1.375,1797,1354.5,18,4.78857756,1.375,4042,396,40.5,1.17068315,1.375,1797,451.5,18,1.2128464,1.375,78.37501,1.55,1.55,99.80917
09/08/2026 12:36:33,23.44,18.46,21.54,10.77,32.31,23.08,51.56,12.5,54.69,24.62,40.62,10.94,27.04,54.69,18.7555542,2388,909,1235,657.5,12.375,1.49981844,1.33125,1235,417,12.375,0.785827637,1.35625,1976,867,19.8,2.426874,1.35625,1797,1158,18,3.48084784,1.35625,4042,1375.5,40.5,3.826434,1.35625,4042,976.5,40.5,2.61466742,1.3625,79.375,1.55,1.55,99.80922
09/08/2026 12:36:35,1.52,1.45,6.06,22.06,6.06,0,19.7,0,6.06,24.24,31.82,24.24,11.93,31.82,11.9604044,2525,415,1675,117.5,18,0.346009851,1.33125,1797,510.5,18,1.73629951,1.33125,4042,155,40.5,0.45658645,1.33125,1797,315,18,1.092787,1.33125,1797,558.5,18,1.95876861,1.33125,4042,831.5,40.5,2.76851249,1.33125,79.375,1.55,1.55,99.8092041
09/08/2026 12:36:37,12.5,1.56,17.19,17.19,7.81,3.12,10.94,15.62,9.38,28.12,29.69,6.25,13.28,29.69,13.4605312,2545,530,2395,247.5,24,0.563200355,0.78125,2395,700.5,24,2.33335423,0.78125,3493,303.5,35,0.840693951,1.06875,1747,409,17.5,1.2683233,1.06875,3493,766,35,2.57065463,1.06875,1747,751.5,17.5,2.11655021,1.06875,78.87501,1.55,1.55,99.80921
09/08/2026 12:36:39,15.62,4.48,9.23,11.94,13.85,4.62,25,3.12,10.77,27.69,25,15.62,13.91,27.69,13.8756838,3294,552,1797,394.5,18,0.9430892,1.3375,4042,458.5,40.5,1.43364191,1.3375,4042,424.5,40.5,1.30966568,1.3375,1797,515.5,18,1.74808562,1.3375,4042,760,40.5,2.48366547,1.34375,4042,757,40.5,2.36998272,1.35,78.62501,1.55,1.55,99.80922
09/08/2026 12:36:41,7.69,4.41,12.12,19.12,9.09,1.49,26.15,24.62,6.15,1.54,16.92,13.85,11.93,26.15,13.074563,3294,481,4042,269.5,40.5,0.7394797,1.3625,1797,583,18,1.93457007,1.3625,1797,215.5,18,0.6329301,1.3625,4042,954.5,40.5,3.31107378,1.3625,4042,206,40.5,0.5634291,1.3625,4042,656.5,40.5,2.1279614,1.3625,78.50001,1.55,1.55,99.809166
09/08/2026 12:36:43,18.75,10.94,12.5,7.81,10.94,9.38,54.69,17.19,26.56,26.56,21.88,9.38,18.88,54.69,14.1996584,2545,651,1797,370,18,0.708233654,1.3375,1797,326.5,18,0.7145059,1.3375,4042,305.5,40.5,0.510725439,1.3375,1797,1381,18,4.50577164,1.3375,1797,973,18,2.90309882,1.3375,4042,552.5,40.5,1.30729,1.35,79.25,1.55,1.55,99.80917
09/08/2026 12:36:45,0,0,0,15.62,0,4.69,12.5,10.94,9.38,7.81,17.19,29.69,8.98,29.69,11.7782974,2862,407,3700,76.5,40.5,0.193754181,1.34375,4042,352.5,40.5,1.16406441,1.34375,1797,113.5,18,0.3543295,1.34375,4042,453,40.5,1.56726587,1.34375,1797,333,18,1.11522245,1.34375,1797,1114.5,18,3.74401975,1.35625,78.75001,1.55,1.55,99.80925
09/08/2026 12:36:47,1.56,17.39,3.12,6.25,1.47,0,23.44,15.38,3.08,12.5,10.94,14.06,9.1,23.44,11.65395,2882,410,1797,441.5,18,1.41647255,1.33125,4042,155,40.5,0.486434579,1.33125,1572,35.5,18,0.0857841149,1.33125,1797,906,18,3.18216133,1.33125,4042,324.5,40.5,1.09735835,1.33125,4042,594.5,40.5,1.93483639,1.33125,78.37501,1.55,1.55,99.8092
09/08/2026 12:36:49,10.94,6.25,34.38,19.4,9.38,6.25,25,12.5,15.62,26.15,18.75,21.88,17.21,34.38,13.9841385,3294,565,1797,166,18,0.44692412,1.3375,4042,824.5,40.5,2.80474854,1.3375,4042,198.5,40.5,0.572114,1.3375,1797,685.5,18,1.84070051,1.3375,4042,648.5,40.5,1.92454517,1.3375,4042,869.5,40.5,2.61076,1.3375,78.87501,1.55,1.55,99.80924
09/08/2026 12:36:51,6.25,0,1.54,3.12,15.87,20.63,35.94,0,9.38,6.06,22.22,10.94,11,35.94,11.6586266,2655,405,1102,54.5,14,0.136739209,1.3375,1305,93.5,14,0.27188313,1.3375,1397,684,14,2.31643653,1.35,4042,791.5,40.5,2.822678,1.35,4042,261,40.5,0.7787912,1.35,4042,546.5,40.5,1.89425242,1.35,78.00001,1.55,1.55,99.80917
09/08/2026 12:36:53,6.35,4.92,21.88,4.62,6.25,1.59,33.33,22.22,26.23,29.51,24.59,19.05,16.71,33.33,12.1449146,1891,409,1440,94,18,0.277393818,1.31875,4042,203,40.5,0.6383602,1.31875,1675,46.5,18,0.113709882,1.31875,1397,676,14,2.335891,1.31875,1397,920.5,14,3.3072176,1.33125,1397,513,14,1.71818936,1.33125,78.12501,1.55,1.55,99.8092346
09/08/2026 12:36:55,1.56,3.12,28.12,1.56,1.56,0,12.5,1.61,10.94,31.25,16.67,4.69,9.47,31.25,11.5465689,2441,401,1397,134,14,0.421183467,1.34375,1797,590,18,2.01220083,1.35,1572,34.5,18,0.08362671,1.35,1797,317.5,18,1.02797651,1.35,4042,868.5,40.5,2.93720865,1.35,4042,459.5,40.5,1.54953671,1.35,77.87501,1.55,1.55,99.80916
09/08/2026 12:36:57,4.76,0,3.12,0,4.69,6.15,36.51,4.76,4.76,14.29,19.05,14.29,9.36,36.51,11.5928,1840,396,1034,46,14,0.12169686,1.33125,975,27,14,0.0672004446,1.33125,1397,229.5,14,0.771804154,1.33125,1797,936.5,18,3.251985,1.33125,4042,405,40.5,1.4138068,1.3375,1797,732.5,18,2.50041556,1.3375,77.75001,1.55,1.55,99.80915
09/08/2026 12:36:59,4.69,1.56,4.69,0,6.25,6.25,43.75,6.25,4.69,20.31,10.94,9.38,9.9,43.75,11.8286676,2351,404,1152,111.5,14,0.298846155,1.33125,1397,97.5,14,0.299013942,1.33125,1677,261.5,16.8,0.854573965,1.33125,1797,1019,18,3.615442,1.31875,4042,531.5,40.5,1.868021,1.31875,4042,402.5,40.5,1.32243729,1.31875,77.12501,1.55,1.55,99.80917
09/08/2026 12:37:02,9.52,4.76,12.7,1.59,25.4,0,3.17,57.14,7.94,9.52,12.7,3.17,12.3,57.14,13.359726,3668,564,4042,301,40.5,0.7193748,1.3375,4042,547,40.5,1.50231326,1.35625,4042,492.5,40.5,1.60762072,1.35625,4042,1207.5,40.5,4.21593857,1.35625,1797,487.5,18,1.61028183,1.35625,4042,346.5,40.5,0.968647361,1.35625,77.12501,1.55,1.55,99.8092
09/08/2026 12:37:03,4.69,14.06,45.31,51.56,9.38,7.69,39.06,3.12,29.69,10.94,10.94,6.25,19.39,51.56,17.0365753,3668,837,4042,479,40.5,1.38033473,1.325,4042,2031,40.5,6.283784,1.325,1797,430,18,0.731011868,1.325,4042,824.5,40.5,1.44353855,1.325,4042,860,40.5,1.869356,1.325,4042,395.5,40.5,0.9189296,1.325,77.12501,1.55,1.55,99.80914
09/08/2026 12:37:05,15.38,13.85,23.08,24.62,24.62,7.69,20,32.31,24.62,38.46,20,9.23,21.15,38.46,15.8505516,2920,747,1797,504,18,1.04965317,1.31875,1797,890.5,18,2.479058,1.31875,4042,633,40.5,1.55372238,1.33125,1797,872.5,18,2.32887626,1.33125,4042,1073.5,40.5,3.07508469,1.33125,4042,509.5,40.5,1.24425507,1.33125,77.62501,1.55,1.55,99.80919
09/08/2026 12:37:07,18.75,3.12,26.56,6.25,23.44,3.12,48.44,25,18.75,3.12,15.62,0,16.02,48.44,15.7851658,3294,580,4042,334.5,40.5,0.8090247,1.36875,1797,547,18,1.71371,1.3625,1797,448,18,1.245373,1.3625,4042,1446.5,40.5,5.07094145,1.3625,4042,356,40.5,0.9512183,1.3625,4042,345,40.5,1.02342165,1.3625,77.37501,1.55,1.55,99.80915
09/08/2026 12:37:09,6.25,3.17,1.59,0,14.29,11.11,34.38,32.81,10.94,12.5,14.06,0,11.76,34.38,13.7214165,1464,523,1397,274,14,0.641177952,1.33125,1397,116,14,0.305504262,1.33125,1397,546,14,1.71984041,1.33125,1797,1349.5,18,4.716864,1.33125,1397,612.5,14,1.98114288,1.325,1397,237.5,14,0.632753432,1.325,78.50001,1.55,1.55,99.80921
09/08/2026 12:37:11,23.44,4.69,10.94,8.82,15.62,7.35,31.25,12.5,18.75,20.31,21.88,6.25,15.15,31.25,15.6465263,3668,614,4042,529.5,40.5,1.54474473,1.3375,4042,404.5,40.5,1.20652664,1.3375,4042,342.5,40.5,1.0305773,1.3375,4042,980,40.5,3.27684784,1.34375,4042,816.5,40.5,2.61054468,1.3375,1797,609,18,1.828263,1.3375,78.37501,1.55,1.55,99.8092
09/08/2026 12:37:13,9.52,1.59,3.17,25,9.52,12.31,20.63,7.94,4.69,12.5,20.31,6.35,11.13,25,12.9095631,3294,466,4042,190.5,40.5,0.5363901,1.3125,1797,524.5,18,1.779579,1.3125,4042,431,40.5,1.40103853,1.325,1797,671.5,18,2.19909024,1.325,4042,395,40.5,1.28926945,1.325,4042,586.5,40.5,1.86615324,1.325,77.75001,1.55,1.55,99.80921
09/08/2026 12:37:15,12.5,4.76,33.33,3.17,1.56,0,10.94,6.25,3.08,28.12,20.31,1.54,10.46,33.33,11.8197956,2345,402,1397,283,14,0.941367567,1.3125,1397,738.5,14,2.53631067,1.3125,1397,46.5,14,0.0989142954,1.3125,1797,289.5,18,0.9136908,1.3125,4042,651.5,40.5,2.324264,1.31875,4042,404.5,40.5,1.39314127,1.31875,77.00001,1.55,1.55,99.80909
09/08/2026 12:37:17,7.69,0,15.87,0,7.81,1.59,24.62,10.77,18.46,19.4,26.15,15.38,12.31,26.15,12.1026726,2345,433,1397,151,14,0.4687841,1.33125,1397,295.5,14,1.0033046,1.33125,1397,56,14,0.13014017,1.33125,1797,549,18,1.80239522,1.33125,4042,834.5,40.5,2.888724,1.33125,4042,711.5,40.5,2.29392314,1.33125,77.12501,1.55,1.55,99.80918
09/08/2026 12:37:20,10.94,14.06,18.75,12.5,14.06,7.81,43.75,53.03,3.12,0,48.44,48.44,22.91,53.03,16.5050163,3294,928,1797,452.5,18,1.21613586,1.3375,4042,611,40.5,1.50446475,1.3375,1797,430.5,18,1.05171,1.3375,4042,1957,40.5,3.5865922,1.3375,4042,160,40.5,0.3414607,1.3375,4042,1960,40.5,3.944425,1.3375,77.37501,1.55,1.55,99.8092
09/08/2026 12:37:22,7.69,7.69,9.23,13.85,6.15,1.54,16.92,10.77,6.15,18.46,23.08,7.69,10.77,23.08,12.6177778,3294,463,4042,361.5,40.5,1.06570184,1.33125,1797,461,18,1.42710876,1.33125,4042,174.5,40.5,0.430135578,1.33125,1797,599,18,1.9322567,1.33125,4042,660.5,40.5,2.099456,1.33125,4042,521.5,40.5,1.69578493,1.33125,77.12501,1.55,1.55,99.80918
09/08/2026 12:37:24,0,3.17,1.59,7.81,1.56,0,6.25,24.59,12.5,23.44,34.38,1.56,9.74,34.38,12.1059284,2272,413,1205,106,14,0.301652342,1.35,1299,210.5,14,0.6969922,1.35,1247,44.5,14,0.104970813,1.35,1797,669,18,2.309626,1.35,4042,725.5,40.5,2.491217,1.35,4042,722.5,40.5,2.45414042,1.35,77.50001,1.55,1.55,99.80916
09/08/2026 12:37:26,4.62,0,21.54,1.54,1.54,0,32.31,4.62,13.85,9.23,21.54,9.23,10,32.31,11.9756451,2290,423,1000,71,12.375,0.177461475,1.325,1235,474.5,12.375,1.59989715,1.325,1622,42.5,19.8,0.103032045,1.325,1797,724.5,18,2.53766918,1.325,4042,554,40.5,1.8193326,1.325,4042,670.5,40.5,2.235276,1.325,77.25001,1.55,1.55,99.80917
09/08/2026 12:37:28,57.81,9.38,32.81,9.38,18.75,7.81,21.88,12.5,34.38,68.75,31.25,10.94,26.3,68.75,17.7896385,3253,854,3992,1273.5,40,4.713368,1.31875,1774,671,17.7777786,1.83653152,1.31875,3992,482.5,40,1.18317544,1.31875,1774,531,17.7777786,1.18317544,1.31875,3992,1524,40,4.661847,1.31875,3992,643,40,1.60882211,1.31875,78.50001,1.55,1.55,99.80917
09/08/2026 12:37:30,42.19,9.38,18.75,15.62,15.62,6.25,59.38,48.44,40.62,23.44,53.12,23.44,29.69,59.38,19.832365,2442,947,1397,767.5,14,2.18118,1.325,1397,417.5,14,1.06269789,1.325,1976,271,19.8,0.714363754,1.33125,1797,1926.5,18,5.560055,1.33125,4042,807.5,40.5,2.44627047,1.33125,4042,1490,40.5,4.90442,1.33125,80.5,1.55,1.55,99.80918
09/08/2026 12:37:32,17.19,6.15,25,4.92,21.88,3.17,26.56,18.75,21.88,20.31,25,6.25,16.42,26.56,16.3911285,2720,571,1397,368,14,0.9860904,1.3625,1397,524.5,14,1.72415161,1.3625,1397,321.5,14,0.8125456,1.3625,4042,805.5,40.5,2.80896688,1.3625,4042,821,40.5,2.65741181,1.3625,4042,583.5,40.5,1.86643934,1.3625,79.875,1.55,1.55,99.80913
09/08/2026 12:37:34,20.31,0,3.12,9.38,4.69,0,23.44,31.25,20.31,15.62,25,6.25,13.28,31.25,14.6959276,3668,538,4042,356.5,40.5,0.94408,1.34375,4042,299,40.5,0.9282166,1.3375,4042,212,40.5,0.5083496,1.3375,1797,1158,18,4.171627,1.3375,4042,598,40.5,1.86859334,1.3375,4042,604,40.5,1.9720695,1.3375,79.625,1.55,1.55,99.80925
09/08/2026 12:37:36,17.19,1.59,17.19,22.73,6.25,7.94,15.62,1.59,18.75,15.62,26.56,7.81,13.24,26.56,14.8876019,2920,521,1797,255.5,18,0.656365156,1.3375,4042,655,40.5,2.19764948,1.3375,4042,365.5,40.5,1.052385,1.3375,1797,410,18,1.4098326,1.3375,1797,676,18,2.238557,1.3375,4042,765,40.5,2.51015234,1.3375,79.125,1.55,1.55,99.80924
09/08/2026 12:37:38,9.23,1.54,10.77,4.41,9.38,3.08,10.77,13.85,27.69,29.23,20,32.31,14.35,32.31,12.3551579,2321,410,1397,127,14,0.368425876,1.33125,1397,104.5,14,0.31275,1.33125,1249,60,14,0.144536108,1.33125,4042,403.5,40.5,1.369586,1.33125,1797,838.5,18,3.009081,1.33125,4042,927,40.5,3.184854,1.33125,79,1.55,1.55,99.80921
09/08/2026 12:37:40,6.15,0,1.54,0,3.12,0,7.69,0,7.69,35.38,16.92,33.85,9.36,35.38,12.3379021,1971,418,1235,139,12.375,0.3550906,1.3375,981,41.5,12.375,0.109483011,1.3375,1976,76.5,19.8,0.206900045,1.3375,1797,250,18,0.8144101,1.3375,1797,852,18,3.10706258,1.34375,4042,1146,40.5,3.86727166,1.34375,78.50001,1.55,1.55,99.80924
09/08/2026 12:37:42,1.56,7.94,1.56,14.06,14.06,0,20.31,0,9.38,21.88,10.94,9.38,9.26,21.88,11.76993,3198,388,1226,209.5,14,0.672255158,1.34375,4042,304,40.5,1.046697,1.34375,4042,239,40.5,0.7925406,1.34375,4042,446,40.5,1.58611917,1.34375,4042,695.5,40.5,2.470424,1.34375,1797,437,18,1.55530787,1.34375,78.00001,1.55,1.55,99.80921
09/08/2026 12:37:44,3.08,3.08,0,16.95,3.12,1.56,30.77,7.69,6.15,23.44,10.77,21.54,10.68,30.77,11.8150053,2230,384,1010,31,14,0.08277274,1.3375,1397,270,14,0.9128027,1.3375,1089,26.5,14,0.0672175959,1.3375,1797,789.5,18,2.79234767,1.3375,4042,567,40.5,2.057312,1.3375,4042,619,40.5,2.170003,1.3375,78.12501,1.55,1.55,99.80921
09/08/2026 12:37:46,1.54,0,26.15,9.23,4.62,0,26.15,10.77,9.23,27.69,3.08,16.92,11.28,27.69,11.7310333,2714,383,1368,57.5,14,0.16445747,1.35,1797,580.5,18,2.01904321,1.35625,3241,26.5,40.5,0.0647592843,1.35625,4042,623,40.5,2.19296455,1.35625,1797,629,18,2.2481904,1.35625,4042,382.5,40.5,1.29917741,1.35625,77.37501,1.55,1.55,99.80911
09/08/2026 12:37:48,20,4.69,9.23,1.56,6.15,27.69,25,6.25,16.92,24.62,36.92,9.38,15.7,36.92,13.8528538,2260,523,1797,362,18,1.00211763,1.34375,1794,167,18,0.4078311,1.34375,4042,672,40.5,2.06961417,1.34375,1976,436.5,19.8,1.40516162,1.35,1976,715.5,19.8,2.39707351,1.35,1976,783.5,19.8,2.48079157,1.35,76.87501,1.55,1.55,99.80923
09/08/2026 12:37:50,34.38,21.88,26.56,23.44,23.44,18.75,46.88,32.81,29.69,23.44,37.5,9.38,27.34,46.88,21.13847,3664,1038,4042,986.5,40.5,2.39504766,1.35625,1797,881.5,18,2.21275973,1.36875,4042,923,40.5,2.33148932,1.375,4042,1627.5,40.5,4.325792,1.375,4042,771,40.5,1.99899757,1.375,4017,1041,40.25,3.025932,1.375,78.50001,1.55,1.55,99.80916
09/08/2026 12:37:52,10.77,9.23,15.38,6.15,3.08,10.77,26.15,6.25,13.85,27.69,38.46,12.31,15.01,38.46,15.2420378,3668,580,1797,412,18,1.04201376,1.34375,4042,366,40.5,1.05487072,1.34375,4042,260.5,40.5,0.6675674,1.34375,4042,610.5,40.5,1.99668825,1.35625,4042,738,40.5,2.409234,1.35625,4042,1096,40.5,3.67902255,1.35625,78.87501,1.55,1.55,99.8092041
09/08/2026 12:37:54,18.75,7.81,14.06,12.5,25,20.31,26.56,4.69,12.5,14.06,7.81,6.25,14.19,26.56,14.3916664,2786,538,1397,528.5,14,1.36813951,1.3375,1397,610.5,14,1.94602108,1.3375,4042,805,40.5,2.64230132,1.3375,4042,602,40.5,1.98053181,1.34375,4042,387.5,40.5,1.156248,1.34375,1797,294,18,0.8375422,1.34375,78.12501,1.55,1.55,99.80909
09/08/2026 12:37:56,14.06,1.56,9.38,4.69,14.06,4.69,50,3.17,6.25,10.94,29.69,6.25,12.89,50,13.65927,2318,462,1235,215.5,12.375,0.501553357,1.34375,1397,196,14,0.581569135,1.34375,1397,272.5,14,0.849590063,1.3625,1797,920,18,3.44706273,1.3625,4042,350,40.5,1.08048666,1.3625,4042,817,40.5,2.87730742,1.3625,77.87501,1.55,1.55,99.80922
09/08/2026 12:37:58,10.77,4.69,7.69,0,0,9.23,36.92,0,7.69,10.61,16.92,35.38,11.66,36.92,13.1951284,2324,451,1379,212.5,14,0.543153,1.33125,1287,109.5,14,0.275770336,1.33125,1397,154.5,14,0.39173755,1.34375,1797,792,18,2.93128157,1.34375,4042,300,40.5,0.9413181,1.34375,4042,1137.5,40.5,4.04946232,1.34375,77.87501,1.55,1.55,99.80918
09/08/2026 12:38:00,13.85,6.15,10.77,7.69,20,20,41.54,35.38,16.92,20,29.23,16.92,19.87,41.54,17.1761169,2479,761,1397,357,14,0.848456562,1.3625,1797,262,18,0.652970433,1.375,1797,721.5,18,1.71900415,1.375,4042,1387.5,40.5,4.198083,1.375,1797,789.5,18,2.24813747,1.375,4042,1049.5,40.5,2.70773768,1.375,79.375,1.55,1.55,99.8091354
09/08/2026 12:38:02,10.77,3.08,1.54,3.03,15.15,9.23,18.46,22.73,4.62,20,15.38,10.77,11.23,22.73,13.0112352,3971,451,4042,255,40.5,0.720129,1.3,3617,139,40.5,0.383657366,1.3,4042,505,40.5,1.54247618,1.3,4042,824.5,40.5,3.01476979,1.3,4042,527.5,40.5,1.82166708,1.3,4042,456.5,40.5,1.55580044,1.3,78.87501,1.55,1.55,99.80926
09/08/2026 12:38:04,20.63,6.35,12.7,3.17,3.17,17.46,4.76,53.97,6.35,15.87,11.11,9.52,13.76,53.97,13.2116575,3668,451,4042,235.5,40.5,0.611484051,1.35625,1797,147.5,18,0.4402238,1.35625,4042,359.5,40.5,1.15940344,1.35625,4042,1175,40.5,4.3723073,1.35625,4042,394,40.5,1.282294,1.35625,4042,393,40.5,1.3230443,1.35625,78.25001,1.55,1.55,99.80918
09/08/2026 12:38:06,18.75,15.62,6.25,1.56,12.5,28.12,28.12,17.19,7.81,20.31,34.38,15.62,17.19,34.38,15.3805494,2387,651,1397,711,14,1.685807,1.34375,1247,110.5,14,0.276354522,1.34375,1797,735.5,18,2.1049037,1.35,4042,874,40.5,2.435272,1.35,1797,531.5,18,1.64457786,1.35,4042,941.5,40.5,2.95380187,1.35,77.62501,1.55,1.55,99.8092
09/08/2026 12:38:08,10.94,3.12,25,9.38,13.64,14.06,24.62,1.56,17.19,15.38,23.08,9.38,13.94,25,14.8378057,2762,567,1235,313,12.375,0.796841562,1.3375,1235,649.5,12.375,2.08490443,1.3375,1976,555,19.8,1.77475452,1.3375,4042,591.5,40.5,1.98663008,1.33125,4042,601,40.5,1.8352313,1.33125,4042,694,40.5,2.367303,1.34375,77.37501,1.55,1.55,99.80919
09/08/2026 12:38:10,14.06,11.11,20.63,23.81,15.87,12.9,31.75,29.51,12.7,20.63,30.16,42.86,22.17,42.86,16.2106171,1971,762,1397,481,14,0.9256101,1.3375,1397,611,14,1.43527687,1.3375,1397,486,14,0.985658944,1.3375,1797,1023.5,18,2.83810258,1.3375,1797,719,18,1.980688,1.34375,4042,1253,40.5,3.91085625,1.34375,78.87501,1.55,1.55,99.80922
09/08/2026 12:38:12,7.69,7.69,13.85,3.03,15.15,9.23,12.31,1.54,6.15,13.85,10.77,33.85,11.26,33.85,12.9541235,3668,442,4042,330.5,40.5,0.927430451,1.36875,1797,256.5,18,0.7682524,1.36875,4042,433.5,40.5,1.424949,1.3625,4042,267.5,40.5,0.968205869,1.3625,4042,394.5,40.5,1.29402292,1.3625,4042,972.5,40.5,3.50611,1.3625,78.00001,1.55,1.55,99.8092041
09/08/2026 12:38:14,13.85,1.54,13.85,1.54,0,9.23,10.77,7.69,3.08,26.15,29.23,13.85,10.9,29.23,12.8928194,4042,443,4042,345.5,40.5,1.0529598,1.34375,4042,265.5,40.5,0.8266841,1.34375,4042,174.5,40.5,0.459336162,1.35625,4042,442.5,40.5,1.5269562,1.35625,4042,486,40.5,1.61935282,1.35625,4042,945,40.5,3.33688,1.35625,77.12501,1.55,1.55,99.80917
09/08/2026 12:38:16,10.94,3.12,7.81,4.69,3.12,12.5,40.62,20.31,14.06,35.38,21.88,29.69,17.01,40.62,13.036253,2484,437,1797,139.5,18,0.386720955,1.325,1514,95,18,0.231779352,1.325,3959,117,40.5,0.24984087,1.325,1797,711.5,18,2.53761315,1.325,1797,718,18,2.615961,1.325,4042,839.5,40.5,2.999677,1.325,77.50001,1.55,1.55,99.80919
09/08/2026 12:38:18,26.56,6.25,17.19,7.81,7.81,14.06,35.94,7.81,18.75,39.06,68.75,9.38,21.61,68.75,19.4464664,3294,748,1797,368,18,1.32149184,1.35,1797,407.5,18,1.32347286,1.35,4042,243,40.5,0.6624861,1.35,4042,578,40.5,2.18177676,1.35,4042,1287.5,40.5,4.40848064,1.35,4042,1606.5,40.5,7.01777267,1.35,80.25,1.55,1.55,99.80922
09/08/2026 12:38:20,40.62,32.81,40.62,21.88,45.31,23.44,21.88,25,17.19,18.75,15.62,7.81,25.91,45.31,20.4502773,2920,984,1797,1300,18,3.592862,1.34375,4042,1080.5,40.5,2.99669647,1.34375,1797,1387.5,18,3.64749837,1.34375,4042,833,40.5,2.454091,1.34375,1797,791.5,18,2.03621459,1.34375,4042,514,40.5,1.3105011,1.34375,80,1.55,1.55,99.80916
09/08/2026 12:38:22,10.94,6.25,10.94,12.5,4.69,17.19,23.44,10.94,6.25,15.62,28.12,32.81,14.97,32.81,14.3915882,2853,553,1397,308,14,0.725174546,1.3375,1797,391.5,18,1.21808112,1.3375,4042,411,40.5,1.03957748,1.34375,1797,629.5,18,1.99874043,1.34375,4042,447.5,40.5,1.31927884,1.34375,4042,1132.5,40.5,3.83435488,1.34375,79,1.55,1.55,99.80913
09/08/2026 12:38:24,10.94,1.56,25,37.5,3.12,12.5,12.5,35.94,4.69,9.38,10.94,9.38,14.45,37.5,14.1781321,3294,547,4042,253.5,40.5,0.634148955,1.375,1797,1200,18,3.43251944,1.375,4042,295,40.5,0.659162,1.375,4042,910,40.5,2.95822549,1.375,4042,229,40.5,0.6725036,1.375,1797,393,18,1.37358987,1.375,79.375,1.55,1.55,99.80923
09/08/2026 12:38:26,9.52,11.11,11.11,0,0,7.94,53.97,1.59,4.76,19.05,19.05,9.52,12.3,53.97,13.220645,2545,443,1797,280,18,0.7908702,1.325,4042,175,40.5,0.5292937,1.325,1797,115.5,18,0.242419213,1.3375,4042,1056.5,40.5,3.93930459,1.3375,1797,465.5,18,1.61539745,1.3375,1797,564.5,18,1.97033453,1.3375,78.75001,1.55,1.55,99.80915
09/08/2026 12:38:28,17.19,7.58,6.25,0,7.81,6.25,23.44,3.12,15.62,25,23.44,4.69,11.7,25,13.0798016,2364,442,1235,355.5,12.375,1.11912441,1.325,1095,102,12.375,0.250345439,1.325,1976,268,19.8,0.8215726,1.325,1797,422.5,18,1.5317322,1.325,4042,832.5,40.5,2.93387341,1.325,4042,669,40.5,2.277967,1.325,78.25001,1.55,1.55,99.80913
09/08/2026 12:38:30,14.06,3.23,10.94,10.94,3.12,4.84,12.7,1.56,4.69,25,40.62,17.19,12.41,40.62,12.9511929,3133,448,1397,159,14,0.414192945,1.33125,1235,412.5,12.375,1.36623323,1.34375,4042,120,40.5,0.255635172,1.34375,4042,257,40.5,0.8191821,1.34375,4042,577.5,40.5,1.98673725,1.34375,4042,1159.5,40.5,4.027535,1.34375,77.62501,1.55,1.55,99.80924
09/08/2026 12:38:32,12.31,3.23,15.38,12.5,15.15,13.85,24.62,6.35,10.77,7.69,30.77,9.23,13.49,30.77,13.2077541,2920,459,1797,203.5,18,0.5646133,1.34375,1797,406.5,18,1.33171368,1.34375,4042,483,40.5,1.51327777,1.34375,1797,659,18,2.34620881,1.34375,4042,260,40.5,0.680622637,1.34375,4042,740,40.5,2.6160388,1.35625,77.00001,1.55,1.55,99.80925
09/08/2026 12:38:34,14.06,1.56,14.06,3.12,0,7.81,42.19,7.81,7.81,21.88,21.88,37.5,14.97,42.19,13.2641973,2465,451,1570,111.5,18,0.284456432,1.325,1544,96.5,18,0.236286119,1.325,4042,111.5,40.5,0.239947259,1.325,1797,769,18,2.82703137,1.325,1797,550.5,18,1.81087494,1.325,4042,1065.5,40.5,3.687204,1.3375,77.50001,1.55,1.55,99.80922
09/08/2026 12:38:36,17.19,3.12,7.81,6.25,1.56,7.81,12.5,7.81,6.25,25,6.25,37.5,11.59,37.5,13.3140154,2949,456,1976,313,19.8,0.938466966,1.3625,1797,283.5,18,0.873999834,1.35,4042,149,40.5,0.324259,1.35,1797,414,18,1.38672352,1.35,4042,631,40.5,2.211165,1.35,4042,943,40.5,3.36890244,1.35,77.62501,1.55,1.55,99.80919
09/08/2026 12:38:38,9.52,1.59,11.11,0,0,7.94,30.16,11.11,9.52,30.16,20.63,1.59,11.11,30.16,12.9564886,1971,442,1397,153.5,14,0.415301383,1.30625,1397,259.5,14,0.8336986,1.30625,1397,121.5,14,0.263708085,1.31875,1797,895,18,3.25114083,1.31875,1797,691.5,18,2.395261,1.31875,4042,530.5,40.5,1.78010654,1.31875,77.37501,1.55,1.55,99.80917
09/08/2026 12:38:40,15.38,4.62,12.31,0,7.69,6.15,40,15.38,1.54,7.69,7.69,13.85,11.03,40,13.2876644,2920,456,1797,237.5,18,0.711802,1.35625,1797,260.5,18,0.836166,1.35625,4042,252,40.5,0.755092144,1.35625,4042,1147.5,40.5,4.196552,1.35625,1797,337.5,18,0.91272825,1.35625,4042,499.5,40.5,1.68162215,1.35625,77.12501,1.55,1.55,99.80925
09/08/2026 12:38:42,15.62,7.81,6.25,12.5,4.84,7.81,28.12,26.98,4.69,10.94,6.25,6.25,11.51,28.12,13.2947893,2545,448,4042,362,40.5,1.1814419,1.325,1797,358.5,18,1.17575788,1.325,1797,179.5,18,0.465826273,1.325,1797,1104,18,4.102425,1.325,4042,386.5,40.5,1.1907177,1.3375,1797,295.5,18,0.9973835,1.3375,77.37501,1.55,1.55,99.8092651
09/08/2026 12:38:44,12.5,0,4.69,11.94,2.94,9.38,17.19,16.13,10.94,15.62,14.06,20,11.28,20,12.8576632,2874,435,1797,163.5,18,0.456090122,1.33125,3767,336.5,40.5,1.11173964,1.33125,1797,201.5,18,0.571113944,1.33125,1797,662.5,18,2.459116,1.33125,4042,523.5,40.5,1.706597,1.33125,4042,725,40.5,2.57197642,1.33125,77.25001,1.55,1.55,99.80918
09/08/2026 12:38:46,10.94,14.06,4.69,0,3.12,4.69,32.81,0,3.12,6.25,39.06,7.81,10.55,39.06,12.9399261,3962,446,4042,443.5,40.5,1.46367466,1.35,3559,93.5,40.5,0.232070461,1.35,4042,121.5,40.5,0.257065475,1.35,4042,707.5,40.5,2.5972836,1.35,4042,323,40.5,0.881712,1.35,4042,989.5,40.5,3.55014825,1.35,76.75001,1.55,1.55,99.80923
09/08/2026 12:38:48,6.15,3.08,9.23,6.15,16.92,13.85,3.08,28.36,6.06,12.12,12.31,24.62,11.83,28.36,12.8838425,3236,444,3742,111,40.5,0.271903157,1.3375,1748,253,18,0.7371076,1.3375,4042,541,40.5,1.77478182,1.3375,1797,696,18,2.5400846,1.34375,4042,366.5,40.5,1.18192983,1.34375,4042,694.5,40.5,2.39606047,1.34375,76.50001,1.55,1.55,99.80916
09/08/2026 12:38:50,27.69,6.15,24.62,33.85,18.46,30.77,18.46,18.46,18.46,24.62,26.15,16.92,22.05,33.85,16.40737,2545,692,1797,385.5,18,0.96955055,1.34375,1797,894,18,2.38984275,1.34375,4042,968.5,40.5,2.6812675,1.34375,1797,481.5,18,1.63844585,1.34375,1797,773,18,2.320116,1.35625,4042,651,40.5,1.77713,1.35625,77.25001,1.55,1.55,99.80921
09/08/2026 12:38:52,21.88,19.05,10.94,10.77,9.38,15.62,21.88,8.47,9.23,26.56,35.94,7.94,16.47,35.94,14.05359,2545,534,1797,603.5,18,1.92764437,1.33125,4042,303.5,40.5,0.8313649,1.33125,1797,343.5,18,0.8419849,1.33125,1797,547,18,1.7762239,1.33125,1797,714.5,18,2.32568717,1.33125,4042,689,40.5,2.32285357,1.33125,77.00001,1.55,1.55,99.80918
09/08/2026 12:38:54,15.38,16.92,9.23,6.15,18.46,18.46,23.08,20,15.38,15.38,36.92,12.31,17.31,36.92,15.2557678,2545,601,1797,351,18,1.07152915,1.3625,1797,185.5,18,0.44361183,1.3625,4042,676.5,40.5,2.039249,1.3625,4042,830,40.5,2.64139318,1.3625,1797,648,18,1.85896754,1.3625,1797,917,18,2.926041,1.3625,76.87501,1.55,1.55,99.80918
09/08/2026 12:38:56,17.19,17.19,6.25,1.56,1.59,10.94,17.19,39.06,14.06,9.38,29.69,7.81,14.32,39.06,13.9492674,2014,528,1235,583.5,12.375,1.7950691,1.35,1235,166.5,12.375,0.428248137,1.35,1976,210,19.8,0.520236254,1.35,4042,1088,40.5,3.54413915,1.35,1797,383,18,1.12402618,1.3625,1797,740,18,2.37261629,1.3625,77.12501,1.55,1.55,99.8092
09/08/2026 12:38:58,11.11,1.59,7.94,3.17,1.61,15.87,26.98,14.29,9.52,11.11,26.98,30.16,13.36,30.16,13.105772,3587,452,3950,154,40.5,0.401558757,1.34375,3471,118,40.5,0.315099239,1.34375,1976,222,19.8,0.6267506,1.35,4042,685.5,40.5,2.33138967,1.35,4042,364,40.5,1.18614376,1.35,4042,1167,40.5,4.13118362,1.35,77.37501,1.55,1.55,99.80921
09/08/2026 12:39:00,9.38,0,10.94,0,1.56,10.94,17.19,39.06,9.38,7.81,26.56,6.25,11.59,39.06,13.253233,2920,459,1797,137,18,0.349607825,1.34375,1797,193.5,18,0.6029764,1.34375,4042,232.5,40.5,0.6417054,1.34375,1797,1175.5,18,4.26314259,1.34375,4042,288.5,40.5,0.8221021,1.34375,4042,727,40.5,2.45983,1.34375,77.37501,1.55,1.55,99.80921
09/08/2026 12:39:02,10.94,6.25,6.25,9.38,17.19,9.38,25,17.19,4.69,7.81,14.06,0,10.68,25,13.02167,2920,445,4042,245,40.5,0.7213037,1.325,1797,333,18,1.10948026,1.325,4042,528,40.5,1.74215508,1.325,1797,898.5,18,3.29069138,1.325,1797,324.5,18,0.981678545,1.325,4042,343,40.5,1.12022269,1.325,77.12501,1.55,1.55,99.80922
09/08/2026 12:39:04,17.19,15.62,20,2.94,2.99,7.69,34.38,17.19,6.15,10.77,20.31,3.12,13.2,34.38,13.0177679,2920,447,4042,485.5,40.5,1.44179857,1.3375,1797,340,18,1.11885118,1.3375,1797,114,18,0.2402205,1.3375,1797,1028,18,3.77881956,1.325,4042,293,40.5,0.892414331,1.325,4042,422,40.5,1.44152009,1.325,76.75001,1.55,1.55,99.8092
09/08/2026 12:39:06,10.94,1.54,4.69,3.17,7.81,12.5,18.75,14.29,6.25,15.62,18.75,20.31,11.22,20.31,12.9227266,2500,440,4042,239,40.5,0.72608,1.33125,1524,136,18,0.3957259,1.33125,1797,364,18,1.1962024,1.33125,1797,685,18,2.46900773,1.33125,1797,390,18,1.180218,1.33125,4042,825,40.5,2.93804669,1.33125,76.62501,1.55,1.55,99.80927
09/08/2026 12:39:08,9.38,0,6.25,23.53,1.56,7.81,28.12,1.56,12.5,15.62,28.12,1.56,11.34,28.12,12.9119291,2920,441,1797,139,18,0.378199518,1.35625,1797,626,18,2.128497,1.35625,4042,112,40.5,0.237063214,1.35625,4042,641,40.5,2.29921722,1.35625,4042,533.5,40.5,1.79165459,1.35625,1797,596.5,18,2.0395658,1.35625,76.37501,1.55,1.55,99.80917
09/08/2026 12:39:10,20,9.23,18.46,15.38,7.69,10.77,20,14.29,16.92,17.46,16.92,40,17.26,40,13.0343552,2920,453,1797,333.5,18,1.04718614,1.33125,4042,375.5,40.5,1.14637661,1.33125,4042,221,40.5,0.621338,1.325,1797,434.5,18,1.541153,1.325,4042,390,40.5,1.24436009,1.325,1797,965.5,18,3.43527985,1.325,75.87501,1.55,1.55,99.80922
09/08/2026 12:39:12,10.94,4.69,10.94,3.03,18.75,9.38,10.94,16.42,1.56,12.5,40.62,9.38,12.43,40.62,13.0623713,2909,463,1797,208,18,0.575929344,1.33125,1736,181.5,18,0.4904769,1.33125,4042,460,40.5,1.48031962,1.33125,1797,623,18,2.19076824,1.33125,4042,301,40.5,0.9058195,1.33125,4042,1004,40.5,3.417106,1.33125,75.62501,1.55,1.55,99.80915
09/08/2026 12:39:14,9.38,12.5,3.12,4.69,21.54,14.06,9.38,0,7.81,18.75,20.31,28.12,12.47,28.12,12.7801456,1969,444,1235,364.5,12.375,1.11736429,1.3375,1147,161,12.375,0.396379024,1.3375,1797,660.5,18,2.23113418,1.34375,4042,154,40.5,0.485864758,1.34375,1797,338,18,1.0029093,1.34375,1797,988,18,3.50222826,1.34375,75.87501,1.55,1.55,99.8091354
09/08/2026 12:39:16,6.25,0,12.5,0,1.56,18.75,25.4,20.63,7.81,6.25,14.29,21.88,11.28,25.4,12.6745653,2008,435,1618,96.5,18,0.2470272,1.3375,1797,208,18,0.6450036,1.3375,4042,400.5,40.5,1.27064788,1.34375,1797,838.5,18,3.081392,1.34375,1397,271,14,0.7105755,1.34375,1397,794,14,2.81759071,1.34375,75.62501,1.55,1.55,99.80924
09/08/2026 12:39:18,23.44,9.38,31.25,10.94,23.44,15.62,40.62,10.94,20.31,23.44,34.38,23.44,22.27,40.62,19.1230812,4042,900,4042,705.5,40.5,1.73262835,1.35,4042,790.5,40.5,2.076419,1.35,4042,851.5,40.5,2.2303288,1.35,4042,1007.5,40.5,3.071703,1.35,4042,828,40.5,2.2163825,1.35,4042,1217.5,40.5,3.70872879,1.35,76.62501,1.55,1.55,99.80924
09/08/2026 21:07:06,9.38,4.69,6.15,0,1.54,3.12,28.12,1.56,11.11,0,73.85,1.56,11.76,73.85,12.4789352,2474,444,1623,211.5,18,0.6092811,1.31875,1541,84,18,0.209701851,1.31875,4042,116,40.5,0.300889462,1.31875,1797,539,18,1.79276025,1.31875,1797,105,18,0.224498078,1.31875,4042,1610,40.5,5.43207073,1.31875,76.00001,1.55,1.55,99.8092651
09/08/2026 21:07:08,13.85,3.08,4.62,1.59,6.15,7.69,10.77,3.08,50.77,27.69,6.15,13.85,12.44,50.77,12.9579716,2884,456,1797,271,18,0.804543,1.35625,3830,102,40.5,0.258696735,1.35625,1797,212.5,18,0.5986817,1.35625,4042,226,40.5,0.715398133,1.35625,1797,1607,18,5.70583725,1.35625,4042,315,40.5,0.873767734,1.3625,75.75001,1.55,1.55,99.80926
09/08/2026 21:07:10,16.92,0,12.31,0,9.23,0,24.62,12.31,30.77,47.69,72.31,10.77,19.74,72.31,19.5612164,3618,747,3992,314.5,40,1.02189827,1.33125,1774,209.5,17.7777786,0.6899232,1.33125,3992,186.5,40,0.5619695,1.33125,3992,662.5,40,2.45948815,1.33125,3992,1600.5,40,6.1279645,1.33125,3967,1510.5,39.75,6.235692,1.34375,78.12501,1.55,1.55,99.80912
09/08/2026 21:07:12,39.68,25.4,55.56,7.94,56.45,14.29,22.22,11.48,11.11,15.87,26.98,11.11,24.84,56.45,18.6822414,2545,940,4042,1187,40.5,3.031244,1.31875,1797,1128,18,2.96679425,1.31875,1797,1288.5,18,3.68976879,1.31875,1797,614,18,1.39517915,1.31875,4042,668,40.5,1.74651551,1.33125,1797,752,18,1.84604681,1.33125,78.37501,1.55,1.55,99.80919
09/08/2026 21:07:14,14.06,0,4.69,0,3.28,1.56,3.12,1.45,6.25,22.54,21.88,53.12,11,53.12,12.4950933,1904,430,1397,247.5,14,0.7910553,1.31875,1165,72,14,0.186868414,1.31875,1397,94.5,14,0.259084255,1.31875,1624,85,18,0.202369437,1.33125,1797,574.5,18,1.92881227,1.33125,4042,1506.5,40.5,5.30904627,1.33125,77.25001,1.55,1.55,99.80921
09/08/2026 21:07:16,20.31,0,6.25,0,0,6.25,26.56,6.25,6.35,22.95,35.94,6.25,11.43,35.94,12.6351023,1935,437,1397,390.5,14,1.27625453,1.3125,1182,73.5,14,0.187428489,1.3125,1397,94,14,0.22083053,1.3125,1797,642.5,18,2.09368634,1.31875,1797,543,18,1.86598372,1.31875,4042,881,40.5,2.98532462,1.31875,76.25001,1.55,1.55,99.8091354
09/08/2026 21:07:18,12.12,1.56,12.12,0,9.09,25.76,4.55,15.38,6.06,33.33,27.27,12.12,13.28,33.33,12.5210466,1939,433,1204,104,14,0.2629087,1.325,1397,233,14,0.757358551,1.325,1397,586,14,1.94011223,1.325,1797,234.5,18,0.700649142,1.325,4042,770.5,40.5,2.71959066,1.33125,1797,669,18,2.21698213,1.33125,75.12501,1.55,1.55,99.80924
09/08/2026 21:07:20,14.06,0,7.81,0,3.17,3.12,3.12,1.56,1.56,47.89,40.62,4.69,10.64,47.89,12.6639442,1917,438,1397,252.5,14,0.781053543,1.325,1142,74,14,0.188120812,1.325,1397,76.5,14,0.18188265,1.325,1727,142,18,0.352235228,1.325,1797,1203.5,18,4.271541,1.325,4042,877.5,40.5,2.93309,1.325,75.00001,1.55,1.55,99.80923
09/08/2026 21:07:22,17.46,4.84,4.76,0,9.84,1.59,11.11,0,20.63,12.7,54.55,1.59,11.59,54.55,13.2872028,2905,488,4042,380.5,40.5,1.189656,1.35625,1710,114.5,18,0.302523,1.35,1797,194,18,0.49320218,1.35,4042,205,40.5,0.598455966,1.35,4042,785.5,40.5,2.48100424,1.35,1797,1251,18,4.24653339,1.35,74.37501,1.55,1.55,99.80927
09/08/2026 21:07:24,9.52,7.94,7.81,5,9.38,6.25,39.68,3.17,18.75,12.5,19.05,11.11,12.51,39.68,12.6775646,2535,452,1735,247,18,0.710468,1.34375,1797,287.5,18,0.934682846,1.34375,4042,238.5,40.5,0.720399141,1.34375,1797,820.5,18,2.8563087,1.34375,1797,644.5,18,2.27030182,1.34375,4042,471,40.5,1.35010624,1.34375,73.75001,1.55,1.55,99.80924
09/08/2026 21:07:26,12.31,4.55,32.31,2.94,7.69,10.77,9.23,6.15,10.77,15.38,38.46,7.69,13.19,38.46,13.0494127,1971,478,1397,227.5,14,0.5925923,1.31875,1397,791.5,14,2.68481755,1.31875,1397,246.5,14,0.7139321,1.31875,1797,204,18,0.6208008,1.31875,1797,453.5,18,1.39795184,1.31875,4042,947.5,40.5,3.14580154,1.31875,73.00001,1.55,1.55,99.8092041
09/08/2026 21:07:28,10.94,3.17,23.44,4.92,9.52,3.17,15.62,9.23,20.31,60.61,18.46,7.81,15.6,60.61,14.1021013,1971,546,1397,276.5,14,0.7302724,1.3375,1397,447.5,14,1.26683939,1.3375,1397,232.5,14,0.6474105,1.3375,4042,422,40.5,1.28013909,1.34375,1797,1489.5,18,4.92639065,1.34375,1797,405,18,1.24767232,1.34375,73.87501,1.55,1.55,99.8091354
09/08/2026 21:07:30,6.25,0,7.81,0,3.08,3.12,29.69,0,9.38,29.69,43.75,6.25,11.58,43.75,12.5334225,2881,452,1724,136.5,18,0.347382426,1.35,1637,87.5,18,0.199566364,1.35,4042,113,40.5,0.28225106,1.35,1797,642.5,18,2.25321937,1.35,4042,738.5,40.5,2.471529,1.33125,4042,994,40.5,3.23203254,1.33125,73.37501,1.55,1.55,99.80924
09/08/2026 21:07:32,15.62,3.12,14.06,1.61,1.61,3.12,60.94,28.12,6.25,4.69,10.94,12.5,13.55,60.94,12.4333305,1971,438,1397,129.5,14,0.363183,1.33125,1397,241.5,14,0.78651166,1.33125,1397,79,14,0.191907257,1.33125,4042,1728,40.5,6.10689926,1.34375,1797,160,18,0.357222438,1.34375,1797,288,18,0.909229636,1.34375,73.00001,1.55,1.55,99.80914
09/08/2026 21:07:34,14.06,0,9.38,1.59,11.11,17.19,26.56,4.62,4.69,7.81,26.15,14.06,11.43,26.56,12.4178247,3294,444,1797,211,18,0.5975334,1.33125,1797,214.5,18,0.544606149,1.33125,4042,601.5,40.5,1.9148128,1.33125,4042,595,40.5,2.10579586,1.34375,4042,235,40.5,0.7686784,1.34375,4042,805,40.5,2.72123337,1.34375,73.00001,1.55,1.55,99.80917
09/08/2026 21:07:36,3.08,3.12,9.23,1.52,0,3.08,6.15,0,4.62,51.43,43.08,6.15,10.95,51.43,12.4507637,2259,434,1222,136.5,14,0.3889309,1.33125,1212,132,14,0.324064,1.35,1397,75,14,0.172841236,1.35,1637,79.5,18,0.198957726,1.35,4042,1180.5,40.5,4.2341814,1.35,4042,998,40.5,3.39171386,1.35,73.12501,1.55,1.55,99.80919
09/08/2026 21:07:38,9.23,1.52,9.23,1.54,1.54,5.97,10.77,3.08,7.69,23.21,77.27,3.08,12.84,77.27,12.1862125,2504,426,1661,100,19.8,0.2598036,1.3375,1740,86,19.8,0.210963711,1.3375,1817,65.5,19.8,0.158485338,1.3375,1722,141.5,18,0.339508921,1.35,4042,475,40.5,1.64559436,1.35,4042,1688.5,40.5,5.911402,1.35,73.12501,1.55,1.55,99.8092041
09/08/2026 21:07:40,20.31,0,10.94,3.17,3.12,7.81,43.75,1.54,9.38,45.31,4.69,6.25,13.02,45.31,13.274251,2853,492,4042,393.5,40.5,1.18686974,1.3375,1797,171.5,18,0.4557322,1.3375,1797,120,18,0.2707066,1.3375,1397,937,14,3.17146182,1.3375,4042,1131,40.5,3.89155388,1.31875,4042,198.5,40.5,0.498986423,1.31875,73.75001,1.55,1.55,99.80915
09/08/2026 21:07:42,17.19,0,9.23,0,1.59,4.76,30.16,2.99,4.69,61.54,3.12,7.81,11.92,61.54,12.8049774,1933,431,1397,232,14,0.7229572,1.33125,1170,75.5,14,0.193230078,1.33125,1397,72.5,14,0.19003205,1.34375,1797,645.5,18,2.29140353,1.34375,4042,1398,40.5,5.057917,1.34375,1797,162.5,18,0.353919178,1.34375,73.62501,1.55,1.55,99.80918
09/08/2026 21:07:44,29.69,1.56,9.38,0,3.12,1.56,7.81,1.56,7.81,26.87,39.06,15.62,12,39.06,12.1163893,2418,433,1397,624.5,14,2.07091427,1.31875,1397,141.5,14,0.38286975,1.31875,1976,80.5,19.8,0.189455643,1.325,1654,95.5,18,0.228703961,1.325,4042,611.5,40.5,2.00663114,1.325,4042,1042.5,40.5,3.54576731,1.325,73.00001,1.55,1.55,99.80922
09/08/2026 21:07:46,9.23,0,26.15,3.03,6.15,15.38,10.77,0,9.23,3.08,43.08,20,12.18,43.08,12.1193571,2814,428,1544,96.5,18,0.243547261,1.325,1235,427,12.375,1.44033515,1.325,1976,319,19.8,1.01454282,1.3375,4042,224.5,40.5,0.6991791,1.3375,4042,161,40.5,0.3793797,1.3375,4042,1340.5,40.5,4.57239676,1.3375,72.37501,1.55,1.55,99.80919
09/08/2026 21:07:48,9.38,0,4.69,1.59,1.59,4.76,37.5,1.56,12.7,61.9,9.38,6.25,12.61,61.9,13.1338348,2311,469,1361,130.5,14,0.36757654,1.325,1228,84.5,14,0.220385432,1.325,1397,88.5,14,0.205583647,1.3375,4042,758,40.5,2.68019557,1.3375,1797,1479,18,4.84117842,1.3375,4042,275.5,40.5,0.7297813,1.3375,73.37501,1.55,1.55,99.80917
09/08/2026 21:07:50,12.5,7.81,26.56,0,1.59,0,28.12,1.56,7.81,22.22,29.69,15.62,12.79,29.69,12.4043894,2489,431,3703,243.5,40.5,0.669307232,1.31875,1797,505.5,18,1.72569525,1.31875,1797,79.5,18,0.187118292,1.31875,1797,509,18,1.77501714,1.31875,4042,557,40.5,1.94137311,1.31875,1797,691.5,18,2.276034,1.31875,72.75001,1.55,1.55,99.80918
09/08/2026 21:07:52,9.52,0,4.76,14.06,1.59,4.69,38.1,1.59,9.52,22.22,27.69,6.35,11.67,38.1,12.5030231,3914,429,3435,145.5,40.5,0.360123456,1.325,3883,365,40.5,1.190376,1.325,4042,63.5,40.5,0.147150487,1.325,4042,798,40.5,2.840749,1.325,4042,548,40.5,1.89348984,1.325,4042,656,40.5,2.194377,1.325,72.50001,1.55,1.55,99.80916
09/08/2026 21:07:54,4.62,0,3.12,0,26.98,3.08,12.31,4.62,3.08,26.15,39.68,6.25,10.82,39.68,12.0994606,2341,427,1170,100,14,0.250860035,1.33125,1196,76.5,14,0.194605365,1.33125,4042,594,40.5,2.02136683,1.34375,1797,304.5,18,0.923427463,1.34375,4042,607.5,40.5,2.09764671,1.34375,1797,879.5,18,2.965764,1.34375,71.87501,1.55,1.55,99.80912
09/08/2026 21:07:56,17.46,1.56,14.06,0,7.94,4.69,39.68,3.17,6.35,38.71,23.81,9.52,13.91,39.68,13.8861952,2575,532,4042,217.5,40.5,0.567842066,1.33125,1797,237.5,18,0.6399492,1.33125,1797,190,18,0.4759208,1.33125,1976,910,19.8,3.02302074,1.33125,4042,1003.5,40.5,3.43113184,1.31875,1797,632,18,1.942115,1.31875,72.12501,1.55,1.55,99.80921
09/08/2026 21:07:58,7.94,13.85,4.76,0,31.25,1.56,11.11,0,7.94,7.81,43.75,6.35,11.36,43.75,12.0371532,1970,426,1351,402.5,14,1.28613675,1.31875,1257,78.5,14,0.182154119,1.31875,1397,693,14,2.34001184,1.31875,1976,157,19.8,0.421849281,1.31875,4042,243.5,40.5,0.781253159,0.88125,1797,979.5,18,3.3020196,0.88125,71.87501,1.55,1.55,99.8091354
09/08/2026 21:08:00,52.38,65.08,32.81,21.88,20.31,11.11,23.44,36.51,45.31,51.56,33.33,23.81,34.79,65.08,20.2115822,2920,1261,1797,2050.5,18,3.61908054,1.35625,4042,1036.5,40.5,1.947285,1.35625,1797,578.5,18,1.20404851,1.35625,1797,1034.5,18,2.78556871,1.35625,4042,1942,40.5,4.14811945,1.35,4042,925.5,40.5,1.58210385,1.35,76.25001,1.55,1.55,99.80916
09/08/2026 21:08:02,46.88,42.19,43.75,42.19,35.94,37.5,42.19,48.44,53.12,56.25,57.81,54.69,46.74,57.81,22.0267353,3294,1467,4042,1339.5,40.5,2.62672639,1.33125,4042,1406.5,40.5,2.91225815,1.33125,1797,1088,18,1.9283973,1.33125,4042,1217.5,40.5,2.25277638,1.33125,1797,1709,18,3.22229862,1.33125,4042,2041.5,40.5,4.331455,1.34375,78.50001,1.55,1.55,99.8092
09/08/2026 21:08:04,25,23.44,28.12,29.69,26.56,34.38,29.69,21.88,17.19,39.06,45.31,79.69,33.33,79.69,20.481123,1971,1104,1397,730.5,14,1.60509515,1.35,1397,1010,14,1.85746229,1.35,1397,916,14,2.00662637,1.35,1797,701,18,1.80455661,1.35,4042,781,40.5,2.0850873,1.35,1797,2486,18,6.28700829,1.35625,78.87501,1.55,1.55,99.8092
09/08/2026 21:08:06,15.87,6.56,4.76,0,11.11,3.23,4.76,6.45,23.81,7.46,42.19,9.52,11.31,42.19,12.32792,1374,432,1397,330.5,14,1.06173432,1.30625,1186,71,14,0.195578352,1.325,1397,267,14,0.845288,1.325,1235,257,12.375,0.798291743,1.325,1235,618.5,12.375,2.070135,1.325,1797,1051,18,3.43690634,0.75625,77.00001,1.55,1.55,99.8091049
09/08/2026 21:08:08,12.7,0,6.35,1.61,0,15.87,3.17,4.76,33.87,62.9,1.61,6.45,12.44,62.9,12.6758575,2824,429,1622,120,18,0.313637078,1.325,1531,74.5,18,0.197611243,1.325,4042,302,40.5,0.9919289,1.325,1664,138.5,18,0.357384,1.33125,4042,1832.5,40.5,6.70327663,1.33125,4042,104,40.5,0.232404843,1.33125,76.25001,1.55,1.55,99.80923
09/08/2026 21:08:10,6.15,0,20,1.56,20.31,10.77,9.38,12.5,4.69,34.38,10.14,9.23,11.59,34.38,12.3330278,2345,442,1397,131.5,14,0.3438723,1.3125,1397,447.5,14,1.47737241,1.325,1397,625,14,2.00232148,1.325,1797,326,18,0.9538092,1.31875,4042,778,40.5,2.67312312,1.31875,4042,343,40.5,1.03412366,1.31875,74.75001,1.55,1.55,99.80911
09/08/2026 21:08:12,27.69,1.56,17.19,6.15,28.12,4.62,31.25,7.81,15.62,30.77,13.64,13.85,16.52,31.25,13.8462219,1971,603,1397,469,14,1.28314686,1.30625,1397,409.5,14,0.8987903,1.30625,1397,628,14,1.72700882,1.31875,1797,791,18,2.39036775,1.31875,1797,886.5,18,2.75397229,1.31875,4042,434.5,40.5,0.9871557,1.31875,74.12501,1.55,1.55,99.80906
09/08/2026 21:08:14,12.31,1.52,13.85,0,2.99,0,7.69,2.94,4.62,33.85,55.38,3.08,11.52,55.38,12.2327394,2862,422,1455,91,18,0.231606424,1.325,1797,189,18,0.613478,1.325,4042,83.5,40.5,0.186598808,1.325,1797,233,18,0.756205857,1.325,4042,769,40.5,2.66927886,1.325,4042,1169.5,40.5,3.95637918,1.325,73.62501,1.55,1.55,99.80919
09/08/2026 21:08:16,9.23,0,6.25,1.72,22.03,1.56,20,16.92,6.15,30.77,24.14,14.06,12.74,30.77,12.332304,1920,435,1270,115,14,0.288778931,1.33125,1214,81,14,0.205364123,1.33125,1397,408.5,14,1.3610419,1.34375,1797,666,18,2.187487,1.34375,4042,694.5,40.5,2.39972925,1.34375,1797,644,18,2.12423754,1.34375,73.12501,1.55,1.55,99.8091049
09/08/2026 21:08:18,12.5,1.54,4.69,1.64,10.94,4.69,35.94,3.12,9.38,31.25,25.4,6.25,12.28,35.94,12.301857,2835,438,4042,174.5,40.5,0.499535382,1.35,3536,84.5,40.5,0.20647727,1.35,1797,262,18,0.818365157,1.35,4042,771.5,40.5,2.65131521,1.35,1797,733.5,18,2.4439435,1.35,1797,603.5,18,1.96958649,1.35,73.00001,1.55,1.55,99.80921
09/08/2026 21:08:20,10.94,1.54,12.5,1.49,6.35,14.29,15.62,1.54,7.81,48.44,10.94,3.12,11.21,48.44,12.5278788,1971,436,1397,173,14,0.482391238,1.3375,1397,204.5,14,0.6382725,1.3375,1397,419,14,1.29650307,1.3375,4042,316.5,40.5,1.04105043,1.3375,1797,1179,18,4.140976,1.3375,1797,326.5,18,1.00713575,1.3375,73.25001,1.55,1.55,99.80919
09/08/2026 21:08:22,9.38,1.59,6.25,1.56,3.33,3.12,9.38,3.28,9.38,18.75,81.25,6.25,12.79,81.25,12.0011168,1994,426,1842,114.5,19.8,0.301050067,1.3375,1086,62,14,0.164879173,1.325,1397,94,14,0.215346739,1.325,1797,93,18,0.218756929,1.325,1797,470.5,18,1.54636145,1.325,4042,1722,40.5,5.926225,1.325,73.12501,1.55,1.55,99.80918
09/08/2026 21:08:24,12.5,0,6.25,2.82,3.12,18.75,29.69,1.56,4.69,25,1.59,34.38,11.7,34.38,12.3020658,3169,440,3747,113,40.5,0.280884326,1.35625,3587,170,40.5,0.498428255,1.35625,1797,502,18,1.65185177,1.35625,4042,569.5,40.5,1.92986023,1.35625,4042,654,40.5,2.12156868,1.35625,1797,634,18,2.11452723,1.35625,73.00001,1.55,1.55,99.80924
09/08/2026 21:08:26,40,23.08,23.08,12.31,41.54,15.38,56.92,43.08,33.85,23.08,29.23,23.08,30.38,56.92,19.3559532,3294,928,1797,820.5,18,1.97489655,1.3125,4042,659.5,40.5,1.68430531,1.325,4042,752,40.5,2.114937,1.325,1797,1693.5,18,4.721126,1.325,4042,851,40.5,2.37180781,1.33125,4042,791,40.5,2.1544857,1.33125,74.37501,1.55,1.55,99.80919
09/08/2026 21:08:28,7.94,0,7.94,1.64,1.67,7.94,9.52,1.59,7.94,51.67,38.1,12.7,12.39,51.67,13.1431093,1951,484,1296,158.5,14,0.379210949,1.3125,1378,148,14,0.370406747,1.3125,1397,176,14,0.468031436,1.3125,1797,279,18,0.804910541,1.3125,1797,1175,18,4.026479,1.3125,4042,965.5,40.5,3.04111028,1.31875,74.25001,1.55,1.55,99.80911
09/08/2026 21:08:30,10.94,1.54,20.31,1.54,22.58,6.25,9.38,6.25,21.88,31.82,21.88,39.06,16.12,39.06,14.5292234,2477,595,1768,137,19.8,0.33956185,1.35625,1976,459.5,19.8,1.41430461,1.35625,1235,516,12.375,1.61398637,1.35625,1797,228,18,0.593747556,1.35,4042,1054,40.5,3.05523062,1.35,4042,1173.5,40.5,3.015809,1.35,74.87501,1.55,1.55,99.8091354
09/08/2026 21:08:32,20.31,9.38,18.75,1.56,7.81,1.56,17.19,15.62,21.88,35.38,35.94,21.88,17.27,35.94,15.5205832,2545,667,1797,486,18,1.42573678,1.325,4042,362.5,40.5,0.9663275,1.325,1797,215.5,18,0.5159873,1.325,1797,732.5,18,1.976126,1.325,4042,1083,40.5,3.19422722,1.325,1797,1121,18,3.33373857,1.325,75.87501,1.55,1.55,99.8092041
09/08/2026 21:08:34,6.35,3.17,22.22,3.12,12.7,4.84,41.27,9.52,25.4,19.05,19.05,9.52,14.68,41.27,14.2648973,2345,559,1397,191,14,0.468426645,1.29375,1397,491,14,1.54648125,1.29375,1397,353.5,14,1.03310919,1.29375,4042,908,40.5,2.92235231,1.3625,1797,909.5,18,2.81722736,1.3625,4042,502.5,40.5,1.40180635,1.3625,76.37501,1.55,1.55,99.80917
09/08/2026 21:08:36,29.23,3.12,23.08,3.03,15.15,7.69,12.31,4.62,12.31,26.15,29.85,36.92,16.96,36.92,14.7862568,2545,610,1797,508.5,18,1.47041392,1.31875,4042,510.5,40.5,1.5453968,1.31875,1797,344,18,0.992759168,1.31875,1797,309,18,0.8439245,1.31875,1797,813,18,2.45700336,1.31875,4042,1174.5,40.5,3.12191129,1.31875,76.12501,1.55,1.55,99.80926
09/08/2026 21:08:38,16.92,2.99,4.62,3.17,3.12,28.79,7.69,3.08,9.23,48.44,13.85,6.06,12.33,48.44,12.9905024,3292,462,4042,313.5,40.5,0.9204596,1.3375,1785,115,18,0.264339417,1.3375,1797,684.5,18,2.31557655,1.3375,4042,151.5,40.5,0.392397076,1.3375,4042,1143,40.5,3.942113,1.34375,4042,367.5,40.5,1.14915752,1.34375,76.25001,1.55,1.55,99.80922
09/08/2026 21:08:40,9.09,2.94,13.64,0,3.03,3.03,12.12,4.55,31.34,11.27,60.61,3.03,12.89,60.61,12.5264788,1983,434,1053,107,12.375,0.2644074,1.325,1235,99.5,12.375,0.2300902,1.325,1976,70,19.8,0.180844724,1.325,1797,326.5,18,1.01212358,1.325,4042,717,40.5,2.53862381,1.325,1797,1286.5,18,4.436199,1.325,75.12501,1.55,1.55,99.80916
09/08/2026 21:08:42,17.19,3.08,15.62,2.99,6.25,1.56,3.08,11.59,4.62,54.29,18.84,4.62,11.98,54.29,13.7329226,2345,504,1397,291.5,14,0.8654774,1.325,1397,317,14,0.855460763,1.325,1397,197.5,14,0.534277856,1.325,1797,363,18,1.19669509,1.325,4042,1326.5,40.5,4.781025,1.325,4042,526.5,40.5,1.68150425,1.325,74.87501,1.55,1.55,99.809166
09/08/2026 21:08:44,10.77,0,13.85,1.54,3.39,3.08,9.23,3.03,13.85,30.77,52.31,13.64,12.95,52.31,13.1730871,2345,477,1397,167.5,14,0.448866278,1.31875,1397,191,14,0.548068762,1.325,1397,102,14,0.232903853,1.325,1797,231,18,0.6579731,1.325,4042,866.5,40.5,2.89572167,1.325,4042,1305,40.5,4.496913,1.325,74.25001,1.55,1.55,99.80911
09/08/2026 21:08:47,16.67,2.99,6.15,1.52,2.99,1.54,7.58,1.49,7.58,90.91,9.09,12.12,13.38,90.91,12.8305321,2276,441,1178,112,14,0.290389925,1.3375,1200,85.5,14,0.217547789,1.3375,1397,82,14,0.198944762,1.34375,4042,144,40.5,0.421329945,1.34375,1797,1940,18,7.00273657,1.34375,4042,282.5,40.5,0.774637938,1.34375,74.62501,1.55,1.55,99.80918
09/08/2026 21:08:48,17.19,14.06,7.81,0,6.35,6.25,35.94,9.38,10.94,1.72,31.25,4.69,12.13,35.94,13.48232,2345,510,1397,682.5,14,2.152797,1.325,1397,155,14,0.386607826,1.3375,1397,233,14,0.592338145,1.3375,4042,964.5,40.5,3.30754447,1.3375,1797,253,18,0.666465938,1.3375,4042,775,40.5,2.421934,1.3375,73.75001,1.55,1.55,99.8092041
09/08/2026 21:08:51,10.94,0,7.81,4.76,25.4,6.25,17.46,9.68,4.69,56.92,4.69,6.25,12.9,56.92,12.4891281,1949,435,1263,106,14,0.262414575,1.34375,1397,168.5,14,0.454302251,1.34375,1397,578,14,1.916337,1.34375,1797,382.5,18,1.305519,1.34375,4042,1174,40.5,4.18647575,1.34375,1797,201.5,18,0.518759549,1.34375,73.62501,1.55,1.55,99.8091354
09/08/2026 21:08:53,7.58,3.03,10.61,0,12.12,3.03,21.21,7.58,10.61,37.88,43.94,6.06,13.64,43.94,13.4694443,2545,501,1797,172,18,0.435455173,1.35,4042,171.5,40.5,0.476815671,1.31875,1797,160,18,0.394333959,1.31875,1797,532.5,18,1.70930946,1.31875,1797,925.5,18,3.136215,1.3125,4042,1042,40.5,3.38319,1.3125,73.37501,1.55,1.55,99.80919
09/08/2026 21:08:55,10.77,0,3.08,1.45,6.15,6.15,23.08,1.52,9.23,21.43,0,60,11.9,60,12.9403086,1978,445,1339,116.5,14,0.300964862,1.34375,1095,80,12.375,0.2084277,1.34375,1800,120.5,19.8,0.2963041,1.34375,1797,497,18,1.692454,1.34375,4042,579,40.5,1.90981448,1.34375,1797,1277,18,4.34816647,1.34375,73.25001,1.55,1.55,99.80917
09/08/2026 21:08:57,15.87,7.81,28.57,10.2,11.11,4.69,7.81,23.44,6.35,57.14,9.38,11.11,16.12,57.14,14.5155029,1993,639,932,493.5,9.333333,1.13627088,1.33125,1797,632,18,1.61636353,1.34375,4042,350,40.5,0.6778065,1.34375,1235,606.5,12.375,1.770267,1.34375,1976,1335.5,19.8,4.31942844,1.34375,1976,414,19.8,0.8069807,1.34375,74.12501,1.55,1.55,99.80921
09/08/2026 21:08:59,12.31,15.87,6.25,15.62,19.05,12.5,6.25,1.52,7.58,25,20,12.31,12.85,25,12.370019,1948,425,1397,390,14,1.17758512,1.3125,1397,450,14,1.46095431,1.3125,1397,497.5,14,1.6871562,1.3125,1656,78,18,0.1839591,1.31875,1797,559,18,1.87490356,1.31875,4042,575.5,40.5,1.94617522,1.31875,73.00001,1.55,1.55,99.80918
09/08/2026 21:09:01,6.35,0,7.94,0,0,25,25.4,1.56,3.17,50.79,1.54,6.35,10.68,50.79,12.9001265,2514,432,4042,119.5,40.5,0.2998155,1.34375,1612,93,18,0.248078853,1.34375,1797,515.5,18,1.732563,1.34375,1797,575.5,18,1.97967064,1.34375,4042,1131.5,40.5,4.015887,1.3625,1797,157.5,18,0.385239184,1.3625,72.87501,1.55,1.55,99.80912
09/08/2026 21:09:03,9.52,0,25.4,3.03,0,6.35,36.51,7.94,9.52,46.03,0,11.11,12.95,46.03,12.9512472,2342,457,1374,118,14,0.278589666,1.34375,1397,471,14,1.49387467,1.34375,1397,114,14,0.24387069,1.34375,1797,770.5,18,2.68044472,1.34375,4042,1078.5,40.5,3.63935733,1.35,4042,190,40.5,0.488218427,1.35,73.00001,1.55,1.55,99.80926
09/08/2026 21:09:05,4.55,0,6.06,3.45,3.03,1.52,19.7,20,28.79,21.21,31.82,7.58,12.31,31.82,12.6261225,2586,433,1845,101.5,19.8,0.263854384,1.34375,1817,127.5,19.8,0.353364617,1.34375,1976,53.5,19.8,0.130294532,1.34375,1797,690.5,18,2.41756868,1.34375,4042,919.5,40.5,3.10809255,1.34375,4042,703.5,40.5,2.300697,1.34375,73.12501,1.55,1.55,99.80923
09/08/2026 21:09:07,10.94,0,3.12,0,1.56,0,25,1.59,14.06,51.56,19.7,6.25,11.15,51.56,12.6911831,1941,430,1397,221,14,0.7070422,1.34375,1218,83.5,14,0.218400627,1.34375,1397,52.5,14,0.1349818,1.34375,1797,459.5,18,1.5515492,1.34375,4042,1241.5,40.5,4.26367569,1.34375,1797,519,18,1.69671309,1.34375,73.25001,1.55,1.55,99.80912
09/08/2026 21:09:09,13.85,3.08,6.06,15.15,13.64,6.25,13.85,4.62,12.31,52.31,37.88,4.62,15.3,52.31,15.7165718,2920,629,1797,315,18,0.708342135,1.325,1797,475.5,18,1.4988941,1.325,4042,457.5,40.5,1.35031843,1.325,1797,349.5,18,1.12772441,1.325,4042,1297.5,40.5,4.48263264,1.3375,4042,880.5,40.5,3.04242,1.3375,73.37501,1.55,1.55,99.80927
09/08/2026 21:09:11,9.38,0,19.05,0,7.81,1.54,10.94,0,6.25,22.58,44.62,3.12,10.44,44.62,12.4699812,1597,426,1397,199.5,14,0.6028317,1.3125,1397,394,14,1.2715894,1.3125,1397,214.5,14,0.6944008,1.3125,1797,222,18,0.636525154,1.3125,1797,522,18,1.73727262,1.3125,1797,1005.5,18,3.43379045,1.31875,73.50001,1.55,1.55,99.8092041
09/08/2026 21:09:13,6.35,0,28.12,1.35,13.85,3.12,4.76,0,17.19,19.05,38.1,4.76,11.39,38.1,12.73629,2920,438,4042,109,40.5,0.266205668,1.3375,4042,495,40.5,1.60416591,1.3375,1797,324,18,0.991691351,1.3375,1797,153.5,18,0.479364872,1.3375,4042,727.5,40.5,2.572339,1.3375,1797,820,18,2.64607453,1.3375,73.00001,1.55,1.55,99.8092346
09/08/2026 21:09:15,12.31,4.48,19.7,6.94,7.46,7.58,9.09,31.34,12.31,21.54,44.62,10.77,15.68,44.62,14.9782095,3283,648,4017,347.5,40.25,0.8068678,1.3625,1785,448.5,17.88889,1.10384858,1.3625,4017,338,40.25,0.762917638,1.3625,4042,882,40.5,2.4327805,1.35625,1797,714,18,2.15918922,1.35625,4042,1160.5,40.5,3.5340116,1.35625,73.37501,1.55,1.55,99.80926
09/08/2026 21:09:17,26.56,21.54,25,19.35,26.56,17.19,39.06,31.25,56.25,53.12,62.5,46.88,35.44,62.5,20.4806824,2762,1096,1235,581.5,12.375,1.4405725,1.34375,1235,468,12.375,1.13181555,1.34375,1976,780,19.8,1.76644838,1.34375,4042,880,40.5,2.13056374,1.34375,4042,2017,40.5,4.69486427,1.34375,4042,1850,40.5,4.451446,1.34375,79.875,1.55,1.55,99.8092041
09/08/2026 21:09:19,23.44,14.06,28.12,19.05,33.85,17.19,31.25,26.15,57.81,51.56,40.62,59.38,33.54,59.38,19.2500153,2545,1164,1797,769.5,18,1.37338686,1.36875,1797,712,18,1.15896916,1.36875,4042,859.5,40.5,1.57253766,1.36875,1797,774,18,1.59715271,1.36875,4042,1878,40.5,4.08554459,1.36875,1797,1994,18,4.99938059,1.36875,79.625,1.55,1.55,99.80917
09/08/2026 21:09:21,42.86,26.56,30.16,21.88,23.81,20.31,44.44,37.7,46.03,43.75,39.68,33.33,34.21,46.03,21.2435112,3294,1349,4042,1270.5,40.5,2.52791524,1.35,1797,1073,18,1.92904985,1.35,1797,993.5,18,1.78369558,1.35,4042,1597,40.5,3.858275,1.35,4042,1769.5,40.5,4.324678,1.35,4042,1391,40.5,3.12321448,1.35,79.375,1.55,1.55,99.8092346
09/08/2026 21:09:23,21.54,12.31,21.54,13.85,18.46,23.08,23.08,16.92,20,68.18,23.08,23.08,23.76,68.18,16.114727,3797,836,3743,664,37.5,1.35789049,1.2375,3743,598,37.5,1.21704876,1.2375,3768,794.5,37.75,1.93942559,1.275,3768,597,37.75,1.123496,1.275,3868,1727,38.75,5.3682065,1.21875,3893,638,39,1.16915154,1.2,78.25001,1.55,1.55,99.80921
09/08/2026 21:09:25,43.75,28.12,45.31,25,50,25,56.25,42.19,56.25,23.44,42.19,32.81,39.19,56.25,26.2520676,3668,1612,4042,1647,40.5,3.86090875,1.34375,4042,1458,40.5,3.30587387,1.34375,4042,1631.5,40.5,3.86508226,1.34375,4042,1911.5,40.5,4.742469,1.34375,1797,1544,18,3.67252,1.34375,4042,1480.5,40.5,3.28477,1.34375,77.62501,1.55,1.55,99.8091354
09/08/2026 21:09:27,10.77,0,18.46,16.07,3.08,7.69,32.31,25,26.15,24.24,32.31,26.15,18.52,32.31,16.5561028,1971,705,1397,220,14,0.609261453,1.31875,1397,587,14,1.52183723,1.31875,1397,130.5,14,0.2948991,1.31875,1797,1211,18,3.55849218,1.33125,1797,875.5,18,2.49491978,1.33125,4042,1207,40.5,3.29761887,1.33125,79.125,1.55,1.55,99.80911
09/08/2026 21:09:29,9.09,0,10.61,2.94,1.52,3.08,18.18,4.62,10.61,28.36,36.36,27.27,12.72,36.36,13.3192806,2695,460,1397,130.5,14,0.357181847,1.325,1346,131.5,14,0.329745352,1.325,1302,85,14,0.207624644,1.325,4042,424,40.5,1.39540219,1.33125,4042,774.5,40.5,2.56982732,1.33125,4042,1213,40.5,4.18425035,1.33125,78.75001,1.55,1.55,99.8092041
09/08/2026 21:09:31,10.61,6.06,15.15,9.09,6.06,7.69,54.55,31.82,27.27,30.77,25.76,16.67,20.12,54.55,16.26917,3160,669,1397,273.5,14,0.7820597,1.31875,1397,309.5,14,0.839624047,1.31875,4042,184,40.5,0.482363015,1.31875,4042,1660,40.5,4.98823643,1.31875,4042,984.5,40.5,2.81969023,1.31875,4042,603,40.5,2.01911044,1.31875,79.625,1.55,1.55,99.80919
09/08/2026 21:09:33,7.69,0,16.92,1.52,4.62,43.08,7.69,0,16.92,24.62,34.33,7.69,13.76,43.08,13.1200237,2332,479,1397,158.5,14,0.4005356,1.325,1397,324.5,14,1.0389539,1.325,1397,923.5,14,3.12475586,1.325,1716,85.5,18,0.208995983,1.325,4042,605.5,40.5,1.64712584,1.325,4042,778.5,40.5,2.56001639,1.33125,78.37501,1.55,1.55,99.8091354
09/08/2026 21:09:35,10.94,0,9.38,3.28,17.19,15.62,14.06,45.9,22.22,25,21.88,12.5,16.5,45.9,15.8961153,2012,639,1785,214.5,17.88889,0.59851557,1.35,1797,124,18,0.318650216,1.325,4042,577,40.5,1.77359664,1.325,1235,1213.5,12.375,4.35362148,1.325,1235,955,12.375,2.80757952,1.325,1976,751,19.8,2.183136,1.325,78.00001,1.55,1.55,99.80917
09/08/2026 21:09:37,18.18,3.57,7.58,1.52,4.62,10.77,4.55,1.52,6.06,30.3,36.36,25.76,12.56,36.36,13.2290134,2889,459,1797,307.5,18,0.898010552,1.38125,3858,98,40.5,0.247693732,1.38125,1797,274,18,0.8836969,1.38125,1797,148,18,0.4162903,1.38125,4042,688.5,40.5,2.39208364,1.38125,4042,1240,40.5,4.12767363,1.3625,77.50001,1.55,1.55,99.80918
09/08/2026 21:09:39,10.94,6.15,7.81,3.12,0,14.29,9.38,26.98,9.38,25,21.88,26.56,13.46,26.98,13.5359325,2920,487,4042,316,40.5,0.9778461,1.3375,1797,102,18,0.25317955,1.3375,4042,264.5,40.5,0.827605247,1.3375,1797,709,18,2.331401,1.3375,1797,602.5,18,2.088384,1.3375,4042,930,40.5,2.95360827,1.3375,76.62501,1.55,1.55,99.80924
09/08/2026 21:09:41,39.06,1.56,15.62,3.12,4.69,4.76,55.38,4.69,62.5,12.5,60.32,6.25,22.54,62.5,19.3964481,2529,833,4017,591,40.25,1.92175055,1.3625,1785,339.5,17.88889,0.9428527,1.3625,1785,191.5,17.88889,0.458639,1.3625,1785,1091,17.88889,3.78284931,1.34375,4017,1508,40.25,4.4496274,1.34375,1785,1279,17.88889,4.238305,1.34375,77.87501,1.55,1.55,99.8092
09/08/2026 21:09:43,9.52,4.76,30.16,4.69,39.68,33.33,27.69,7.94,19.05,46.03,35.94,0,21.57,46.03,18.90602,2545,828,1797,298.5,18,0.8373215,1.35,1797,624.5,18,2.05512381,1.35,4042,1365,40.5,3.55880737,1.35,1797,639.5,18,2.09578037,1.35625,4042,1290.5,40.5,4.135568,1.35625,1797,751.5,18,2.49313259,1.35625,78.37501,1.55,1.55,99.80915
09/08/2026 21:09:45,17.19,7.81,23.44,22.73,6.25,6.15,25,34.38,4.69,1.56,48.44,53.12,20.9,53.12,17.2142,3668,822,1797,493,18,1.15745747,1.3375,4042,895,40.5,2.39400434,1.3375,4042,219,40.5,0.5381817,1.35625,4042,1119.5,40.5,2.810378,1.35625,4042,186,40.5,0.4137686,1.35625,4042,2022,40.5,4.925736,1.35625,79.125,1.55,1.55,99.80917
09/08/2026 21:09:47,26.15,23.08,27.69,35.38,15.38,6.25,13.85,17.19,15.62,17.46,13.85,9.23,18.43,35.38,14.5974913,2861,579,1797,833,18,2.252243,1.31875,4042,1104,40.5,3.363407,1.31875,4017,355.5,40.25,1.102884,1.31875,1797,438,18,1.33759749,1.33125,1797,590,18,1.81473613,1.33125,3714,154,40.5,0.377479374,1.33125,78.50001,1.55,1.55,99.80917
09/08/2026 21:09:49,9.23,4.62,7.81,3.17,1.56,12.5,12.31,3.17,10.77,30.77,64.62,7.69,14.02,64.62,13.6255817,1969,483,1397,195.5,14,0.510434568,1.35625,1382,151.5,14,0.411897629,1.35625,1397,125,14,0.285878748,1.35625,1797,208.5,18,0.6244241,1.35625,4042,787.5,40.5,2.61517167,1.35625,1797,1430,18,4.905441,1.35625,77.62501,1.55,1.55,99.80917
09/08/2026 21:09:51,28.12,34.38,10.94,1.79,15.62,4.69,54.69,4.92,20.31,54.55,9.38,4.69,20.34,54.69,16.8249512,2920,784,4042,1201,40.5,3.21333265,1.33125,1797,169.5,18,0.389725,1.33125,1797,384.5,18,1.194454,1.33125,1797,1257,18,2.06622314,1.33125,4042,1259,40.5,4.460036,1.33125,4042,433.5,40.5,1.06667054,1.33125,78.62501,1.55,1.55,99.80922
09/08/2026 21:09:53,10.94,1.49,6.25,0,4.62,3.12,4.69,3.12,20.31,1.49,23.44,62.5,11.83,62.5,13.1196766,2920,455,1797,150,18,0.411183357,1.35,1797,120.5,18,0.3160257,1.35,4042,123,40.5,0.317442715,1.35,1797,135,18,0.361348569,1.35,4042,405.5,40.5,1.28560793,1.35,4042,1794.5,40.5,6.230129,1.35,77.62501,1.55,1.55,99.8092
09/08/2026 21:09:55,21.54,31.25,4.62,0,1.54,4.62,7.69,0,18.46,37.88,20,10.77,13.2,37.88,12.5722713,2788,428,1235,901.5,12.375,2.99607086,1.34375,1770,83,18,0.209504128,1.33125,4042,83.5,40.5,0.192869127,1.33125,1598,71,18,0.187798411,1.33125,4042,997.5,40.5,3.66324186,1.33125,4042,433,40.5,1.40063977,1.33125,76.75001,1.55,1.55,99.80912
09/08/2026 21:09:57,9.23,0,4.62,0,1.49,23.08,6.15,4.55,24.62,27.42,32.31,12.31,12.15,32.31,13.1543388,3599,437,3687,107.5,40.5,0.2656015,1.34375,3984,87.5,40.5,0.225261152,1.34375,4042,447,40.5,1.515993,1.34375,4042,164.5,40.5,0.482406646,1.34375,1797,988.5,18,3.662116,1.34375,4042,827.5,40.5,2.66862535,1.34375,76.87501,1.55,1.55,99.80925
09/08/2026 21:09:59,6.06,2.99,59.09,4.76,0,4.55,7.58,0,6.06,0,9.09,43.94,12.01,59.09,12.4794474,3561,432,4042,172,40.5,0.450540841,1.33125,1797,1227,18,4.229585,1.33125,4042,95,40.5,0.2187974,1.33125,3402,66,40.5,0.173763663,1.33125,4042,84,40.5,0.196357116,1.33125,4042,950.5,40.5,3.18300581,1.33125,75.62501,1.55,1.55,99.80918
09/08/2026 21:10:01,9.23,1.32,7.69,2.82,31.34,26.56,47.69,3.08,38.46,2.53,4.62,3.08,14.87,47.69,14.0693808,3282,574,1728,146,18,0.3829249,1.3375,4042,129.5,40.5,0.2734225,1.3375,4042,1211,40.5,4.198592,1.34375,1797,923.5,18,3.24546361,1.34375,4042,821,40.5,1.23534286,1.34375,4042,210,40.5,0.4945191,1.34375,75.12501,1.55,1.55,99.80918
09/08/2026 21:10:03,18.18,4.62,12.12,3.03,15.15,4.55,6.15,3.03,9.09,57.58,36.36,10.61,15.04,57.58,12.7751684,2906,454,1717,142,18,0.343948931,1.35,1797,164.5,18,0.479466259,1.35,4042,276,40.5,0.869125068,1.35,1797,140,18,0.416411221,1.35,4042,1253,40.5,4.3893857,1.35,4042,749.5,40.5,2.44029951,1.35,76.62501,1.55,1.55,99.80916
09/08/2026 21:10:05,10.77,0,9.09,1.54,0,13.85,18.46,0,7.69,16.92,50,3.08,10.95,50,12.5548706,2311,426,1189,100.5,14,0.2542598,1.34375,1397,257.5,14,0.8548117,1.34375,1397,286,14,0.911158442,1.34375,4042,358,40.5,1.22538209,1.34375,1797,461,18,1.5304904,1.34375,4042,1093,40.5,3.813448,1.34375,75.62501,1.55,1.55,99.8092651
09/08/2026 21:10:07,7.69,0,3.12,0,4.92,1.54,1.54,16.18,3.03,64.18,19.3,3.08,10.38,64.18,12.4761534,2290,424,1278,111.5,14,0.275345176,1.34375,1185,72.5,14,0.18838121,1.34375,1397,127,14,0.373390943,1.34375,4042,365,40.5,1.23683739,1.34375,4042,1421,40.5,5.114327,1.34375,1797,447,18,1.4787389,1.34375,75.37501,1.55,1.55,99.80916
09/08/2026 21:10:09,6.25,0,6.25,0,0,0,53.12,1.56,4.69,15.62,33.33,6.15,10.58,53.12,12.6090288,2279,436,1211,105.5,14,0.2707602,1.31875,1187,77,14,0.198491246,1.325,1397,74.5,14,0.187085986,1.325,1797,1175,18,4.132168,1.325,4042,415.5,40.5,1.32297146,1.325,4042,766.5,40.5,2.616785,1.325,75.12501,1.55,1.55,99.80919
09/08/2026 21:10:11,14.06,1.56,12.5,0,0,3.12,3.12,3.17,7.81,45.16,20.31,37.5,12.36,45.16,12.3217268,3235,421,1443,96,18,0.238039359,1.35,4042,162,40.5,0.5006023,1.35,1797,67.5,18,0.161999121,1.35,4042,99.5,40.5,0.285665423,1.34375,4042,926.5,40.5,3.24246144,1.34375,4042,1177,40.5,4.033603,1.34375,74.37501,1.55,1.55,99.80922
09/08/2026 21:10:13,4.76,1.59,9.52,11.11,9.52,6.35,15.87,3.17,6.35,41.27,23.81,6.35,11.64,41.27,12.5708275,2545,435,1797,198.5,18,0.5027903,1.34375,1797,340,18,1.12858832,1.34375,4042,270,40.5,0.885984957,1.34375,1797,275,18,0.9304971,1.34375,4042,960,40.5,3.32231975,1.34375,1797,568,18,1.91866982,1.34375,73.87501,1.55,1.55,99.80915
09/08/2026 21:10:15,7.81,3.12,7.81,0,0,7.81,15.62,23.44,1.56,34.38,32.31,7.81,11.81,34.38,12.707159,3490,442,3803,190,40.5,0.455657661,1.34375,3211,65.5,40.5,0.175588325,1.34375,4042,129.5,40.5,0.3828771,1.34375,4042,701.5,40.5,2.47983575,1.34375,1797,823,18,2.87336969,1.34375,4042,744,40.5,2.43023777,1.34375,74.00001,1.55,1.55,99.80928
09/08/2026 21:10:17,10.77,1.54,6.15,1.72,0,1.56,3.08,3.23,7.69,10.77,80.33,12.31,11.6,80.33,12.3687782,2772,432,1659,155.5,18,0.371447265,1.34375,3486,104.5,40.5,0.30294916,1.34375,1797,83.5,18,0.203059852,1.34375,1608,99.5,18,0.231819987,1.34375,4042,285,40.5,0.909165,1.35,4042,1866.5,40.5,6.551368,1.35,73.75001,1.55,1.55,99.80917
09/08/2026 21:10:19,17.19,4.69,7.81,0,1.59,17.19,1.56,3.12,6.25,29.69,41.54,4.69,11.28,41.54,12.559124,2666,428,1397,411,14,1.23636055,1.34375,1235,80,14,0.201224178,1.34375,1797,331,18,1.08142757,1.35625,3485,74,40.5,0.187321126,1.35625,4042,727,40.5,2.57007957,1.35625,4042,944.5,40.5,3.28511786,1.35625,73.50001,1.55,1.55,99.809166
09/08/2026 21:10:21,13.64,0,9.09,2.99,31.25,10.45,4.55,7.58,22.73,10.71,43.94,3.03,13.33,43.94,12.554471,2811,455,1947,140,19.8,0.3281094,1.34375,1397,124.5,14,0.3218553,1.34375,1397,667.5,14,2.23331428,1.33125,4042,187.5,40.5,0.4791977,1.33125,4042,622,40.5,2.00801969,1.33125,4042,990,40.5,3.35053682,1.33125,73.12501,1.55,1.55,99.80918
09/08/2026 21:10:23,11.11,3.17,6.35,0,6.35,3.23,3.17,30.65,7.94,30.16,26.56,17.46,12.18,30.65,12.506093,2306,441,1163,104.5,14,0.2700689,1.325,1397,107.5,14,0.286579669,1.325,1397,171,14,0.482865542,1.325,1797,666.5,18,2.34197831,1.325,4042,721,40.5,2.40972829,1.325,4042,873.5,40.5,2.87196827,1.325,72.75001,1.55,1.55,99.8092041
09/08/2026 21:10:25,21.54,6.15,10.77,10.45,16.92,29.23,30.3,30.77,20,16.92,39.39,13.85,20.52,39.39,16.09573,3668,790,4042,513,40.5,1.10166144,1.3625,4042,441,40.5,1.00443327,1.3625,4042,860,40.5,2.18135285,1.3625,4042,1180,40.5,3.18335867,1.35,4042,689.5,40.5,1.69429064,1.35,1797,1054,18,2.978007,1.35,72.75001,1.55,1.55,99.8091
09/08/2026 21:10:27,14.29,0,33.33,11.11,11.48,12.7,27.42,4.69,7.94,21.54,0,9.52,12.83,33.33,13.8703194,2345,529,1397,259.5,14,0.6785005,1.325,1397,946.5,14,3.126669,1.325,1397,596.5,14,1.87310851,1.325,1797,550.5,18,1.83694744,1.325,4042,562.5,40.5,1.77539039,1.325,4042,257.5,40.5,0.661596656,1.325,72.12501,1.55,1.55,99.80912
09/08/2026 21:10:29,6.25,4.69,9.38,1.56,0,18.75,20,1.54,13.85,35.94,17.19,6.35,11.29,35.94,12.5247107,2035,437,3464,161,40.5,0.447337747,1.31875,1760,167.5,18,0.4554576,1.31875,1797,302.5,18,0.980640948,1.31875,1235,438.5,12.375,1.52025163,1.31875,1976,1078,19.8,3.827123,1.31875,1976,474.5,19.8,1.51047349,1.31875,72.87501,1.55,1.55,99.80919
09/08/2026 21:10:31,6.15,3.17,10.77,0,0,10.61,29.23,1.54,1.52,62.12,0,13.64,11.56,62.12,12.9341879,2468,446,1516,119.5,18,0.289930165,1.325,1615,138,18,0.344899446,1.325,4042,182.5,40.5,0.536637247,1.325,1797,642.5,18,2.169018,1.325,4042,1310.5,40.5,4.778614,1.325,1797,283,18,0.8705851,1.325,73.75001,1.55,1.55,99.80918
09/08/2026 21:10:33,7.81,1.59,11.11,0,1.59,6.15,25,1.56,11.11,42.19,20.31,14.06,11.87,42.19,12.7520971,2467,443,3572,174.5,40.5,0.430415571,1.29375,1797,260.5,18,0.8261525,1.30625,1797,82,18,0.197424859,1.30625,1797,465,18,1.48093116,1.30625,1797,977.5,18,3.505599,1.30625,4042,697.5,40.5,2.380516,1.30625,73.75001,1.55,1.55,99.80923
09/08/2026 21:10:35,15.62,3.17,34.38,6.06,2.7,6.25,46.88,6.25,7.81,12.5,10.77,4.69,13.09,46.88,12.4825058,1944,430,1237,128,14,0.321719468,1.3125,1397,713,14,2.390757,1.31875,1397,87.5,14,0.207913741,1.31875,1797,966,18,3.45883536,1.31875,1797,348,18,1.19913614,1.31875,4042,336,40.5,1.00555491,1.31875,73.50001,1.55,1.55,99.80917
09/08/2026 21:10:37,18.75,1.56,6.25,1.56,0,20.31,45.31,3.12,10.94,34.38,1.56,7.81,12.63,45.31,12.5082541,3324,435,4042,275,40.5,0.8584963,1.3125,4042,113.5,40.5,0.3121224,1.3125,4042,398.5,40.5,1.31034529,1.3125,4042,928,40.5,3.24332428,1.3125,1797,803.5,18,2.736703,1.3125,1976,89,19.8,0.199835122,1.3375,73.37501,1.55,1.55,99.80917
09/08/2026 21:10:39,7.69,0,9.23,0,30.77,30.77,9.23,3.08,9.23,1.54,29.23,18.46,12.44,30.77,12.1632223,3105,436,1304,124.5,14,0.2834413,1.33125,1617,75,18,0.182713419,1.325,4042,1272,40.5,4.341218,1.325,3585,138.5,40.5,0.3315871,1.325,4042,89,40.5,0.222954869,1.325,4042,919.5,40.5,3.12087941,1.3375,73.00001,1.55,1.55,99.80921
09/08/2026 21:10:41,13.85,3.17,9.38,5.97,0,6.25,20,38.46,3.12,18.75,13.64,20,12.72,38.46,12.5361748,1943,436,1397,255,14,0.7797323,1.31875,1236,214,14,0.668263555,1.31875,1390,72,14,0.170536652,1.31875,1797,1091,18,3.78810716,1.31875,1797,465,18,1.615359,1.31875,4042,516.5,40.5,1.60810626,1.31875,73.00001,1.55,1.55,99.80921
09/08/2026 21:10:43,9.38,0,4.69,0,0,17.19,7.81,3.12,1.56,68.75,12.5,4.69,10.81,68.75,12.5850229,1896,433,1524,107,18,0.2666068,1.30625,1540,76.5,18,0.202758014,1.30625,4042,356,40.5,1.16742444,1.30625,1235,215.5,12.375,0.6941308,1.30625,1235,1434.5,12.375,5.17412663,1.30625,1797,408,18,1.22989643,1.30625,73.87501,1.55,1.55,99.80917
09/08/2026 21:10:45,9.52,0,6.25,0,3.08,6.25,4.76,3.17,0,74.6,22.22,9.52,11.62,74.6,12.5085382,2483,435,1796,117,19.8,0.297348768,1.325,1520,75.5,18,0.188508034,1.325,4042,103.5,40.5,0.268329531,1.31875,1702,148.5,18,0.363360971,1.31875,1797,1558.5,18,5.614584,1.31875,4042,606,40.5,1.99270475,1.31875,73.87501,1.55,1.55,99.80925
09/08/2026 21:10:47,13.85,1.56,18.46,6.25,3.08,6.25,4.62,6.15,10.77,10.94,72.31,12.31,13.88,72.31,12.2972012,2318,449,1277,124,14,0.303976119,1.325,1397,360.5,14,1.15274382,1.325,1397,84.5,14,0.200960383,1.325,1756,147.5,18,0.3453798,1.325,4042,289,40.5,0.8537133,1.325,4042,1689.5,40.5,5.704992,1.325,73.25001,1.55,1.55,99.80916
09/08/2026 21:10:49,7.69,0,3.08,10.94,6.15,6.25,6.15,3.08,3.08,72.31,6.15,4.62,10.79,72.31,12.65994,2504,442,1751,130.5,18,0.342327923,1.3375,1593,294,18,0.9686989,1.3375,4042,234.5,40.5,0.7086343,1.3375,1797,213,18,0.5541845,1.3375,4042,1516.5,40.5,5.425571,1.3625,1797,264.5,18,0.788744152,1.3625,73.25001,1.55,1.55,99.809166
09/08/2026 21:10:51,9.38,0,14.06,0,0,3.12,12.5,1.56,9.38,26.56,56.25,1.56,11.2,56.25,12.347806,3182,441,3371,113,40.5,0.280546,1.3375,4042,123,40.5,0.3154962,1.3375,1797,87.5,18,0.210493311,1.3375,1797,377.5,18,1.16836631,1.3375,4042,727,40.5,2.50777769,1.3375,4042,1219.5,40.5,4.17600727,1.3375,73.12501,1.55,1.55,99.8092
09/08/2026 21:10:53,12.7,1.56,14.29,4.76,1.56,1.59,11.11,3.17,9.52,58.73,3.17,20.63,11.9,58.73,13.4702311,3668,492,1797,256.5,18,0.774148643,1.31875,4042,348,40.5,1.048455,1.31875,4042,115,40.5,0.276927233,1.31875,4042,293.5,40.5,0.8695452,1.31875,4042,1387.5,40.5,4.76931953,1.325,4042,554.5,40.5,1.75353777,1.325,73.25001,1.55,1.55,99.80916
09/08/2026 21:10:55,6.35,1.61,3.17,0,6.35,6.25,19.05,0,6.35,6.15,77.78,4.76,11.49,77.78,12.6530085,2838,455,1486,135,18,0.3720869,1.34375,1621,98.5,18,0.23807852,1.34375,4042,204.5,40.5,0.6311753,1.34375,1797,337,18,1.040414,1.34375,4042,258.5,40.5,0.7600631,1.34375,4042,1695,40.5,5.68453026,1.34375,72.62501,1.55,1.55,99.80916
09/08/2026 21:10:57,10.77,4.76,14.06,4.62,8.06,6.25,6.15,6.15,10.77,52.38,30.77,4.62,13.28,52.38,12.9206553,1948,448,1315,123,14,0.322954923,1.31875,1397,326.5,14,1.00223219,1.31875,1397,227,14,0.537129343,1.31875,1742,138.5,18,0.3299827,1.325,1797,1125.5,18,4.06848335,1.325,4042,748.5,40.5,2.509436,1.325,73.37501,1.55,1.55,99.80914
09/08/2026 21:10:59,29.69,17.46,26.56,3.12,28.12,1.56,14.06,6.06,20.31,34.38,26.56,18.75,18.89,34.38,16.705471,1971,724,1397,886,14,2.57520175,1.3375,1397,570,14,1.57311523,1.3375,1397,607,14,1.67778528,1.3375,4042,364.5,40.5,1.05382073,1.3375,1797,1040.5,18,3.3597877,1.3375,1797,875.5,18,2.75322485,1.3375,73.00001,1.55,1.55,99.80911
09/08/2026 21:11:01,10.77,3.08,4.69,6.25,3.12,21.88,9.23,14.06,9.23,54.69,13.85,18.46,14.11,54.69,12.6409235,2424,446,1230,104,14,0.259439051,1.325,1633,197.5,18,0.590012133,1.31875,1797,473,18,1.54166925,1.31875,1797,337.5,18,1.11108768,1.31875,4042,1183.5,40.5,4.12504,1.31875,4042,378.5,40.5,1.11853945,1.31875,72.87501,1.55,1.55,99.8092041
09/08/2026 21:11:03,9.38,1.64,18.75,7.27,0,9.38,12.5,4.69,7.81,51.56,26.56,4.69,12.85,51.56,12.6094542,2345,436,1397,141.5,14,0.386256367,1.33125,1397,369,14,1.22523129,1.34375,1397,76,14,0.1814188,1.34375,1797,265.5,18,0.853598952,1.34375,4042,1155,40.5,4.06547451,1.34375,4042,606,40.5,1.94197428,1.34375,73.87501,1.55,1.55,99.80919
09/08/2026 21:11:05,6.25,0,7.81,0,0,4.69,54.69,0,9.38,30.16,10.94,6.25,10.85,54.69,12.4825325,2678,425,1147,94.5,14,0.245370984,1.3375,1397,97,14,0.2770464,1.3375,1397,64.5,14,0.163873225,1.3375,4042,1192.5,40.5,4.21446371,1.3375,4042,746,40.5,2.616651,1.3375,4042,354,40.5,1.06139731,1.3375,73.25001,1.55,1.55,99.8092
09/08/2026 21:11:07,9.52,0,4.76,0,9.68,3.17,12.7,1.56,11.11,47.62,33.33,7.81,11.77,47.62,12.4220276,2274,431,1131,94,14,0.236576214,1.34375,1234,76,14,0.193103462,1.34375,1397,266,14,0.880686,1.34375,1797,243.5,18,0.806671143,1.34375,4042,1154,40.5,4.07432365,1.34375,4042,755,40.5,2.33884,1.34375,73.00001,1.55,1.55,99.80923
09/08/2026 21:11:09,10.77,0,6.15,18.33,3.03,15.38,3.08,18.18,4.62,52.31,4.62,7.69,12.01,52.31,12.379899,2286,424,1200,126.5,14,0.315073133,1.34375,1374,385,14,1.27185738,1.34375,1397,343,14,1.14369845,1.34375,1797,391.5,18,1.31596792,1.34375,4042,1192,40.5,4.241003,1.34375,3906,108,40.5,0.2513138,1.34375,72.75001,1.55,1.55,99.8092346
09/08/2026 21:11:11,10.94,1.56,7.81,4.69,1.56,4.69,45.31,1.56,4.69,21.88,25.4,4.69,11.23,45.31,12.3545284,1960,424,1475,140.5,18,0.35973987,1.31875,1797,192.5,18,0.586654842,1.31875,4042,116.5,40.5,0.333751827,1.31875,1235,955.5,12.375,3.41112113,1.31875,1976,527,19.8,1.79077184,1.31875,1235,609,12.375,2.030731,1.31875,72.75001,1.55,1.55,99.809166
09/08/2026 21:11:13,9.38,0,6.25,0,0,3.12,3.12,1.59,1.56,48.44,48.44,6.25,10.68,48.44,12.1735764,2290,425,1397,191,14,0.567338467,1.33125,1187,71,14,0.179123923,1.3375,1397,68.5,14,0.163574547,1.3375,1678,76,18,0.18729654,1.3375,4042,1044,40.5,3.664633,1.3375,4042,1098.5,40.5,3.69245672,1.3375,73.12501,1.55,1.55,99.809166
09/08/2026 21:11:15,10.94,1.59,12.5,0,6.25,4.76,12.5,1.56,4.76,54.69,21.88,6.25,11.47,54.69,12.4897346,3294,425,1797,171,18,0.4965219,1.3,4042,176.5,40.5,0.5180998,1.3125,4042,197.5,40.5,0.603550732,1.31875,1797,241,18,0.8006725,1.31875,4042,1218.5,40.5,4.33959627,1.31875,4042,546,40.5,1.73535168,1.31875,73.12501,1.55,1.55,99.8092
09/08/2026 21:11:17,3.08,6.15,4.62,1.52,0,3.08,24.62,0,4.62,29.23,43.94,6.15,10.58,43.94,12.2647743,2026,430,1097,220.5,12.375,0.6604773,1.33125,1626,72,19.8,0.182555869,1.33125,1797,70,18,0.172329128,1.325,1797,478.5,18,1.653562,1.325,1797,710.5,18,2.37636852,1.325,4042,1031,40.5,3.43576646,1.325,72.62501,1.55,1.55,99.8092346
09/08/2026 21:11:19,7.94,3.17,3.17,0,1.59,4.76,23.81,3.17,1.59,58.73,15.87,6.35,10.85,58.73,12.5346355,2865,430,1544,145,18,0.408219427,1.30625,3970,95.5,40.5,0.2695325,1.30625,4042,77.5,40.5,0.18053332,1.30625,1797,515,18,1.7776947,1.30625,1797,1274.5,18,4.585709,1.30625,4042,473.5,40.5,1.46720386,1.30625,73.37501,1.55,1.55,99.80919
09/08/2026 21:11:21,12.7,0,4.76,44.26,0,4.76,15.87,1.59,3.17,20.34,12.7,9.52,10.81,44.26,11.967495,2886,430,1976,282,19.8,0.8978661,1.325,1976,964,19.8,3.26191974,1.325,1235,71.5,12.375,0.170082882,1.325,4042,393,40.5,1.33626246,1.325,4042,464,40.5,1.53139091,1.325,4042,405.5,40.5,1.2271595,1.325,72.37501,1.55,1.55,99.80913
09/08/2026 21:11:23,22.22,3.08,19.05,1.47,3.17,1.59,3.17,0,7.94,34.92,38.1,7.81,11.88,38.1,12.6538363,3668,462,4042,439.5,40.5,1.35027909,1.35,1797,371.5,18,1.15922916,1.35,4042,117.5,40.5,0.276055217,1.35,4042,161.5,40.5,0.39695698,1.35,4042,835,40.5,2.869571,1.35,4042,849,40.5,2.79920983,1.35,72.00001,1.55,1.55,99.8092041
09/08/2026 21:11:25,12.31,0,13.85,3.08,26.15,15.15,7.69,10.77,7.69,43.75,21.88,7.69,14.17,43.75,12.8343124,2373,472,1914,137,19.8,0.345068216,1.325,1235,253.5,12.375,0.790505,1.325,1235,700,12.375,1.99662387,1.325,4042,205.5,40.5,0.544138134,1.325,4017,981,40.25,3.46578526,1.325,1797,557.5,18,1.730814,1.325,72.87501,1.55,1.55,99.8092346
09/08/2026 21:11:27,7.81,1.56,7.81,1.64,3.33,4.69,4.69,14.06,26.56,17.19,45.31,3.12,11.48,45.31,12.5173807,1973,434,1364,167.5,14,0.4757464,1.30625,864,73.5,10.5,0.179364786,1.30625,1976,96.5,19.8,0.215897277,1.31875,1797,407.5,18,1.31948543,1.31875,1797,842.5,18,2.934741,1.31875,4042,1017,40.5,3.47633076,1.31875,73.00001,1.55,1.55,99.8091354
09/08/2026 21:11:29,17.19,1.59,3.12,0,1.56,18.75,10.94,1.56,28.12,35.94,0,14.06,11.07,35.94,12.3715305,2305,427,1397,287,14,0.9149275,1.33125,1154,68.5,14,0.177956328,1.33125,1397,384,14,1.25628459,1.34375,1797,247.5,18,0.751303732,1.34375,4042,1343,40.5,4.82416868,1.34375,4042,233.5,40.5,0.672918737,1.34375,73.00001,1.55,1.55,99.8091354
09/08/2026 21:11:31,18.46,3.12,21.54,0,0,6.25,12.31,1.54,6.15,13.85,55.38,6.15,12.06,55.38,12.3053074,3294,438,4042,291,40.5,0.9073775,1.34375,4042,441,40.5,1.43768167,1.34375,1797,76,18,0.1789722,1.34375,4042,236,40.5,0.6784457,1.34375,4042,377,40.5,1.2417537,1.34375,1797,1209.5,18,4.06614447,1.34375,72.50001,1.55,1.55,99.80915
09/08/2026 21:11:33,6.25,0,20.31,1.56,7.81,0,10.94,7.81,20.31,64.06,7.81,12.5,13.28,64.06,14.46364,4042,583,4042,285,40.5,0.755862057,1.3375,4042,428,40.5,1.29960465,1.3375,4042,195.5,40.5,0.482878,1.34375,4042,456.5,40.5,1.17826629,1.34375,4042,1666,40.5,5.3450737,1.34375,4042,467.5,40.5,1.26514208,1.34375,73.37501,1.55,1.55,99.80922
09/08/2026 21:11:35,10.94,3.12,6.25,0,0,6.25,25,1.52,7.81,45.31,20.31,7.81,11.19,45.31,12.5516539,2440,442,1797,198.5,18,0.5690279,1.31875,3411,68,40.5,0.176476508,1.31875,1797,95,18,0.221624658,1.31875,1797,555,18,1.883028,1.31875,1797,1162.5,18,3.892423,1.31875,4042,574.5,40.5,1.83294725,1.325,73.00001,1.55,1.55,99.809166
09/08/2026 21:11:37,6.25,0,23.44,12.9,12.5,3.12,7.81,3.12,15.62,26.56,12.5,7.81,10.97,26.56,12.3487377,1945,431,1238,110,14,0.2613962,1.30625,1397,766.5,14,2.58088422,1.30625,1397,300.5,14,0.969010055,1.30625,1797,184,18,0.5652459,1.31875,1797,885.5,18,3.035045,1.31875,4042,337.5,40.5,1.03289783,1.31875,72.00001,1.55,1.55,99.80916
09/08/2026 21:11:39,4.69,0,7.81,0,4.69,4.69,32.81,1.59,1.56,34.92,31.25,4.69,10.72,34.92,12.6682539,1977,436,1174,148,14,0.3670399,1.30625,1076,86,12.375,0.222771078,1.325,1976,171.5,19.8,0.5249943,1.325,1797,676,18,2.288695,1.325,1797,774,18,2.65762162,1.325,4042,762,40.5,2.54472637,1.325,72.12501,1.55,1.55,99.80921
09/08/2026 21:11:41,10.61,1.45,9.09,2.99,0,1.52,19.7,3.08,9.09,37.88,43.94,6.06,12.12,43.94,12.1236105,3555,426,3364,97.5,40.5,0.244632542,1.34375,4042,125.5,40.5,0.3494803,1.34375,4042,65,40.5,0.151377648,1.34375,4042,473,40.5,1.59879088,1.34375,4042,830.5,40.5,2.89757848,1.34375,1797,967.5,18,3.2133162,1.34375,72.37501,1.55,1.55,99.8092346
09/08/2026 21:11:43,10.77,3.08,6.15,0,4.62,0,58.46,4.41,4.62,13.85,23.08,15.38,12.03,58.46,12.6287012,3570,447,1645,162.5,18,0.4535782,1.3625,3606,87,40.5,0.228743851,1.3625,4042,92.5,40.5,0.199958414,1.3625,4042,1144,40.5,3.95273161,1.35625,4042,440.5,40.5,1.46480989,1.35625,4042,754,40.5,2.39015412,1.35625,72.37501,1.55,1.55,99.80918
09/08/2026 21:11:45,9.23,1.54,3.12,0,0,6.25,30.77,1.56,9.23,15.62,55.38,3.08,11.32,55.38,12.1971951,1894,429,1221,158,14,0.3812162,1.3125,1126,64.5,14,0.177136317,1.31875,1380,68.5,14,0.163556874,1.31875,1797,701.5,18,2.46869779,1.31875,1797,383.5,18,1.28520393,1.31875,4042,1198,40.5,4.063362,1.31875,72.25001,1.55,1.55,99.8092
09/08/2026 21:11:47,24.62,15.38,33.85,16.92,32.31,7.69,30.77,9.23,27.69,35.38,47.69,18.46,25,47.69,17.8029442,3668,793,1797,623.5,18,1.71934271,1.3125,4042,846,40.5,2.28813171,1.325,4042,665,40.5,1.87382317,1.325,4042,517.5,40.5,1.43334126,1.325,4042,1039.5,40.5,3.23861,1.325,4042,1064,40.5,3.27760339,1.325,73.00001,1.55,1.55,99.8092
09/08/2026 21:11:49,9.38,0,11.11,0,3.12,6.35,10.94,4.69,4.69,51.56,33.33,6.25,11.78,51.56,12.2282524,1926,428,1397,143,14,0.391072,1.3375,1397,95.5,14,0.274447,1.3375,1127,126.5,14,0.293009967,1.3375,1797,255,18,0.8280736,1.3375,4042,1115,40.5,3.882493,1.3375,1797,835,18,2.82184625,1.3375,73.00001,1.55,1.55,99.80911
09/08/2026 21:11:51,19.05,4.92,4.76,0,3.17,9.52,63.49,3.08,8.06,36.07,1.64,6.35,13.34,63.49,13.0947218,2742,465,1235,321,12.375,0.9138786,1.3375,1634,84.5,18,0.229443967,1.3375,3702,142.5,40.5,0.341714621,1.34375,4042,1325.5,40.5,4.69910145,1.34375,4042,807,40.5,2.82975864,1.34375,1797,109,18,0.227707461,1.34375,73.12501,1.55,1.55,99.80914
09/08/2026 21:11:53,9.23,0,12.5,0,19.05,1.56,9.38,9.23,1.54,40,10.94,35.94,12.45,40,12.4197092,1931,433,1201,105.5,14,0.254479855,1.33125,1397,156.5,14,0.4819318,1.34375,1397,425.5,14,1.43177855,1.34375,1754,130,18,0.3212025,1.34375,4042,892.5,40.5,3.12653542,1.34375,1797,887.5,18,3.00133634,1.34375,72.50001,1.55,1.55,99.8091049
09/08/2026 21:11:55,34.38,7.81,17.19,4.62,26.56,17.19,31.25,9.38,15.62,20.31,43.08,14.06,20.12,43.08,16.6199856,3294,781,1797,708.5,18,1.853822,1.33125,1797,459.5,18,1.0238446,1.325,4042,817.5,40.5,2.21148133,1.325,4042,759.5,40.5,2.00042367,1.33125,4042,834,40.5,2.287873,1.33125,4042,1106.5,40.5,3.27423549,1.33125,72.12501,1.55,1.55,99.80917
09/08/2026 21:11:57,14.06,6.45,10.94,7.81,9.38,4.69,40.62,15.62,10.94,26.98,32.26,14.06,16.15,40.62,14.2902994,1971,635,1397,439,14,0.931885,1.325,1397,354,14,0.796533,1.325,1397,241.5,14,0.461762935,1.325,4042,1141,40.5,3.506121,1.3375,1797,758,18,2.142339,1.3375,1797,876.5,18,2.62212372,1.3375,73.00001,1.55,1.55,99.8092041
09/08/2026 21:11:59,9.09,3.08,13.64,0,4.76,10.77,18.18,6.06,6.06,45.45,25.76,4.55,12.28,45.45,12.5472851,2336,437,1340,175,14,0.44904393,1.3375,1397,302,14,0.952633142,1.3375,1397,159.5,14,0.4414134,1.3375,1797,390,18,1.33935475,1.3375,4042,1028,40.5,3.66071773,1.3375,4042,568.5,40.5,1.81797123,1.3375,73.50001,1.55,1.55,99.809166
09/08/2026 21:12:01,16.92,2.94,18.46,0,1.49,6.15,9.23,4.48,3.08,57.14,18.46,6.15,12.04,57.14,12.395895,2545,432,1797,271,18,0.8284371,1.325,4042,315.5,40.5,0.964267969,1.325,1797,126,18,0.364965349,1.325,1797,200,18,0.574510157,1.325,1797,1196.5,18,4.265461,1.325,4042,485,40.5,1.57984734,1.33125,73.37501,1.55,1.55,99.8092041
09/08/2026 21:12:03,21.54,7.69,9.38,3.12,4.69,9.38,10.77,3.08,21.54,39.13,19.7,7.69,13.14,39.13,12.6764746,1971,444,1397,310,14,0.904874563,1.33125,1397,239,14,0.689856052,1.33125,1397,94.5,14,0.210229382,1.33125,1797,125.5,18,0.346350551,1.33125,1797,1302,18,4.651147,1.33125,4042,592.5,40.5,1.95170331,1.33125,73.25001,1.55,1.55,99.80915
09/08/2026 21:12:05,6.25,3.12,6.25,4.92,21.54,4.69,4.69,9.68,4.69,25,42.19,6.25,11.6,42.19,12.1508389,2434,424,1622,149.5,18,0.359506339,1.325,1488,173,18,0.535973132,1.325,4042,481.5,40.5,1.61784518,1.325,1614,201.5,18,0.650934339,1.325,1797,577.5,18,2.04791,1.325,4042,958.5,40.5,3.224093,1.33125,73.25001,1.55,1.55,99.80924
09/08/2026 21:12:07,9.38,7.81,4.69,1.56,48.44,12.5,6.25,4.69,9.38,28.12,3.12,15.62,12.63,48.44,12.4869633,3917,434,4042,209,40.5,0.5304717,1.325,3633,131,40.5,0.3943255,1.325,4042,1153,40.5,3.950961,1.325,3700,89.5,40.5,0.210005566,1.325,4042,659,40.5,2.32801414,1.325,4042,364.5,40.5,1.12499714,1.325,72.37501,1.55,1.55,99.80919
09/08/2026 21:12:09,10.94,4.69,10.94,0,0,1.56,20.31,1.56,7.81,52.83,41.54,6.25,13.2,52.83,12.3641577,3398,421,3408,141.5,40.5,0.351868927,1.31875,3191,68,40.5,0.178100929,1.3125,3910,63.5,40.5,0.156120211,1.3125,1797,370,18,1.29239917,1.3125,4042,937.5,40.5,3.37155223,1.3125,4042,944.5,40.5,3.22268939,1.3125,73.25001,1.55,1.55,99.8092346
09/08/2026 21:12:11,12.7,0,3.17,0,3.17,34.92,4.69,3.45,3.17,28.81,32.79,4.84,10.98,34.92,12.18693,2411,428,4042,362.5,40.5,1.05737054,1.28125,1596,79,18,0.1993967,1.28125,1797,710.5,18,2.358576,1.28125,1190,74.5,14,0.18965596,1.28125,1797,631,18,2.20051813,1.3125,4042,709,40.5,2.39126277,1.3125,73.00001,1.55,1.55,99.80917
09/08/2026 21:12:13,12.31,3.08,9.23,1.56,0,3.12,46.15,4.69,6.25,35.21,16.42,9.23,12.27,46.15,12.4485025,1984,428,1083,154,12.375,0.38537845,1.325,1235,137.5,12.375,0.387460917,1.325,1976,79,19.8,0.203299612,1.325,1797,890,18,3.19587779,1.325,1797,806.5,18,2.84069276,1.325,4017,500,40.25,1.620582,1.325,73.00001,1.55,1.55,99.809166
09/08/2026 21:12:15,7.69,7.69,12.5,0,1.56,3.08,4.62,4.76,4.62,59.02,29.23,6.15,11.74,59.02,12.4480906,2318,426,1397,300.5,14,0.8838576,1.31875,1397,230.5,14,0.75148046,1.325,1397,77.5,14,0.184878215,1.325,1630,83.5,18,0.215522528,1.325,4042,1203.5,40.5,4.31116056,1.325,4042,663.5,40.5,2.22270918,1.325,73.25001,1.55,1.55,99.80921
09/08/2026 21:12:17,19.05,3.17,4.69,0,0,6.25,4.76,0,4.76,26.15,63.49,1.59,11.16,63.49,12.1429462,3273,426,4042,341,40.5,1.03146577,1.3375,1787,95.5,18,0.248063132,1.3375,4042,68.5,40.5,0.157298952,1.3375,1682,83.5,18,0.196635231,1.3375,4042,598.5,40.5,2.04157877,1.3375,4042,1370,40.5,4.74795151,1.3375,73.25001,1.55,1.55,99.809166
09/08/2026 21:12:19,6.35,0,9.38,7.81,0,7.81,21.88,1.56,9.52,31.75,17.19,20.63,11.16,31.75,12.94148,2884,455,1582,150,18,0.378643036,1.30625,1797,287.5,18,0.8896255,1.325,4042,127.5,40.5,0.32724756,1.325,4042,528,40.5,1.777216,1.325,4042,842,40.5,2.7588203,1.325,1797,796,18,2.69554162,1.325,73.00001,1.55,1.55,99.80919
09/08/2026 21:12:21,9.23,1.54,1.54,1.56,0,4.69,12.31,6.15,4.62,49.23,43.08,6.06,11.67,49.23,12.5553541,2263,431,1173,105.5,14,0.2580501,1.33125,1129,72,14,0.188429222,1.33125,1395,68.5,14,0.1584052,1.33125,1797,356,18,1.09797442,1.33125,4042,1060.5,40.5,3.83026552,1.33125,4042,922.5,40.5,3.128851,1.33125,73.12501,1.55,1.55,99.80926
09/08/2026 21:12:23,23.08,1.56,15.62,0,0,4.69,4.62,7.69,1.56,53.97,23.08,6.15,11.84,53.97,12.750699,1961,447,1397,362.5,14,1.12559736,1.30625,1397,343,14,1.14347529,1.31875,1397,88,14,0.209116369,1.31875,1738,143.5,18,0.3497304,1.31875,1797,1159,18,4.135421,1.31875,4042,583.5,40.5,1.82992375,1.31875,73.00001,1.55,1.55,99.80922
09/08/2026 21:12:25,10.77,3.08,12.31,5.17,3.17,4.69,7.69,1.54,3.08,69.23,20,9.23,12.5,69.23,12.4148293,2319,436,1397,302.5,14,0.8819821,1.3375,1397,236.5,14,0.6655812,1.3375,1397,82.5,14,0.200549811,1.3375,1641,74.5,18,0.185184628,1.3375,4042,1445,40.5,5.16096354,1.3375,4042,474,40.5,1.559635,1.3375,73.12501,1.55,1.55,99.80911
09/08/2026 21:12:27,10.77,1.54,9.23,0,10.45,6.15,3.08,3.08,6.15,46.97,39.44,4.62,11.79,46.97,12.5073118,2836,434,1589,109.5,18,0.2746056,1.3125,1582,80,18,0.200518042,1.31875,4042,257,40.5,0.812558055,1.31875,1717,141.5,18,0.3687715,1.31875,4042,1062.5,40.5,3.68303227,1.31875,4042,954,40.5,3.261324,1.31875,73.25001,1.55,1.55,99.80926
09/08/2026 21:12:29,20.63,0,6.25,0,0,4.69,31.75,3.17,9.52,12.7,50.79,3.17,11.89,50.79,12.1591825,1957,423,1235,294,12.375,0.9491598,1.325,990,66,12.375,0.167315677,1.325,1879,60.5,19.8,0.150824547,1.325,4042,689.5,40.5,2.28984046,1.325,1797,315,18,1.03494108,1.325,1797,1114,18,3.8100574,1.325,72.62501,1.55,1.55,99.80923
09/08/2026 21:12:31,12.31,0,4.62,1.54,4.62,6.15,16.92,7.69,9.23,39.06,43.08,1.54,12.23,43.08,12.439168,2422,430,1797,155.5,18,0.439916819,1.33125,3305,71,40.5,0.1801617,1.35,1797,169.5,18,0.5193136,1.35,4042,394,40.5,1.26618707,1.35,1797,886.5,18,3.04646659,1.35,1797,904,18,3.07509255,1.35,72.87501,1.55,1.55,99.80917
09/08/2026 21:12:33,21.88,4.69,15.62,0,6.25,4.69,26.56,12.5,7.81,46.97,35.94,26.56,17.46,46.97,16.46086,3294,676,4042,407.5,40.5,1.1666286,1.325,4042,323,40.5,1.06692743,1.33125,1797,180.5,18,0.471964777,1.33125,1797,662.5,18,2.213633,1.325,4042,1222,40.5,4.074866,1.325,4042,1258,40.5,4.22167158,1.325,73.62501,1.55,1.55,99.80918
09/08/2026 21:12:35,18.75,3.08,9.38,0,1.56,6.25,31.25,3.17,4.69,34.38,23.44,6.25,11.85,34.38,12.8800449,2336,454,1397,443.5,14,1.3186506,1.3125,1342,106.5,14,0.271529019,1.3125,1397,191,14,0.597028852,1.325,1797,674,18,2.33339834,1.325,4042,800.5,40.5,2.62052155,1.325,4042,510.5,40.5,1.62535179,1.325,73.25001,1.55,1.55,99.80919
09/08/2026 21:12:37,24.62,1.54,6.15,1.47,1.59,6.15,6.15,3.03,6.15,50.77,27.69,15.15,12.54,50.77,12.2217083,2800,424,4042,501,40.5,1.64943457,1.325,1014,86,12.375,0.212724954,1.3375,1976,96,19.8,0.268334866,1.3375,1681,80.5,18,0.193447679,1.3375,4042,1048,40.5,3.71148872,1.31875,4042,734.5,40.5,2.36960745,1.31875,72.87501,1.55,1.55,99.80925
09/08/2026 21:12:39,7.69,0,9.23,0,0,6.15,4.62,6.15,23.08,23.44,52.31,6.15,11.57,52.31,12.4874954,2308,436,1763,115.5,19.8,0.295925856,1.3375,1976,186,19.8,0.54665,1.3375,2470,84,24.75,0.202922523,1.3375,1797,91.5,18,0.22500667,1.3375,1797,939.5,18,3.30622578,1.3375,4042,1197.5,40.5,3.946481,1.3375,73.00001,1.55,1.55,99.80919
09/08/2026 21:12:41,9.23,4.69,9.09,8.45,8.96,0,33.85,0,13.85,53.12,7.69,7.69,13.05,53.12,12.383894,3246,424,1532,194.5,18,0.5920101,1.33125,4042,203,40.5,0.563340366,1.33125,4042,226,40.5,0.7335399,1.35,4042,614.5,40.5,2.15134215,1.35,1797,1171.5,18,4.18028164,1.35,4024,137,40.5,0.3022366,1.35,73.00001,1.55,1.55,99.8092
09/08/2026 21:12:43,12.31,0,4.55,1.56,1.52,3.12,4.62,33.33,6.15,30.77,36.92,9.23,12.01,36.92,12.9902191,2711,454,1346,138,14,0.359173864,1.325,1397,117,14,0.319015,1.33125,1397,86,14,0.204788208,1.33125,4042,768,40.5,2.6886394,1.33125,4042,739.5,40.5,2.524005,1.33125,4042,878.5,40.5,2.86411428,1.33125,72.50001,1.55,1.55,99.8092346
09/08/2026 21:12:45,18.75,0,12.5,0,4.69,4.69,43.08,15.15,9.38,4.69,6.15,18.75,11.48,43.08,12.2089491,2345,421,1397,366.5,14,1.19744861,1.31875,1397,225,14,0.725107253,1.31875,1397,123,14,0.372886,1.31875,1797,1133,18,4.042578,1.31875,4042,241.5,40.5,0.645987332,1.31875,4042,438,40.5,1.41740072,1.31875,72.62501,1.55,1.55,99.80917
09/08/2026 21:12:47,4.62,0,7.69,0,3.08,15.38,9.38,4.84,4.69,41.27,40,6.15,11.42,41.27,12.723918,2469,446,1597,121,18,0.3056731,1.3375,1540,81,18,0.2030358,1.3375,4042,302,40.5,0.9219147,1.3375,1797,274.5,18,0.8893451,1.3375,1797,952,18,3.23392463,1.3375,4042,943,40.5,3.098953,1.3375,72.62501,1.55,1.55,99.80922
09/08/2026 21:12:49,13.64,0,18.46,9.23,4.48,15.15,30.3,0,15.15,30.88,7.69,4.55,12.46,30.88,12.2772589,2014,421,1235,183,12.375,0.5354562,1.3375,1235,470,12.375,1.58311641,1.34375,1976,277.5,19.8,0.831036866,1.34375,1797,639,18,2.26749086,1.34375,4042,711,40.5,2.49391937,1.34375,1797,246,18,0.7727448,1.34375,72.75001,1.55,1.55,99.8091049
09/08/2026 21:12:51,6.06,1.52,0,6.15,3.17,4.62,56.06,4.55,3.03,23.08,19.35,6.06,11.14,56.06,12.44458,2301,431,1225,108,14,0.278413773,1.3375,1301,219.5,14,0.672847,1.3375,1397,85,14,0.201017812,1.3375,4042,1132,40.5,3.91092563,1.3375,1797,564.5,18,1.91136122,1.3375,4042,475.5,40.5,1.53565085,1.3375,72.25001,1.55,1.55,99.80916
09/08/2026 21:12:53,20,1.52,4.69,0,6.15,3.08,29.23,16.92,13.85,25.76,6.15,6.15,11.12,29.23,12.295577,2025,424,1397,385,14,1.24780691,1.31875,1140,71.5,14,0.186778009,1.31875,1976,207.5,19.8,0.61307174,1.33125,1797,837.5,18,2.89347863,1.33125,4042,819,40.5,2.8665247,1.33125,1797,225,18,0.6722854,1.33125,72.37501,1.55,1.55,99.8092346
09/08/2026 21:12:55,6.15,0,20,1.56,1.59,6.25,33.85,4.62,6.25,48.33,7.58,4.69,11.74,48.33,12.6035557,1941,432,1218,107.5,14,0.278502434,1.325,1397,371,14,1.21859241,1.3375,1397,87,14,0.207844675,1.3375,4042,780.5,40.5,2.59037948,1.3375,1797,994,18,3.52129936,1.3375,1797,252.5,18,0.775396943,1.3375,72.62501,1.55,1.55,99.809166
09/08/2026 21:12:57,6.25,1.54,6.15,12.12,1.54,3.12,9.38,3.12,3.12,45.45,32.81,9.38,11.17,45.45,12.175684,2545,424,1797,132,18,0.369713843,1.31875,4042,344.5,40.5,1.13954329,1.31875,1797,64.5,18,0.1499223,1.31875,1797,222.5,18,0.6166784,1.31875,1797,1016.5,18,3.591108,1.31875,4042,761,40.5,2.53696752,1.325,72.75001,1.55,1.55,99.80926
09/08/2026 21:12:59,9.38,0,18.46,2.9,7.58,3.12,17.19,3.23,3.12,34.78,41.54,4.69,12.17,41.54,12.8295269,1991,456,1659,124.5,18,0.311439961,1.31875,4042,397.5,40.5,1.25532532,1.31875,1797,117,18,0.262172639,1.31875,1235,304.5,12.375,0.998037,1.31875,1976,854,19.8,2.90544438,1.31875,1235,938,12.375,3.14976168,1.31875,72.50001,1.55,1.55,99.8092346
09/08/2026 21:13:01,12.5,1.56,3.17,0,3.17,3.17,31.25,1.59,14.29,28.57,26.98,17.19,11.95,31.25,12.2491474,1912,420,1397,225,14,0.6856471,1.33125,1098,66,14,0.166783556,1.33125,1340,62.5,14,0.148232341,1.33125,4042,569.5,40.5,1.99590409,1.3375,1797,739,18,2.54147887,1.3375,1797,856.5,18,2.820926,1.3375,72.37501,1.55,1.55,99.80912
09/08/2026 21:13:03,6.15,0,18.46,3.03,0,1.54,69.23,1.54,10.77,9.23,1.54,10.77,11.02,69.23,12.75374,3587,456,3559,114.5,40.5,0.305227458,1.3375,4042,383,40.5,1.14851952,1.3375,1797,87.5,18,0.208873913,1.3375,4042,1460,40.5,5.12630653,1.3375,4042,420.5,40.5,1.28112352,1.3375,4042,273.5,40.5,0.741117,1.3375,72.50001,1.55,1.55,99.80925
09/08/2026 21:13:05,14.06,1.61,7.81,2.94,1.54,3.23,37.5,1.59,10.94,28.12,29.69,6.25,12.11,37.5,12.1483078,2871,430,4042,200.5,40.5,0.606628358,1.3125,1515,87.5,18,0.203923553,1.325,1788,63.5,18,0.148953646,1.325,4042,798,40.5,2.79685783,1.325,1797,709.5,18,2.39989662,1.325,4042,720.5,40.5,2.320036,1.325,72.12501,1.55,1.55,99.8091354
09/08/2026 21:13:07,9.38,0,3.12,0,0,18.75,37.5,1.56,4.69,40.62,10.94,3.12,10.81,40.62,12.774827,3462,434,3513,109,40.5,0.285341471,1.35,3334,68.5,40.5,0.186047882,1.35,4042,431,40.5,1.42750227,1.35,4042,847,40.5,2.98811722,1.35,4042,861,40.5,3.040945,1.35,1797,285.5,18,0.7698134,1.35,72.25001,1.55,1.55,99.8092041
09/08/2026 21:13:09,6.15,6.15,3.08,1.59,0,3.08,1.54,3.08,4.62,78.46,12.31,9.23,10.77,78.46,12.4068594,2258,424,1158,189,14,0.5703074,1.33125,1112,67.5,14,0.17591083,1.33125,1397,66.5,14,0.159901112,1.33125,1797,106.5,18,0.2874508,1.33125,4042,1695,40.5,6.083032,1.34375,4042,419.5,40.5,1.25311947,1.34375,73.37501,1.55,1.55,99.80917
09/08/2026 21:13:11,10.94,3.12,4.69,0,1.59,1.56,4.69,4.69,31.25,7.81,67.74,1.56,11.64,67.74,12.4171009,2044,432,1781,164.5,19.8,0.398461521,1.31875,1643,74,19.8,0.188261956,1.31875,1235,81.5,12.375,0.196155578,1.31875,1764,87,18,0.209240779,1.31875,4042,769,40.5,2.65534687,1.31875,1797,1416,18,4.919071,1.31875,72.75001,1.55,1.55,99.80915
09/08/2026 21:13:13,6.25,4.69,4.69,1.52,1.56,1.56,21.88,4.55,6.25,42.19,38.46,9.38,11.91,42.19,12.4282713,2468,444,1635,175,18,0.3990609,1.31875,1493,77,18,0.19912912,1.31875,4042,62,40.5,0.146740466,1.31875,1797,440.5,18,1.28456044,1.31875,4042,906,40.5,3.14167023,1.31875,1797,1001,18,3.417297,1.31875,72.50001,1.55,1.55,99.80922
09/08/2026 21:13:15,9.23,4.62,4.62,1.54,3.08,7.69,29.23,3.08,7.69,19.7,51.52,7.69,12.47,51.52,12.9684763,1971,455,1397,213.5,14,0.5482704,1.33125,1397,126,14,0.337913841,1.3375,1397,134,14,0.379162878,1.3375,1797,569.5,18,1.93289185,1.3375,4042,532.5,40.5,1.76402533,1.3375,1797,1156.5,18,3.941279,1.3375,71.87501,1.55,1.55,99.80918
09/08/2026 21:13:17,9.52,6.35,1.59,1.64,0,1.59,6.35,3.12,3.17,38.1,58.73,4.76,11.24,58.73,12.2738485,1988,432,1818,272,19.8,0.7443413,1.33125,1265,82,14,0.220325887,1.33125,1373,74,14,0.167064577,1.33125,1635,87.5,18,0.213946432,1.33125,1797,858.5,18,3.00412273,1.33125,4042,1220,40.5,4.145283,1.33125,72.37501,1.55,1.55,99.80916
09/08/2026 21:13:19,12.5,4.69,7.94,1.54,15.15,7.81,3.12,3.08,7.81,34.38,16.92,39.06,12.83,39.06,12.4613886,1887,431,1266,158,14,0.389284462,1.33125,1163,76.5,14,0.185597956,1.33125,1397,360.5,14,1.15368021,1.33125,1657,84.5,18,0.202861354,1.33125,4042,775.5,40.5,2.74035788,1.3375,1797,1130,18,3.85990644,1.3375,72.37501,1.55,1.55,99.80917
09/08/2026 21:13:21,7.69,3.08,9.23,1.52,2.9,4.62,21.54,7.69,13.85,4.62,71.64,16.92,13.77,71.64,13.1246023,2887,510,4042,252,40.5,0.5780397,1.325,1601,92,18,0.224379838,1.325,1797,176,18,0.3937234,1.325,4042,483.5,40.5,1.56250322,1.325,1797,329.5,18,0.874074161,1.325,4042,1725,40.5,5.57977533,1.325,72.12501,1.55,1.55,99.80922
09/08/2026 21:13:23,21.54,6.15,4.62,21.54,24.24,6.15,33.85,2.86,6.15,20,1.41,6.15,12.89,33.85,12.8623838,4042,451,4042,352,40.5,1.02625334,1.35,4042,559,40.5,1.781217,1.35,4042,547,40.5,1.80681646,1.35,4042,642.5,40.5,2.19346023,1.35,4042,502,40.5,1.68320024,1.35,4042,103.5,40.5,0.230666742,1.35,71.75001,1.55,1.55,99.8092041
09/08/2026 21:13:25,20.63,1.59,20.63,3.12,9.52,4.76,57.14,6.35,14.29,15.87,6.35,15.87,14.68,57.14,14.0036926,4042,541,4042,388,40.5,1.07823336,1.33125,4042,426.5,40.5,1.257304,1.33125,4042,204,40.5,0.569972038,1.33125,4042,1249,40.5,4.18405342,1.33125,4042,506,40.5,1.52714074,1.33125,4042,470,40.5,1.36468947,1.33125,71.87501,1.55,1.55,99.80919
09/08/2026 21:13:27,26.98,1.59,9.38,3.17,22.22,4.69,22.22,6.78,11.11,8.93,28.57,11.11,13.06,28.57,13.7527332,2538,491,4042,499.5,40.5,1.349519,1.31875,1752,149.5,18,0.42520082,1.31875,1797,525,18,1.67774713,1.31875,1797,563,18,1.91749966,1.31875,1797,375,18,1.13010168,1.31875,4042,835,40.5,2.6902988,1.31875,71.87501,1.55,1.55,99.8092
09/08/2026 21:13:29,21.88,3.12,4.69,0,0,3.12,3.12,1.56,21.88,40.91,30.65,6.25,11.43,40.91,12.6508894,4001,451,4042,386,40.5,1.10856831,1.34375,3798,98.5,40.5,0.248366,1.34375,4042,81.5,40.5,0.189051732,1.3625,4042,105,40.5,0.2540354,1.3625,4042,1303,40.5,4.613365,1.3625,4042,730.5,40.5,2.38455558,1.3625,72.87501,1.55,1.55,99.80922
09/08/2026 21:13:31,6.15,4.62,13.64,1.49,0,7.58,4.55,26.87,23.08,47.69,17.19,13.85,13.89,47.69,13.6974134,2860,506,1976,244.5,19.8,0.6647152,1.3375,1822,121.5,19.8,0.335786551,1.3375,1235,196.5,12.375,0.5872247,1.3375,4042,655.5,40.5,2.22354364,1.3375,4042,1330,40.5,4.07823753,1.3375,4042,488.5,40.5,1.51294959,1.34375,74.12501,1.55,1.55,99.80916
09/08/2026 21:13:33,7.81,6.35,9.38,3.08,14.71,15.62,26.56,1.56,6.25,8.06,47.62,6.15,12.76,47.62,12.1617956,2892,437,1630,144,18,0.347699851,1.31875,4042,302,40.5,0.8928878,1.31875,1797,375.5,18,1.21669126,1.31875,1797,528,18,1.73287487,1.31875,4042,251.5,40.5,0.780981541,1.31875,4042,1019.5,40.5,3.50153,1.325,73.25001,1.55,1.55,99.8092
09/08/2026 21:13:35,16.92,4.76,58.46,3.12,12.31,6.15,15.38,4.76,23.08,69.23,15.62,15.38,20.43,69.23,18.941906,3294,739,1797,217,18,0.641434133,1.375,1797,1200.5,18,5.6745,1.375,4042,326.5,40.5,1.21707773,1.375,4042,296.5,40.5,1.05836868,1.375,4042,1884,40.5,6.060241,1.375,4042,507,40.5,1.587185,1.375,74.25001,1.55,1.55,99.8092
09/08/2026 21:13:37,21.54,16.92,26.56,20.63,31.15,12.5,26.15,4.84,36.92,43.08,26.15,9.23,22.97,43.08,18.8473225,2345,827,1397,640,14,1.69447494,1.35,1397,937.5,14,2.77545714,1.35,1397,677,14,1.85262752,1.35,1797,658.5,18,2.27321434,1.35,4042,1455.5,40.5,4.72545052,1.35625,4042,591.5,40.5,1.76216984,1.35625,78.50001,1.55,1.55,99.80916
09/08/2026 21:13:39,7.69,1.56,7.69,0,3.12,3.12,23.08,5,9.23,65.15,3.08,13.85,11.88,65.15,12.7254362,1896,434,1194,136,14,0.379424036,1.3375,1148,71,14,0.188839242,1.34375,1397,139.5,14,0.4097225,1.34375,1797,571.5,18,1.98467326,1.34375,4042,1439,40.5,5.12257957,1.34375,1797,250,18,0.678254545,1.34375,77.37501,1.55,1.55,99.80912
09/08/2026 21:13:41,6.25,0,3.17,26.79,1.67,3.12,7.81,0,3.12,61.54,12.5,3.12,10.76,61.54,12.42766,2286,426,1203,91.5,14,0.232856169,1.33125,1397,553,14,1.84069109,1.34375,1397,96,14,0.261705875,1.34375,1636,73,18,0.182281822,1.34375,4042,1359.5,40.5,4.815377,1.34375,4042,383.5,40.5,1.14000213,1.34375,76.12501,1.55,1.55,99.80918
09/08/2026 21:13:43,29.23,15.62,33.85,25,29.23,14.06,21.54,13.64,41.54,20.31,58.46,46.15,29.05,58.46,19.95816,2345,1051,1397,742.5,14,1.76419616,1.325,1397,1231,14,2.82697034,1.325,1397,853.5,14,2.30154371,1.325,1797,585.5,18,1.38016641,1.33125,4042,1115,40.5,2.84561467,1.33125,4042,1778.5,40.5,4.152096,1.33125,76.12501,1.55,1.55,99.8092
09/08/2026 21:13:45,60,26.15,43.08,24.62,61.54,35.38,56.92,49.23,50.77,24.62,56.92,32.31,43.46,61.54,28.09376,3664,1787,4017,1699,40.25,3.72125721,1.325,1797,1514.5,18,3.16678548,1.3375,4042,2051,40.5,4.924431,1.3375,4042,1954,40.5,4.259096,1.3375,4042,1740,40.5,4.12084,1.3375,4042,1762,40.5,4.017946,1.3375,77.12501,1.55,1.55,99.80922
09/08/2026 21:13:47,16.92,1.54,13.85,12.31,26.15,9.23,47.69,42.42,18.46,9.23,55.38,35.38,24.05,55.38,19.3578224,3353,935,4042,310.5,40.5,0.866311848,1.35,4042,453,40.5,1.23198,1.35,4042,675.5,40.5,1.92517078,1.35,1976,1833,19.8,4.546765,1.35,1976,515.5,19.8,1.53153992,1.35,4042,1822,40.5,4.818561,1.35625,80.75,1.55,1.55,99.8092041
09/08/2026 21:13:49,17.46,4.76,4.76,4.76,20.63,1.59,9.52,4.76,19.05,30.65,57.14,47.62,18.56,57.14,17.1942272,2345,781,1397,383.5,14,1.05895853,1.35,1397,244,14,0.6197582,1.35,1397,415,14,1.25645661,1.35,1797,263.5,18,0.709112048,1.35,4042,1093.5,40.5,2.8704524,1.35,4042,2288.5,40.5,5.695679,1.35,80.875,1.55,1.55,99.80913
09/08/2026 21:13:52,37.5,38.46,40.62,39.06,43.75,43.75,35.94,45.31,65.62,60.94,43.75,34.38,44.09,65.62,25.4161243,3992,1568,3992,1365,40,3.04268861,1.34375,3992,1123.5,40,2.439051,1.34375,3992,1571.5,40,3.46126,1.34375,3992,1578,40,3.521382,1.34375,3992,2320,40,4.9995923,1.34375,3992,1448,40,3.14986157,1.34375,82.375,1.55,1.55,99.80917
09/08/2026 21:13:53,31.75,20.63,20.63,14.29,31.75,19.05,31.75,25.4,33.33,25.4,71.43,58.73,32.01,71.43,21.2120953,2920,1156,4042,875,40.5,2.08180642,1.35625,1797,639,18,1.4759419,1.35625,1797,1011.5,18,2.42107654,1.35625,1797,978.5,18,2.29304171,1.36875,4042,949.5,40.5,2.11705327,1.36875,4042,2481.5,40.5,5.960623,1.36875,82.375,1.55,1.55,99.8092041
09/08/2026 21:13:56,21.54,13.64,10.77,4.55,32.31,10.77,38.46,16.92,35.38,36.92,60,50.77,27.67,60,20.7528419,2357,1071,1235,553,12.375,1.43270016,1.325,1235,203,12.375,0.5061636,1.33125,1976,940,19.8,2.37042022,1.33125,1763,1112.5,17.666666,2.87417865,1.33125,3967,1365.5,39.75,3.30655861,1.325,3967,2249.5,39.75,5.46238,1.325,83.375,1.55,1.55,99.80911
09/08/2026 21:13:58,27.69,1.54,12.31,4.62,35.38,12.31,12.31,29.23,21.54,20,80,78.46,27.95,80,21.19146,2920,1086,4042,490.5,40.5,1.437965,1.38125,1797,269,18,0.7717881,1.38125,1797,861,18,2.52200127,1.38125,4042,915,40.5,2.33748269,1.38125,1797,879.5,18,2.134847,1.38125,4042,3100,40.5,7.54993153,1.36875,83.875,1.55,1.55,99.8092
09/08/2026 21:14:00,13.85,6.25,13.85,9.09,21.21,9.23,50.77,40,18.46,17.19,20,32.31,21.02,50.77,17.6810055,2345,832,1397,368.5,14,0.938343942,1.35625,1397,429.5,14,1.06842375,1.35625,1397,487,14,1.28714371,1.35625,4042,1856.5,40.5,4.68842,1.35625,1797,691,18,1.73144007,1.35,4042,1158.5,40.5,2.941271,1.35,84.125,1.55,1.55,99.80919
09/08/2026 21:14:02,21.54,10.61,21.54,15.38,15.38,9.23,24.62,26.15,26.15,23.08,36.92,38.46,22.42,38.46,18.2724361,3281,861,4017,551.5,40.25,1.4216212,1.375,1785,631,17.88889,1.58810234,1.375,1785,534,17.88889,1.38774884,1.375,4017,1010.5,40.25,2.56439948,1.375,4042,921,40.5,2.38283443,1.35625,4042,1518.5,40.5,3.73221,1.35625,84,1.55,1.55,99.80921
09/08/2026 21:14:04,16.92,12.31,9.23,4.62,9.23,12.5,9.23,13.85,38.46,40,44.62,36.92,20.66,44.62,17.554451,2788,807,1397,559.5,14,1.45039845,1.325,1752,322.5,17.5555553,0.856848359,1.29375,3942,362.5,39.5,0.899040043,1.29375,1752,429,17.5555553,1.14973855,1.29375,3942,1571,39.5,3.81009984,1.29375,3942,1599,39.5,3.99799252,1.29375,84.125,1.55,1.55,99.80922
09/08/2026 21:14:06,30.3,18.18,27.27,21.21,7.58,3.03,3.03,3.03,50,40.91,25.76,19.7,20.83,50,17.6173553,3275,820,1797,884,18,2.18233418,1.375,4017,1052.5,40.25,2.720388,1.375,4017,202.5,40.25,0.553366959,1.36875,1785,187.5,17.88889,0.5546406,1.36875,4017,1603.5,40.25,3.908083,1.36875,4017,992.5,40.25,2.58903766,1.36875,83.625,1.55,1.55,99.80917
09/08/2026 21:14:08,18.46,7.69,12.31,1.54,32.31,23.08,6.15,3.08,38.46,36.92,36.92,46.15,21.92,46.15,17.457674,2498,809,1763,462.5,17.666666,1.17234945,1.34375,1763,156,17.666666,0.4216891,1.3125,3967,949,39.75,2.39376116,1.3125,1763,212.5,17.666666,0.6522259,1.3125,3967,1315,39.75,3.21295261,1.3125,1763,1761.5,17.666666,4.337021,1.325,83.25,1.55,1.55,99.80914
09/08/2026 21:14:10,9.38,3.12,18.75,15.62,10.94,6.25,10.94,7.81,32.81,35.94,37.5,40.62,19.14,40.62,17.40489,3668,799,4042,204.5,40.5,0.564768434,1.36875,4042,705.5,40.5,1.75465977,1.36875,1797,395,18,0.982625961,1.36875,4042,345,40.5,0.9412858,1.36875,4042,1402,40.5,3.53266788,1.36875,4042,1743.5,40.5,4.363841,1.36875,83.125,1.55,1.55,99.80921
09/08/2026 21:14:12,26.15,10.77,12.31,3.08,1.54,1.54,13.85,6.15,24.62,21.54,73.85,66.15,21.79,73.85,17.5803719,2901,811,1785,504.5,17.88889,1.24519813,1.33125,1785,303.5,17.88889,0.8051045,1.3375,4017,114,40.25,0.288642377,1.3375,1785,397.5,17.88889,1.02122176,1.3375,4017,873,40.25,2.17758918,1.3375,4017,2676,40.25,6.72446251,1.3375,83.5,1.55,1.55,99.80916
09/08/2026 21:14:14,12.12,1.52,9.09,1.52,1.52,1.47,31.82,31.82,21.21,31.82,51.52,51.52,20.58,51.52,17.2909622,1960,774,1332,171,14,0.459298372,1.35625,1397,188.5,14,0.5213451,1.35625,1397,126,14,0.332586616,1.35625,1797,1214.5,18,3.09232354,1.35,4042,796,40.5,2.09492087,1.35,1797,2150,18,5.57369,1.35,83.625,1.55,1.55,99.80918
09/08/2026 21:14:16,7.69,3.08,15.38,9.23,4.62,6.15,23.08,16.92,26.15,33.85,53.85,44.62,20.38,53.85,17.2662277,2920,800,1797,235.5,18,0.612425148,1.3375,1797,535,18,1.36261332,1.3375,4042,270.5,40.5,0.67699033,1.3375,4042,764.5,40.5,1.95051932,1.35625,1797,1150,18,2.97677445,1.35625,4042,1844.5,40.5,4.605656,1.35625,83.625,1.55,1.55,99.8092041
09/08/2026 21:14:18,21.54,15.62,16.92,3.08,15.38,4.62,10.77,40,24.62,20,33.85,7.69,17.84,40,16.66621,2920,610,1797,466.5,18,1.40575433,1.35625,1797,318,18,1.04836488,1.35625,4042,220,40.5,0.6153639,1.35625,1797,1085.5,18,3.60717988,1.35625,4042,718,40.5,2.26211071,1.35625,4042,850.5,40.5,2.632223,1.35625,82.5,1.55,1.55,99.80919
09/08/2026 21:14:20,25,7.81,20.31,10.94,28.12,0,17.19,15.62,12.5,15.62,21.88,17.19,16.02,28.12,17.3758659,3294,689,1797,683.5,18,1.928916,1.34375,1797,618,18,1.67011929,1.34375,4042,624.5,40.5,1.97732723,1.34375,4042,746.5,40.5,2.07472229,1.34375,4042,699,40.5,2.1406498,1.34375,4042,762.5,40.5,2.18318224,1.34375,81,1.55,1.55,99.8092
09/08/2026 21:14:22,17.19,4.69,21.88,11.11,6.25,3.12,31.25,35.38,21.88,4.69,46.88,26.56,19.24,46.88,18.6928234,2545,798,4042,444.5,40.5,1.16533625,1.35,1797,499,18,1.387869,1.35,1797,178.5,18,0.443335176,1.35,1797,1490.5,18,4.24769449,1.35,1797,564,18,1.64794183,1.35,4042,1610.5,40.5,4.2211957,1.35,80.5,1.55,1.55,99.80918
09/08/2026 21:14:24,23.44,20.31,17.19,6.25,14.06,7.81,14.06,15.62,15.62,21.88,32.81,15.62,17.06,32.81,16.5296116,3294,646,1797,757,18,1.912774,1.3375,1797,340,18,0.9721016,1.3375,4042,396.5,40.5,1.13675237,1.3375,4042,510,40.5,1.6303761,1.3375,4042,806.5,40.5,2.4295125,1.3375,4042,1068.5,40.5,2.99115,1.3375,80.125,1.55,1.55,99.80921
09/08/2026 21:14:26,50.79,50.79,57.14,31.75,47.62,26.98,60.32,55.56,49.21,39.68,47.62,44.44,46.83,60.32,25.96585,2847,1809,1752,2084.5,17.5555553,4.12334061,1.2875,1752,1544.5,17.5555553,2.80457425,1.2875,3942,1725,39.5,3.35177779,1.2875,3942,2133.5,39.5,4.377758,1.2875,3942,1672,39.5,3.41675735,1.2875,1752,1692,17.5555553,3.14484715,1.2875,81.125,1.55,1.55,99.8092041
09/08/2026 21:14:28,17.19,4.69,12.5,3.12,9.38,4.62,32.81,6.15,40.62,38.46,65.62,54.69,24.15,65.62,19.1776028,3273,927,4017,412.5,40.25,1.18166506,1.35,1785,288.5,17.88889,0.7277691,1.35,1785,215.5,17.88889,0.537429035,1.35,4017,764.5,40.25,2.07520056,1.34375,4017,1509,40.25,3.4069953,1.34375,4017,2374,40.25,5.81484652,1.34375,83.25,1.55,1.55,99.8092
09/08/2026 21:14:30,40.62,17.46,40.62,23.08,15.62,6.15,64.06,50,45.31,33.33,35.38,25.4,33.09,64.06,23.0457363,3541,1310,3893,1122,39,2.570727,1.275,1730,1182,17.333334,2.780616,1.275,3893,687.5,39,1.54901528,1.275,3893,2139,39,4.776352,1.275,3918,1470.5,39.25,3.46704459,1.28125,3918,1257,39.25,2.812971,1.28125,84.25,1.55,1.55,99.80914
09/08/2026 21:14:32,32.31,10.77,12.31,9.23,21.54,12.12,44.62,23.08,27.69,18.46,50.77,44.62,25.63,50.77,19.7693367,3967,913,3967,664.5,39.75,1.87639713,1.29375,3967,286,39.75,0.8340158,1.29375,3967,544.5,39.75,1.313222,1.29375,3967,1383,39.75,3.5651927,1.29375,3967,857.5,39.75,2.41748238,1.29375,3967,1741,39.75,4.461124,1.29375,84.125,1.55,1.55,99.80919
09/08/2026 21:14:34,22.22,7.58,14.29,6.35,20.63,4.69,31.75,30.16,44.44,30.16,44.44,34.92,24.3,44.44,19.9867554,3294,1003,1797,624.5,18,1.41069722,1.36875,1797,390,18,0.728657067,1.36875,4042,406,40.5,0.7715705,1.36875,4042,1481,40.5,3.522556,1.36875,4042,1561.5,40.5,4.257267,1.36875,4042,1555,40.5,4.23494673,1.36875,84,1.55,1.55,99.8090744
09/08/2026 21:14:36,26.15,3.08,9.23,1.54,12.31,12.31,76.92,81.54,16.92,33.85,30.77,20,27.05,81.54,20.2762852,3190,1086,1397,453,14,1.21035993,1.3625,1774,293,17.7777786,0.727292538,1.33125,3992,288,40,0.6575605,1.33125,3992,3079.5,40,6.558955,1.33125,3992,1262,40,3.28303528,1.33125,3992,1138.5,40,2.88275075,1.33125,84.25,1.55,1.55,99.8092
09/08/2026 21:14:38,23.44,1.56,7.81,1.56,6.25,1.56,7.81,10.94,28.12,12.5,31.25,65.62,16.54,65.62,17.68298,2465,685,1397,528,14,1.65435767,1.375,1714,134.5,18,0.371930271,1.375,4042,138.5,40.5,0.357374817,1.375,1797,418,18,1.32984793,1.375,4042,999,40.5,2.85347033,1.375,1797,1890.5,18,5.683134,1.375,83.375,1.55,1.55,99.8092346
09/08/2026 21:14:40,21.88,6.15,10.94,4.69,23.44,3.08,12.5,6.25,25,35.94,14.06,10.94,14.57,35.94,16.9560032,3668,649,4042,713.5,40.5,2.135655,1.31875,4042,275,40.5,0.799768,1.31875,4042,591,40.5,1.6818738,1.31875,1797,466.5,18,1.4415406,1.31875,4042,1273,40.5,3.63287377,1.31875,4042,577.5,40.5,1.72359443,1.31875,82.5,1.55,1.55,99.809166
09/08/2026 21:14:42,18.75,4.76,14.06,1.59,18.75,11.11,28.12,23.44,20.31,18.75,21.88,10.94,16.04,28.12,17.4944515,2545,712,1797,418.5,18,1.09110343,1.3,1797,399.5,18,1.04260552,1.3,4042,603,40.5,1.67900908,1.3,1797,1174.5,18,3.42959261,1.3,1797,905.5,18,2.6704545,1.31875,4042,768.5,40.5,2.060111,1.31875,81.5,1.55,1.55,99.80923
09/08/2026 21:14:44,30.16,23.81,11.11,14.75,17.46,4.76,17.46,9.52,30.16,28.57,28.57,39.68,21.34,39.68,16.9828072,3570,743,1235,862,12.375,2.0966928,1.35,4017,337.5,40.25,0.898064733,1.35,4042,302,40.5,0.730722964,1.3625,4042,578.5,40.5,1.4958756,1.3625,4042,1073.5,40.5,2.80787539,1.3625,4042,1302.5,40.5,3.1013267,1.3625,81.375,1.55,1.55,99.80916
09/08/2026 21:14:46,29.69,16.67,35.94,38.46,32.81,12.5,37.5,39.06,32.81,35.94,46.88,43.08,33.44,46.88,23.00863,2920,1306,1797,918,18,1.95486319,1.3375,1797,1227,18,2.788072,1.3375,1797,843.5,18,1.86633849,1.36875,4042,1618,40.5,3.74450183,1.36875,4042,1462.5,40.5,3.4982965,1.36875,4042,1764.5,40.5,4.016731,1.36875,81.875,1.55,1.55,99.80921
09/08/2026 21:14:48,29.23,31.25,35.38,32.31,27.69,18.46,53.85,41.54,52.31,44.62,35.38,26.15,35.68,53.85,22.84287,3273,1301,1785,976.5,17.88889,2.15800643,1.35,4017,1072,40.25,2.40010214,1.35625,4017,804.5,40.25,1.76334155,1.35625,4017,1825.5,40.25,4.33897352,1.35625,4017,1783,40.25,3.9594624,1.35625,1785,1345.5,17.88889,2.98999548,1.35625,83.25,1.55,1.55,99.80918
09/08/2026 21:14:50,46.88,35.94,37.5,28.12,31.25,20.31,51.56,31.25,54.69,48.44,62.5,51.56,41.67,62.5,24.2705021,2901,1396,1785,1141,17.88889,2.49896717,1.35,4017,1158.5,40.25,2.78768945,1.35,1785,834,17.88889,1.83676231,1.35,1785,1459,17.88889,3.204734,1.35,4017,1772,40.25,4.07915735,1.35625,4017,2010.5,40.25,4.50801,1.35625,83.75,1.55,1.55,99.8092041
09/08/2026 21:14:52,12.5,6.25,14.06,0,7.81,4.69,70.31,70.31,40.62,28.12,15.62,25,24.61,70.31,18.82794,2926,970,3893,367,39,0.9121925,1.275,3893,360.5,39,0.913325131,1.2875,1946,220,19.5,0.5794942,1.2875,1946,2754,19.5,6.16503954,1.2875,1959,1382.5,19.625,3.24279642,1.25,3918,734.5,39.25,1.91608155,1.25,84.625,1.55,1.55,99.8092041
09/08/2026 21:14:54,32.81,31.25,12.5,9.38,32.81,26.56,56.25,23.44,21.88,4.69,31.25,25,25.65,56.25,21.45916,3967,1057,3967,1182.5,39.75,2.930115,1.30625,3967,475,39.75,1.30241227,1.30625,3967,1123.5,39.75,2.771122,1.30625,3967,1776,39.75,4.469422,1.30625,3967,665,39.75,1.99012256,1.30625,3967,1121,39.75,2.7183342,1.30625,84.5,1.55,1.55,99.809166
09/08/2026 21:14:56,18.75,9.38,9.38,4.69,4.69,3.12,60.94,43.75,31.25,15.62,54.69,48.44,25.39,60.94,20.3604336,4030,1044,4017,680,40.25,1.72746956,1.35625,4017,367.5,40.25,0.985192239,1.35625,4017,197.5,40.25,0.4581087,1.35625,4042,1995.5,40.5,4.440498,1.3625,4042,1001.5,40.5,2.6440146,1.3625,4042,2022.5,40.5,4.718092,1.3625,84.75,1.55,1.55,99.80917
09/08/2026 21:14:58,23.08,9.23,23.08,1.54,16.92,3.08,16.92,29.23,16.92,4.62,26.15,4.62,14.62,29.23,17.36871,4042,596,4042,591.5,40.5,1.9075917,1.375,4042,343.5,40.5,1.07776654,1.375,4042,470.5,40.5,1.51782727,1.375,4042,951,40.5,3.38508153,1.375,4042,569,40.5,1.8146584,1.375,4042,650,40.5,2.23169971,1.375,83.75,1.55,1.55,99.8092346
09/08/2026 21:15:00,23.81,6.25,12.5,1.54,15.87,1.59,26.98,9.38,17.46,7.94,41.27,28.12,16.06,41.27,17.029089,2014,587,1976,397.5,19.8,1.228441,1.35,1235,207.5,12.375,0.6422866,1.35,1235,248,12.375,0.7839508,1.35,1797,634.5,18,2.21416664,1.35625,1797,623.5,18,2.03292561,1.35625,4042,1408.5,40.5,4.98779345,1.3625,83,1.55,1.55,99.80922
09/08/2026 21:15:02,7.81,11.94,10.94,1.67,17.19,7.94,28.12,1.56,18.75,9.52,54.69,7.81,14.83,54.69,17.1370888,2789,594,1397,488,14,1.52652872,1.34375,1235,200.5,12.375,0.60855794,1.34375,1976,477,19.8,1.52072048,1.34375,4042,591.5,40.5,2.07461429,1.34375,4042,591,40.5,1.93414211,1.34375,4042,1214,40.5,4.28710747,1.34375,81.75,1.55,1.55,99.80912
09/08/2026 21:15:04,15.62,1.56,3.12,0,10.94,1.56,26.56,10.94,21.88,17.74,59.38,3.12,14.37,59.38,17.16654,4042,586,4042,271.5,40.5,0.823032856,1.3625,4042,183,40.5,0.5414954,1.36875,4042,203,40.5,0.580095768,1.36875,4042,741,40.5,2.70360923,1.36875,4042,764.5,40.5,2.52917838,1.36875,4042,1353.5,40.5,4.772913,1.36875,81.625,1.55,1.55,99.80918
09/08/2026 21:15:06,15.38,4.62,10.77,0,3.08,10.29,29.23,15.38,16.92,7.69,47.69,10.77,14.32,47.69,17.3641663,3656,616,3992,362,40,1.0124352,1.3375,1774,162,17.7777786,0.467414916,1.3375,4042,380,40.5,1.25312221,1.33125,4042,738,40.5,2.57659984,1.375,4042,762.5,40.5,2.37035751,1.375,4042,1292,40.5,4.27187967,1.375,81.5,1.55,1.55,99.80921
09/08/2026 21:15:08,13.85,3.08,10.77,1.56,20,1.56,18.46,0,24.62,18.46,61.54,12.31,15.52,61.54,16.80687,2856,612,1976,326,19.8,0.945464432,1.35,1235,191,12.375,0.5688467,1.35,4042,386.5,40.5,1.27349067,1.34375,1797,411,18,1.38462949,1.34375,4042,945.5,40.5,2.73834252,1.34375,4042,1412,40.5,4.79667234,1.34375,81.625,1.55,1.55,99.80916
09/08/2026 21:15:10,14.06,0,9.38,7.81,12.5,1.56,37.5,4.69,10.94,21.88,39.06,14.06,14.45,39.06,17.5279884,3294,601,1797,348.5,18,1.10369992,1.34375,4042,278,40.5,0.8840698,1.34375,1797,223.5,18,0.6208262,1.34375,4042,841,40.5,2.98425055,1.34375,4042,858,40.5,2.93412685,1.34375,4042,1055.5,40.5,3.616731,1.34375,81.375,1.55,1.55,99.8092041
09/08/2026 21:15:12,20,1.56,9.23,0,17.19,0,21.54,1.54,20,6.15,61.54,4.69,13.62,61.54,16.8447571,2720,577,1397,494,14,1.605455,1.35625,1397,166.5,14,0.524024069,1.35625,1397,268.5,14,0.8422907,1.3625,4042,585.5,40.5,2.02250123,1.3625,4042,544,40.5,1.74230516,1.3625,4042,1404,40.5,4.976523,1.3625,80.375,1.55,1.55,99.80917
09/08/2026 21:15:14,26.56,1.61,12.7,3.17,15.87,1.64,10.94,4.69,25,45.9,26.56,14.06,15.73,45.9,17.0237789,2920,575,4042,393.5,40.5,1.26498389,1.35625,1797,218,18,0.6487777,1.35625,1797,364,18,1.1684314,1.35625,4042,351.5,40.5,1.229336,1.35625,1797,1271.5,18,4.32719755,1.35625,4042,850.5,40.5,2.91764617,1.35625,80.375,1.55,1.55,99.8092041
09/08/2026 21:15:16,16.92,0,12.31,3.03,15.38,3.03,36.92,13.85,33.85,4.69,49.23,7.69,16.41,49.23,17.795351,3668,641,4042,294,40.5,0.830239952,1.34375,1797,243.5,18,0.7294688,1.34375,4042,377,40.5,1.17598712,1.34375,4042,931,40.5,3.233567,1.35,4042,802.5,40.5,2.61609578,1.35,4042,1199.5,40.5,3.93165779,1.35,80.125,1.55,1.55,99.8092
09/08/2026 21:15:18,10.77,7.69,20,9.23,15.38,3.03,21.54,4.48,23.08,18.46,35.38,32.31,16.78,35.38,17.19748,3290,618,1797,319.5,18,0.921621263,1.35625,4017,491,40.25,1.61109829,1.35625,4042,268,40.5,0.75743854,1.35,4042,460.5,40.5,1.43394876,1.35,4042,817.5,40.5,2.68461418,1.35,1797,1354,18,4.45136642,1.35,79.75,1.55,1.55,99.80918
09/08/2026 21:15:20,12.5,6.25,4.69,3.12,4.69,3.12,20.31,21.88,12.5,3.12,65.62,28.79,15.55,65.62,17.4271221,3645,667,1785,278,17.88889,0.779899,1.3375,4017,201.5,40.25,0.557563663,1.3375,4017,145,40.25,0.3855566,1.3375,4017,825.5,40.25,2.689077,1.3375,4017,536.5,40.25,1.62105536,1.3375,4017,2015.5,40.25,6.23557425,1.35625,80.25,1.55,1.55,99.80918
09/08/2026 21:15:22,9.23,0,21.54,3.08,13.64,0,21.54,1.54,15.38,3.03,66.15,4.62,13.31,66.15,16.657938,3654,574,1715,147.5,18,0.4016701,1.3375,4042,478,40.5,1.5613482,1.35,4042,406.5,40.5,1.334485,1.35,4042,455.5,40.5,1.51949131,1.35625,4042,509.5,40.5,1.54503524,1.35625,4042,1448.5,40.5,5.05128336,1.35625,79.625,1.55,1.55,99.80923
09/08/2026 21:15:24,23.08,3.08,10.77,0,6.15,3.12,49.23,27.69,24.62,4.55,20,9.23,15.13,49.23,17.152916,3668,647,4042,573,40.5,1.784043,1.35625,1797,209,18,0.629474461,1.35625,4042,149,40.5,0.3921531,1.35625,4042,1644,40.5,5.006544,1.35625,4042,578,40.5,1.79929113,1.35625,4042,730,40.5,2.33828115,1.35625,80.625,1.55,1.55,99.80917
09/08/2026 21:15:26,23.44,1.52,12.5,6.15,17.19,3.08,18.75,3.12,25,14.06,29.69,32.81,15.61,32.81,16.7114124,2856,602,1976,399,19.8,1.22760427,1.35625,1235,347,12.375,1.0341152,1.35625,4042,457.5,40.5,1.4289254,1.3625,4042,490,40.5,1.48380458,1.3625,4042,632,40.5,1.99988294,1.3625,1797,1289.5,18,4.284362,1.3625,80.375,1.55,1.55,99.80923
09/08/2026 21:15:28,26.56,4.76,25,3.08,9.38,0,31.25,1.56,25,3.08,23.44,31.25,15.36,31.25,17.35559,2920,654,4042,671.5,40.5,2.154497,1.36875,1797,522,18,1.57358849,1.36875,1797,175,18,0.4794675,1.375,4042,775,40.5,2.4621613,1.375,4042,660,40.5,2.09434724,1.375,1797,1119.5,18,3.37128186,1.375,79.75,1.55,1.55,99.80923
09/08/2026 21:15:30,10.77,1.54,9.23,1.54,10.77,3.08,61.54,50.77,18.46,1.52,49.23,55.38,22.82,61.54,19.6530437,3294,930,4042,244.5,40.5,0.6629654,1.35,4042,241,40.5,0.709171236,1.35,4042,355,40.5,0.984074,1.35,1797,2120,18,5.197717,1.35,1797,380.5,18,1.077137,1.35,4042,2240,40.5,5.96927357,1.35,82.25,1.55,1.55,99.8092
09/08/2026 21:15:32,21.88,0,17.46,6.15,11.11,3.12,37.5,4.69,25,3.12,48.44,15.62,16.18,48.44,17.27946,2888,650,1752,446,17.5555553,1.43328512,1.3125,1752,441,17.5555553,1.21872318,1.3125,3942,220.5,39.5,0.618907154,1.3125,3942,878.5,39.5,2.81818676,1.3125,1971,593,19.75,1.782643,1.3125,3967,1323.5,39.75,4.17778873,1.30625,81,1.55,1.55,99.80918
09/08/2026 21:15:34,16.92,0,6.15,6.15,4.69,3.08,40,7.69,27.69,6.15,64.62,21.21,17.03,64.62,17.1526489,2345,673,1397,205,14,0.581863642,1.375,1397,268.5,14,0.750930965,1.375,1397,177.5,14,0.490381837,1.375,4042,1032.5,40.5,3.122096,1.36875,1797,567,18,1.75004351,1.36875,4042,1788,40.5,5.30417967,1.36875,82.125,1.55,1.55,99.80917
09/08/2026 21:15:36,15.38,0,4.62,6.06,13.64,0,47.69,41.54,18.46,1.49,39.06,33.85,18.48,47.69,16.95282,1955,712,1397,268.5,14,0.8057551,1.3375,1323,240.5,14,0.758143,1.3375,1397,252,14,0.7699184,1.3375,4017,1642,40.25,4.54526663,1.3375,1797,329.5,18,0.886836946,1.35625,1797,1536.5,18,4.200693,1.35625,83,1.55,1.55,99.80922
09/08/2026 21:15:38,15.38,11.94,9.23,3.12,9.23,12.31,21.54,4.62,32.31,18.46,73.85,49.23,21.77,73.85,16.3516941,1988,695,1235,301,12.375,0.824885,1.26875,1150,136,12.375,0.374923557,1.275,1976,222.5,19.8,0.643598258,1.275,1730,319,17.333334,0.9804805,1.275,3893,871,39,2.17049313,1.275,1946,2319,19.5,6.01953459,1.275,83.125,1.55,1.55,99.80922
09/08/2026 21:15:40,18.46,6.15,7.69,1.54,21.54,21.54,32.31,20,10.77,7.69,35.38,27.69,17.56,35.38,16.3412781,2504,723,1976,416.5,19.8,1.19832349,1.35,1935,152,19.8,0.3842959,1.35,1235,862.5,12.375,2.062897,1.35,4042,1021,40.5,2.51837087,1.36875,4042,469,40.5,1.33224368,1.3625,1797,1416,18,3.69651175,1.3625,83,1.55,1.55,99.809166
09/08/2026 21:15:42,17.46,1.59,9.52,1.56,11.11,0,22.22,20.31,28.57,9.52,46.03,74.6,20.21,74.6,16.6275024,2450,726,3967,217,39.75,0.5835086,1.31875,1477,114.5,17.666666,0.3185831,1.31875,1763,131.5,17.666666,0.335729152,1.31875,3967,754,39.75,1.87159956,1.31875,1763,721,17.666666,1.8717376,1.31875,1763,2417.5,17.666666,6.308141,1.31875,83.625,1.55,1.55,99.80921
09/08/2026 21:15:44,6.25,3.08,12.5,6.06,7.81,15.62,32.81,28.12,26.56,18.75,40.62,25,18.6,40.62,16.920578,4038,738,4017,281.5,40.25,0.7664398,1.3375,4042,279,40.5,0.7671878,1.3375,4042,500.5,40.5,1.52936876,1.3375,4042,1276,40.5,3.23892927,1.3375,4042,824,40.5,2.12182379,1.3375,4042,1269.5,40.5,3.65229154,1.3375,83.5,1.55,1.55,99.8092
09/08/2026 21:15:46,10.94,0,6.25,1.56,0,4.69,25,14.06,20.31,1.56,75,79.69,19.92,79.69,17.6358261,2831,782,1581,136,17.88889,0.3615853,1.3625,1568,114.5,17.88889,0.3228026,1.3625,4017,131,40.25,0.345718235,1.3625,1785,810,17.88889,2.02797461,1.3625,4017,390.5,40.25,1.21594453,1.3625,4017,3110.5,40.25,7.71279669,1.3625,83.875,1.55,1.55,99.8092
09/08/2026 21:15:48,15.62,6.25,46.88,45.16,10.94,7.69,20.31,4.62,12.5,26.98,4.76,3.12,17.07,46.88,16.78782,2038,699,1797,415,18,1.13056743,1.35625,1797,1836.5,18,4.64173126,1.35625,4042,441,40.5,1.17434359,1.35625,1397,513.5,14,1.56611681,1.35625,1397,768,14,2.4673717,1.35625,1797,221,18,0.638507545,1.35625,83.25,1.55,1.55,99.80917
09/08/2026 21:15:50,23.44,14.29,14.06,3.03,14.06,4.76,31.25,20.31,9.38,27.69,40.62,28.12,19.25,40.62,17.1177025,2415,730,1397,574.5,14,1.47434163,1.375,1235,257.5,12.375,0.7684591,1.375,1976,315,19.8,0.82590574,1.3625,4042,1102,40.5,2.782847,1.3625,1797,797.5,18,2.68562126,1.3625,4042,1336.5,40.5,3.47777987,1.3625,83.25,1.55,1.55,99.80919
09/08/2026 21:15:52,34.38,31.75,25,24.62,4.84,4.76,34.38,23.44,12.5,4.84,15.62,14.06,19.18,34.38,16.150444,1947,748,1397,1220,14,3.07004786,1.35625,1397,1008.5,14,2.43511319,1.31875,1397,122.5,14,0.2809834,1.31875,1763,1206.5,17.666666,2.94555354,1.31875,1763,332.5,17.666666,1.06409574,1.31875,3967,600,39.75,1.41266489,1.31875,83.125,1.55,1.55,99.80913
09/08/2026 21:15:54,14.06,0,12.5,0,23.81,20,23.44,19.05,20.31,9.38,60.94,39.06,20.21,60.94,17.0624714,2008,752,1397,222,14,0.6361573,1.325,1088,119,12.375,0.304361582,1.31875,1976,759,19.8,1.96900392,1.31875,1785,792.5,17.88889,1.89029646,1.31875,1785,621.5,17.88889,1.97394359,1.31875,4017,2001,40.25,5.27065,1.31875,83.75,1.55,1.55,99.80919
09/08/2026 21:15:56,9.52,3.17,6.35,1.56,4.76,9.38,47.62,23.81,53.97,41.27,17.46,25.4,20.36,53.97,16.8077087,2819,779,1779,190.5,19.8,0.523525238,1.3625,1108,137.5,12.375,0.357500553,1.3625,1976,255.5,19.8,0.7331014,1.3625,4017,1361,40.25,3.67722678,1.3625,4017,1974,40.25,4.47262669,1.3625,4017,755.5,40.25,2.16910529,1.3625,84.25,1.55,1.55,99.80911
09/08/2026 21:15:58,24.62,27.69,10.77,15.38,1.54,4.62,50.77,52.31,23.08,18.46,3.08,15.38,20.64,52.31,17.257803,2847,808,1752,1089.5,17.5555553,2.71177936,1.3125,1752,425.5,17.5555553,1.18476641,1.3125,3942,148,39.5,0.349212885,1.3125,1752,2013,17.5555553,4.694251,1.3125,3942,854,39.5,1.978687,1.3125,3942,317.5,39.5,1.01992357,1.3125,83.875,1.55,1.55,99.809166
09/08/2026 21:16:00,15.62,0,4.69,4.84,3.03,3.08,6.25,1.52,40.62,42.19,52.31,53.12,18.94,53.12,16.3161011,2032,758,1397,301,14,0.8671634,1.33125,1234,195,12.375,0.5241569,1.3375,1976,140.5,19.8,0.350926578,1.3375,1785,129,17.88889,0.298865139,1.3375,1785,1748.5,17.88889,4.103711,1.3375,4017,2034,40.25,4.81133175,1.3375,84.5,1.55,1.55,99.8092041
09/08/2026 21:16:02,12.7,0,39.68,29.03,1.59,1.56,11.11,1.61,47.62,33.33,28.57,31.75,19.88,47.62,16.6260948,3151,775,1385,176.5,14,0.467738539,1.2875,1752,1295.5,17.5555553,3.14612675,1.31875,3942,125,39.5,0.2999736,1.31875,3942,208,39.5,0.617397,1.31875,3942,1594,39.5,3.7343688,1.31875,3942,1253,39.5,3.150747,1.31875,84.25,1.55,1.55,99.8092
09/08/2026 21:16:04,14.29,6.35,19.05,15.62,19.05,12.31,15.87,11.11,60.32,42.86,58.73,41.27,26.4,60.32,17.7457981,2303,960,1397,360,14,0.6268431,1.275,1397,543.5,14,1.04362571,1.275,1397,452,14,0.9557492,1.275,1741,374.5,17.4444447,0.6780429,1.275,3942,2043,39.5,4.574287,1.28125,3942,1988,39.5,4.89209843,1.28125,84.25,1.55,1.55,99.80915
09/08/2026 21:16:06,11.11,0,7.94,7.94,4.76,4.76,14.29,11.29,4.76,9.52,80.95,79.37,19.72,80.95,17.0281353,3557,776,3781,163,40,0.414066553,1.33125,3811,278.5,40,0.903426349,1.33125,1774,165.5,17.7777786,0.440177053,1.33125,3992,535.5,40,1.30842435,1.33125,3992,333,40,0.921547949,1.33125,3992,3179,40,7.679124,1.33125,84,1.55,1.55,99.8092041
09/08/2026 21:16:08,10.94,3.12,4.69,4.62,0,4.69,54.69,43.75,9.38,4.69,51.56,50,20.18,54.69,16.0922985,3140,754,1439,117.5,18,0.304986775,1.34375,3475,95.5,40.5,0.244474128,1.34375,1797,130,18,0.34716922,1.34375,4042,1895,40.5,4.52485752,1.34375,4042,203.5,40.5,0.496679157,1.34375,4042,2080.5,40.5,4.94859934,1.34375,84.375,1.55,1.55,99.809166
09/08/2026 21:16:10,54.55,21.21,50,30.3,48.48,24.24,74.24,62.12,45.45,28.79,46.97,40.91,43.94,74.24,26.0157032,3830,1772,3868,1465,38.75,2.76092315,1.275,3868,1517.5,38.75,3.01464581,1.275,3843,1420.5,38.5,2.83718514,1.275,3843,2737.5,38.5,5.71601725,1.25,3843,1652.5,38.5,3.161511,1.25,3718,1839,37.25,3.85214067,1.3125,83.875,1.55,1.55,99.809166
09/08/2026 21:16:12,17.19,7.94,7.81,3.17,6.35,7.81,18.75,1.56,71.88,78.12,20.31,35.94,23.07,78.12,16.4550858,2345,820,1397,328,14,0.7965154,1.3625,1397,137.5,14,0.344950944,1.3625,1397,203,14,0.5405445,1.3625,1797,259.5,18,0.870124,1.375,4042,3112.5,40.5,6.86334,1.375,4042,881,40.5,1.85484064,1.375,84.375,1.55,1.55,99.80922
09/08/2026 21:16:14,7.81,1.56,7.81,0,3.12,4.69,46.88,4.69,34.38,10.94,50,85.94,21.48,85.94,17.67003,2285,843,1221,158.5,14,0.41057685,1.35625,1209,111.5,14,0.2999631,1.35625,1397,143.5,14,0.343153149,1.35625,1797,1051.5,18,2.25037575,1.35625,4042,881.5,40.5,2.4694066,1.35625,4042,2709.5,40.5,6.924545,1.35625,83.875,1.55,1.55,99.80923
09/08/2026 21:16:16,17.19,4.76,7.81,3.17,6.25,4.76,51.56,29.69,17.19,25,57.81,48.44,22.8,57.81,17.4273586,3227,865,1397,337,14,0.930560768,1.3625,1797,161,18,0.340298027,1.36875,4042,230,40.5,0.5734097,1.36875,4042,1650,40.5,3.60782313,1.36875,4042,731,40.5,2.279382,1.36875,4042,2082.5,40.5,4.693393,1.36875,83.25,1.55,1.55,99.80915
09/08/2026 21:16:18,4.62,0,6.15,1.54,21.54,27.69,32.31,12.31,10.77,1.54,58.46,69.23,20.51,69.23,16.5703983,2892,810,1761,160,18,0.403703481,1.36875,3914,152.5,40.5,0.395285577,1.39375,1797,979,18,2.06716466,1.39375,4042,880.5,40.5,2.47051382,1.39375,1797,189.5,18,0.430423,1.39375,4042,2497,40.5,5.247746,1.38125,83.125,1.55,1.55,99.80919
09/08/2026 21:16:20,34.38,31.25,9.38,6.25,9.38,7.81,17.19,6.25,34.38,39.06,32.81,31.25,21.61,39.06,17.42585,3558,830,4042,1297.5,40.5,3.04484367,1.35,1235,239,12.375,0.60220927,1.375,4017,390.5,40.25,1.17608011,1.3625,4017,448,40.25,1.23125756,1.3625,4017,1382.5,40.25,3.54523444,1.3625,4017,1220,40.25,3.06248569,1.3625,83.25,1.55,1.55,99.80917
09/08/2026 21:16:22,10.94,1.56,6.25,0,7.81,4.69,18.75,1.56,25,43.75,67.19,60.94,20.7,67.19,16.9501171,3194,780,1787,188.5,18,0.503232,1.35625,3457,100.5,40.5,0.262229264,1.3625,1797,109,18,0.258618265,1.3625,4042,349.5,40.5,1.083239,1.3625,4042,1349,40.5,3.48191857,1.3625,4042,2586,40.5,6.6287055,1.3625,84.125,1.55,1.55,99.80916
09/08/2026 21:16:24,20,3.08,9.23,6.15,6.15,15.38,26.15,13.85,12.31,4.62,56.92,87.69,21.79,87.69,18.4976368,3972,829,4017,441,40.25,1.36215186,1.3375,3724,185,40.25,0.480439752,1.35,4017,380,40.25,1.10714972,1.35,4017,663,40.25,2.0919838,1.35,4017,295,40.25,0.7031136,1.35,4042,3011,40.5,8.243671,1.35,84.125,1.55,1.55,99.8092346
09/08/2026 21:16:26,12.31,3.17,6.15,4.69,9.52,1.56,18.46,21.88,7.69,18.46,60,72.31,19.68,72.31,17.9325,2308,782,1397,350.5,14,1.06612837,1.3625,1235,194.5,14,0.54309696,1.3625,1397,212,14,0.622814834,1.3625,1785,745.5,17.88889,2.20041585,1.3625,4017,544.5,40.25,1.80235529,1.3625,4017,2647.5,40.25,6.82994556,1.3625,84,1.55,1.55,99.8092041
09/08/2026 21:16:28,18.75,6.15,6.15,1.56,10.77,6.15,26.15,9.23,33.85,59.38,45.31,23.44,20.57,59.38,17.447752,3844,778,3942,453.5,39.5,1.28975487,1.31875,3380,128.5,39.5,0.32403183,1.31875,3942,334.5,39.5,0.876232743,1.31875,3942,696.5,39.5,1.92417812,1.31875,3918,1738,39.25,4.881181,1.31875,3942,1314,39.5,3.71134043,1.3125,84.375,1.55,1.55,99.80917
09/08/2026 21:16:30,9.52,1.59,9.38,0,4.76,3.12,98.41,75,7.94,3.17,12.7,20.31,20.49,98.41,16.8922749,2733,786,1326,190,14,0.496906,1.36875,1269,115.5,14,0.293850273,1.36875,1677,183,16.8,0.4749381,1.36875,4042,3457.5,40.5,8.320366,1.36875,4042,292.5,40.5,0.8034301,1.36875,4042,478,40.5,1.39413226,1.36875,84.75,1.55,1.55,99.80913
09/08/2026 21:16:32,24.62,10.77,18.46,0,3.08,10.45,26.15,9.23,16.92,13.85,69.23,76.92,23.31,76.92,18.6094742,2529,921,1785,547.5,17.88889,1.30007386,1.3375,1785,348,17.88889,0.80279547,1.3375,4017,294,40.25,0.639993668,1.3375,1785,634,17.88889,1.50230157,1.3375,1785,712.5,17.88889,1.81509829,1.3375,4017,2988,40.25,7.359464,1.3375,84.625,1.55,1.55,99.80918
09/08/2026 21:16:34,18.75,14.29,9.38,7.46,34.38,39.06,12.5,11.29,12.5,3.12,43.75,51.56,21.5,51.56,17.8348,2772,832,1397,627,14,1.58519816,1.3375,1397,285,14,0.81369853,1.3375,1785,1509.5,17.88889,3.67686343,1.35,4017,398,40.25,1.17273927,1.35,4017,250,40.25,0.5843341,1.35,4017,1924.5,40.25,4.648162,1.35,84.125,1.55,1.55,99.80916
09/08/2026 21:16:36,34.92,12.7,14.29,8.06,19.35,9.52,22.22,17.46,12.7,1.59,60.32,66.67,23.32,66.67,18.7754745,1961,916,1397,877.5,14,2.2486062,1.325,1397,341.5,14,0.9253419,1.325,1397,550,14,1.52940273,1.325,1774,733,17.7777786,1.79687726,1.325,1785,453,17.88889,1.13838041,1.325,4017,2539.5,40.25,5.96417141,1.325,84.125,1.55,1.55,99.80922
09/08/2026 21:16:38,15.15,6.06,7.58,4.55,4.55,13.64,33.33,24.24,13.64,10.61,72.73,77.27,23.61,77.27,19.15369,3626,901,4017,439,40.25,1.17286193,1.34375,1672,118.5,17.88889,0.294749618,1.35625,4017,312,40.25,0.796192467,1.35625,4017,1132.5,40.25,2.949205,1.35625,4017,443,40.25,1.24883735,1.35625,4017,2961,40.25,7.180432,1.35625,84.25,1.55,1.55,99.80917
09/08/2026 21:16:40,26.56,14.06,7.81,1.59,12.5,3.12,14.06,18.75,32.81,28.12,56.25,59.38,22.92,59.38,18.5883217,2907,892,4017,784,40.25,2.05744672,1.35625,1785,142.5,17.88889,0.374329448,1.35625,1785,309,17.88889,0.806229949,1.35625,4017,615.5,40.25,1.6143626,1.35625,1797,1234,18,2.92217875,1.34375,4042,2265.5,40.5,5.531367,1.34375,84.25,1.55,1.55,99.80917
09/08/2026 21:16:42,23.81,4.76,20.63,12.7,7.94,9.52,12.7,7.94,12.7,9.52,85.71,84.13,24.34,85.71,18.9292946,2856,911,1976,437,19.8,1.24237919,1.35625,1235,637,12.375,1.60900939,1.35625,1797,225.5,18,0.513718,1.3625,4042,444,40.5,1.1078589,1.3625,4042,337,40.5,0.7906789,1.3625,4042,3387.5,40.5,8.000086,1.3625,84.5,1.55,1.55,99.80917
09/08/2026 21:16:44,23.08,7.69,18.46,9.38,9.23,15.38,15.38,4.62,47.69,47.69,41.54,53.85,24.5,53.85,18.0543747,3668,878,4042,589.5,40.5,1.538225,1.3625,1797,386.5,18,1.017026,1.3625,4042,358,40.5,0.9026256,1.3625,4042,348,40.5,0.874107659,1.3625,4042,1843,40.5,4.076014,1.3625,4042,1743.5,40.5,4.18453026,1.3625,84.375,1.55,1.55,99.80918
09/08/2026 21:16:46,30.77,3.08,36.92,35.38,9.23,4.62,27.69,32.31,32.31,24.62,30.77,35.38,25.26,36.92,20.2131367,3273,972,1785,555.5,17.88889,1.50916445,1.35625,1785,1374.5,17.88889,3.2400105,1.35625,4017,365.5,40.25,0.9505305,1.35625,4017,1208.5,40.25,3.1506393,1.35625,4017,992,40.25,2.32691574,1.35625,4017,1334,40.25,3.40166616,1.35625,84,1.55,1.55,99.80916
09/08/2026 21:16:48,14.06,3.12,15.62,6.25,15.62,14.06,34.38,4.84,40.62,23.44,67.19,57.81,24.75,67.19,19.6086235,2917,908,1976,352,19.8,1.02467048,1.35,1774,304.5,17.7777786,0.8396424,1.33125,1774,438,17.7777786,1.0597719,1.33125,3992,640,40,1.72245741,1.33125,3992,1277.5,40,3.7056582,1.33125,3992,2435.5,40,6.099381,1.33125,83.875,1.55,1.55,99.80923
09/08/2026 21:16:50,31.25,39.06,21.88,7.81,32.81,14.06,29.69,17.19,25,14.06,40.62,42.19,26.3,42.19,21.6538486,3668,1057,4042,1487,40.5,3.78984475,1.375,4042,589.5,40.5,1.503782,1.375,1797,922.5,18,2.34446454,1.375,4042,874.5,40.5,2.12777185,1.375,4042,672.5,40.5,1.67122424,1.375,4042,1794.5,40.5,4.75170946,1.375,83.75,1.55,1.55,99.80922
09/08/2026 21:16:52,29.23,18.46,38.46,6.25,21.54,15.38,52.31,26.15,46.15,24.62,38.46,55.38,31.03,55.38,23.6943531,3294,1178,1797,1071,18,3.11549854,1.3625,1797,723.5,18,2.43554449,1.3625,4042,689.5,40.5,1.8684994,1.3625,4042,1336.5,40.5,3.94473743,1.3625,4042,1370,40.5,3.65681481,1.3625,4042,1876.5,40.5,5.28235245,1.3625,83.875,1.55,1.55,99.80917
09/08/2026 21:16:54,25,14.06,31.25,31.25,14.06,7.81,28.12,23.44,15.62,9.38,25,45.31,22.53,45.31,19.6815968,3645,927,4017,815,40.25,2.06107783,1.34375,1785,1394.5,17.88889,3.4456706,1.34375,4017,436,40.25,1.15487862,1.34375,4017,1078.5,40.25,2.706391,1.34375,4017,513.5,40.25,1.22184074,1.34375,4017,1326.5,40.25,3.12022185,1.34375,83.5,1.55,1.55,99.80921
09/08/2026 21:16:57,18.18,6.06,9.09,6.06,24.62,23.08,22.73,18.18,30.3,43.94,40.91,39.39,23.55,43.94,18.6345215,3294,902,4042,506.5,40.5,1.45780575,1.35625,4042,221,40.5,0.570411265,1.35625,1797,948,18,2.11175632,1.35625,4042,722,40.5,1.728903,1.35625,1797,1491,18,3.61128044,1.35625,4042,1525.5,40.5,3.55523777,1.35625,83.875,1.55,1.55,99.80917
09/08/2026 21:16:59,35.38,23.08,18.46,26.15,4.62,13.85,12.31,15.38,40,38.46,13.85,21.54,21.92,40,18.6819839,3294,895,4042,1287.5,40.5,2.99836135,1.36875,1797,977,18,2.22562313,1.36875,1797,262.5,18,0.624176264,1.36875,4042,627,40.5,1.470039,1.36875,4042,1493,40.5,3.659104,1.36875,4042,722.5,40.5,1.79618013,1.36875,83.75,1.55,1.55,99.80919
09/08/2026 21:17:01,39.39,15.15,28.79,27.27,31.82,24.62,25.76,19.7,65.15,51.52,24.24,39.39,32.73,65.15,22.99063,2902,1371,3918,1121,39.25,2.38997674,1.29375,3918,1155,39.25,2.637379,1.2875,1959,1143,19.625,2.51775932,1.2875,1741,1033.5,17.4444447,2.21116042,1.2875,3918,2359.5,39.25,4.745581,1.2875,1959,1416.5,19.625,3.05392981,1.2875,83.875,1.55,1.55,99.80919
09/08/2026 21:17:03,20.31,18.75,6.25,1.56,4.69,18.75,21.88,20.31,21.88,34.38,62.5,54.69,23.83,62.5,19.174057,2747,896,1235,752.5,12.375,1.93858325,1.35,1147,117,12.375,0.2981807,1.35,1976,325.5,19.8,0.8629139,1.35,4042,778.5,40.5,1.925141,1.35625,4042,1089,40.5,3.08363152,1.35625,4042,2314.5,40.5,5.537836,1.35625,84,1.55,1.55,99.80916
09/08/2026 21:17:05,47.62,17.46,26.98,25.81,11.11,15.87,38.1,38.1,31.75,26.98,46.03,50.79,31.38,50.79,23.94695,3641,1166,4017,1128,40.25,3.04507613,1.35625,1785,935,17.88889,2.42893767,1.34375,4017,518,40.25,1.19452965,1.34375,4017,1425,40.25,3.81251144,1.34375,4017,1097.5,40.25,3.086746,1.34375,3992,1894.5,40,5.56102753,1.33125,83.5,1.55,1.55,99.80921
09/08/2026 21:17:07,55.38,24.62,58.46,20,41.54,15.38,36.92,27.69,49.23,18.46,56.92,43.08,37.31,58.46,26.96875,3872,1501,3868,1613,38.75,3.861843,1.3125,3868,1533.5,38.75,4.526882,1.3125,3868,1229,38.75,3.50550985,1.3125,3868,1357.5,38.75,3.28441048,1.3125,3868,1390.5,38.75,3.26030612,1.3125,3893,1883,39,4.299216,1.3125,82.875,1.55,1.55,99.80916
09/08/2026 21:17:09,17.19,1.56,20.31,10.94,15.62,15.62,15.62,3.08,23.44,21.88,46.03,48.44,19.98,48.44,17.8494225,2920,800,4042,376.5,40.5,1.0379343,1.35625,1797,651,18,1.62611747,1.35625,4042,532.5,40.5,1.22046781,1.35625,1797,313.5,18,0.780455768,1.35625,1797,1046,18,2.708115,1.35625,4042,1880,40.5,4.344428,1.35625,82.75,1.55,1.55,99.8092041
09/08/2026 21:17:11,20,3.08,23.08,27.27,33.85,26.15,27.69,15.38,35.38,20.31,24.62,32.31,24.09,35.38,18.9855881,2137,931,1797,453.5,18,1.25389624,1.35625,1797,909,18,2.24772382,1.36875,4042,1230.5,40.5,2.69174361,1.36875,1976,905,19.8,2.28521824,1.375,1235,936.5,12.375,2.067262,1.375,1976,1149,19.8,2.56793833,1.375,83.625,1.55,1.55,99.809166
09/08/2026 21:17:13,18.75,0,28.12,12.5,26.56,20.31,21.88,14.06,25,14.06,42.19,51.56,22.92,51.56,18.58407,4017,895,4017,356.5,40.25,1.05274868,1.35,4017,697.5,40.25,1.52891529,1.35,4017,940.5,40.25,2.44015431,1.34375,4017,722.5,40.25,1.695909,1.34375,4017,708.5,40.25,1.76906013,1.34375,4017,1947,40.25,4.566548,1.34375,83.375,1.55,1.55,99.80918
09/08/2026 21:17:15,23.08,27.69,27.69,26.15,13.85,1.54,12.31,4.62,61.54,44.62,4.62,18.46,22.18,61.54,17.8400478,3294,890,4042,1055,40.5,2.47930121,1.3625,1797,1084,18,2.37922478,1.3625,1797,299,18,0.6832666,1.3625,4042,330.5,40.5,0.7475072,1.3625,4042,2119,40.5,4.78324032,1.3625,4042,453.5,40.5,1.09436727,1.3625,83.875,1.55,1.55,99.809166
09/08/2026 21:17:17,21.54,20,10.77,4.62,10.77,3.08,29.23,27.69,40,46.97,16.92,40,22.63,46.97,18.4545841,3264,882,4042,961,40.5,2.27394223,1.35625,1618,164.5,18,0.4049453,1.35625,1797,250,18,0.5536662,1.35625,4042,1094,40.5,2.67445779,1.35625,4042,1643,40.5,4.078768,1.35625,4042,1179,40.5,3.1011405,1.36875,84,1.55,1.55,99.8092041
09/08/2026 21:17:19,32.81,9.38,46.88,9.38,26.56,26.56,51.56,43.75,12.5,18.75,51.56,46.88,31.38,51.56,23.3220463,3568,1158,3893,741,39,2.32555151,1.275,3893,1025.5,39,4.26690865,1.275,3893,856.5,39,2.86018538,1.275,1946,2018,19.5,4.48054934,1.275,3893,473,39,1.3204273,1.275,3893,1835.5,39,4.091419,1.275,83.75,1.55,1.55,99.80917
09/08/2026 21:17:21,61.54,26.15,70.77,10.77,40,35.38,63.08,32.31,61.54,29.23,64.62,41.54,44.74,70.77,28.1194344,3256,1665,1785,1574,17.88889,3.76170468,1.34375,1785,1447.5,17.88889,4.024364,1.34375,3992,1425.5,40,3.44275284,1.34375,3992,1756,40,4.379358,1.3375,3992,1608.5,40,3.83928275,1.3375,3992,2180.5,40,5.07006073,1.33125,83.75,1.55,1.55,99.80923
09/08/2026 21:17:23,56.92,38.46,29.23,18.46,23.08,20.31,49.23,35.38,46.15,30.77,50.77,64.62,38.62,64.62,25.40459,3622,1480,3992,1978,40,4.09463,1.325,3992,879.5,40,2.05505657,1.325,1774,838,17.7777786,1.85496569,1.325,3992,1476,40,4.29962873,1.325,3992,1541,40,3.41094518,1.31875,3992,2170,40,5.75340366,1.31875,84.125,1.55,1.55,99.80917
09/08/2026 21:17:25,25.4,4.76,44.44,32.26,23.81,15.87,17.46,15.87,17.46,6.45,36.51,53.97,24.52,53.97,18.5141163,2545,899,1797,575.5,18,1.47198951,1.3625,1797,1481,18,3.62359881,1.3625,4042,626,40.5,1.56881142,1.3625,1797,483,18,1.15613973,1.3625,1797,385.5,18,0.8189833,1.36875,4042,1841,40.5,4.322896,1.36875,83.875,1.55,1.55,99.8092
09/08/2026 21:17:27,17.19,10.94,4.69,1.56,10.94,4.69,3.23,18.75,56.25,60.94,40.62,54.69,23.71,60.94,17.8413944,3568,892,3967,568,39.75,1.36767614,1.34375,1574,118,17.666666,0.298521578,1.34375,3967,179.5,39.75,0.405134648,1.34375,3967,345,39.75,0.8342265,1.34375,3967,2309.5,39.75,5.18101454,1.34375,3967,1831,39.75,4.08109474,1.34375,84.375,1.55,1.55,99.80919
09/08/2026 21:17:29,26.56,21.88,66.15,64.62,14.06,18.46,12.5,6.25,12.5,3.12,10.94,12.5,22.46,66.15,17.89018,3645,886,4017,919,40.25,2.16546178,1.34375,1785,2599,17.88889,5.77397871,1.34375,4017,631.5,40.25,1.47052848,1.34375,4017,435,40.25,1.20944262,1.34375,4017,292.5,40.25,0.7896357,1.34375,4017,441,40.25,0.957446337,1.34375,83.75,1.55,1.55,99.80922
09/08/2026 21:17:31,32.81,12.5,37.5,4.69,20.31,21.88,68.75,60.94,21.88,7.81,50,48.44,32.29,68.75,23.8723049,3172,1242,3893,1066.5,39,2.84741545,1.28125,1730,606.5,17.333334,2.15772343,1.28125,3893,759,39,2.20168018,1.2875,3893,2475,39,5.873035,1.2875,3893,593,39,1.80624342,1.2875,1730,1954,17.333334,4.82893944,1.2875,84.375,1.55,1.55,99.80922
09/08/2026 21:17:33,32.31,12.31,12.31,4.62,23.08,16.92,15.38,27.69,58.46,36.92,50.77,40,27.56,58.46,19.7928848,2884,1025,3942,731,39.5,1.72609866,1.3125,1752,309.5,17.5555553,0.6887147,1.3125,3942,865,39.5,1.85984027,1.3125,1752,736.5,17.5555553,1.67101,1.3125,3942,1864.5,39.5,4.33031273,1.3125,1971,1641,19.75,3.83811951,1.3125,84.125,1.55,1.55,99.80921
09/08/2026 21:17:35,29.23,16.92,30.77,18.75,12.31,9.23,38.46,33.85,40,16.92,21.54,15.38,23.61,40,18.013649,3283,908,4017,829,40.25,1.93815541,1.3625,1785,825.5,17.88889,1.89665842,1.34375,4017,353,40.25,0.78185,1.34375,4042,1561.5,40.5,3.43502283,1.35,1797,1107,18,2.71375346,1.35,4042,771,40.5,1.70745826,1.35,84.25,1.55,1.55,99.80922
09/08/2026 21:17:37,32.31,18.46,7.69,4.62,16.92,7.58,20,27.69,44.62,21.88,29.23,12.31,20.27,44.62,18.8901062,3294,853,4042,1163,40.5,2.89689422,1.35,1797,296,18,0.73673743,1.35,4042,510.5,40.5,1.26946855,1.35,4042,891,40.5,2.27506113,1.35,1797,1439,18,3.54890513,1.35,4042,821,40.5,1.91899669,1.35,83.625,1.55,1.55,99.80919
09/08/2026 21:17:39,13.64,1.52,4.62,3.08,4.55,0,83.08,80.3,22.73,10.61,22.73,24.24,22.59,83.08,17.5932064,3129,872,3893,344.5,39,0.9985031,1.26875,1474,150,17.333334,0.397611648,1.26875,1730,144,17.333334,0.326107621,1.26875,3893,3222.5,39,6.97649574,1.26875,3893,603,39,1.54194224,1.26875,3893,765.5,39,1.80480468,1.28125,84.375,1.55,1.55,99.80921
09/08/2026 21:17:41,19.05,9.38,7.94,3.12,1.59,3.17,10.94,17.46,7.94,3.12,88.89,87.3,21.66,88.89,17.14843,2819,818,4017,469,40.25,1.14845932,1.35,3487,122,40.25,0.3160744,1.35,1785,109.5,17.88889,0.266,1.35,1785,425,17.88889,1.00937068,1.35,1797,269.5,18,0.670398533,1.35,4042,3512,40.5,7.72584,1.35,84.5,1.55,1.55,99.8092041
09/08/2026 21:17:43,50,9.52,17.19,6.25,21.88,3.12,37.5,51.56,42.19,25,64.06,59.38,32.3,64.06,21.3012943,3273,1221,1785,920,17.88889,2.20644283,1.34375,4017,387,40.25,0.826335,1.34375,1785,362.5,17.88889,0.718045533,1.34375,4017,1825,40.25,3.62726355,1.35,4017,1345.5,40.25,2.77742887,1.35,4017,2487.5,40.25,5.53206,1.35,84.75,1.55,1.55,99.80913
09/08/2026 21:17:45,28.12,4.69,14.06,4.69,21.88,9.38,26.56,18.75,40.62,54.69,67.19,46.88,28.12,67.19,20.1994648,2296,1088,1235,558,12.375,1.52721393,1.24375,1235,328.5,12.375,0.822554767,1.24375,1976,658.5,19.8,1.75363278,1.24375,1697,885,17,2.08016086,1.24375,3818,1898,38.25,4.37815952,1.24375,3818,2200.5,38.25,4.97958,1.24375,84.875,1.55,1.55,99.80918
09/08/2026 21:17:47,51.56,28.12,35.94,25,31.25,17.46,46.88,34.38,64.06,57.81,62.5,45.31,41.69,64.06,25.0018539,4000,1596,4017,1447,40.25,3.13680482,1.3375,4017,1152.5,40.25,2.58733845,1.35,3992,1081,40,2.36365533,1.35,3992,1636.5,40,3.702342,1.35625,3992,2384,40,5.00137663,1.35625,3992,1875.5,40,3.9767735,1.35625,85,1.55,1.55,99.8091354
09/08/2026 21:17:49,18.75,1.61,29.69,9.38,17.19,6.25,18.75,12.5,79.69,70.31,45.31,68.75,31.51,79.69,19.93823,2269,1197,1976,398.5,19.8,0.9264316,1.2125,1235,585,12.375,1.465675,1.2125,1235,437.5,12.375,1.12612736,1.2125,3668,588.5,36.75,1.42188191,1.1875,3668,2936,36.75,5.99315929,1.1875,1834,2236.5,18.375,4.940805,1.1875,85.125,1.55,1.55,99.80919
09/08/2026 21:17:51,14.29,0,9.52,4.69,33.33,29.69,37.5,26.98,17.46,34.43,82.54,56.25,28.89,82.54,20.369173,2694,1109,1397,292.5,14,0.7489459,1.35,1397,177.5,14,0.4683558,1.35,1397,1147.5,14,2.86204457,1.35,3992,1159,40,3.095184,1.35,3992,1188.5,40,2.86562514,1.35,3992,2691.5,40,6.04713249,1.35,85.125,1.55,1.55,99.80917
09/08/2026 21:17:53,14.06,7.81,21.88,40.62,17.19,12.5,18.75,3.12,43.75,42.19,81.25,75,31.51,81.25,20.2322445,2529,1125,1785,229.5,17.88889,0.5560603,1.34375,1785,1165,17.88889,3.629167,1.34375,4017,343.5,40.25,0.925500631,1.34375,1785,310.5,17.88889,0.949196637,1.34375,1785,1641.5,17.88889,3.45180082,1.34375,4017,3060.5,40.25,6.48171329,1.34375,85.125,1.55,1.55,99.80916
09/08/2026 21:17:55,16.92,4.62,41.54,9.23,44.62,12.12,53.85,47.69,56.92,47.69,6.15,10.77,29.34,56.92,18.51818,2545,1081,1797,306.5,18,0.6578452,1.36875,1797,922.5,18,2.19273162,1.36875,4042,1134,40.5,2.87340569,1.36875,1797,1906,18,3.9015193,1.36875,1797,1898.5,18,3.71752954,1.36875,4042,316.5,40.5,0.632839143,1.36875,85.25,1.55,1.55,99.80914
09/08/2026 21:17:57,26.15,15.15,35.38,24.62,20,16.67,46.15,36.51,24.62,29.23,64.62,56.06,32.93,64.62,21.4948978,2335,1272,1397,669.5,14,1.53659654,1.35,1397,1141.5,14,2.506638,1.35,1397,660.5,14,1.43451989,1.35,1785,1653.5,17.88889,3.89770961,1.35,4017,1118.5,40.25,2.766973,1.35,4017,2390,40.25,5.117517,1.35,85.125,1.55,1.55,99.80918
09/08/2026 21:17:59,18.75,7.81,4.69,4.62,21.88,18.75,35.94,37.5,53.12,57.81,34.38,39.06,27.86,57.81,19.3648815,3598,1083,3967,544.5,39.75,1.3220315,1.30625,3960,163.5,39.75,0.403864115,1.31875,3967,767.5,39.75,2.07423258,1.31875,3967,1400.5,39.75,3.31376958,1.31875,1763,2127.5,17.666666,4.36541176,1.31875,3967,1496.5,39.75,3.555331,1.31875,85.25,1.55,1.55,99.8092041
09/08/2026 21:18:01,30.77,23.08,27.69,23.08,13.85,13.85,44.62,27.69,52.31,61.54,27.69,55.38,33.46,61.54,20.61821,2820,1281,1397,993,14,2.109649,1.3625,1774,976.5,17.7777786,2.24089122,1.33125,3992,543,40,1.04592121,1.33125,1774,1319,17.7777786,2.851042,1.33125,3992,2101,40,4.560594,1.33125,3992,1753,40,3.690207,1.33125,85.125,1.55,1.55,99.80922
09/08/2026 21:18:03,26.15,6.15,7.69,3.08,15.38,3.08,38.46,16.92,58.46,52.31,64.62,53.85,28.85,64.62,19.9927959,2724,1118,1397,626,14,1.56425631,1.25625,1708,177,17.11111,0.446314037,1.24375,3843,236,38.5,0.567786753,1.24375,1708,1124.5,17.11111,3.15304852,1.24375,3843,2185,38.5,4.691397,1.24375,3843,2357,38.5,5.22916126,1.24375,85.25,1.55,1.55,99.8092041
09/08/2026 21:18:05,23.44,12.31,20.31,7.81,28.12,12.5,60.94,31.25,84.38,82.81,10.94,29.69,33.71,84.38,19.8438663,2665,1247,1619,559.5,16.2222214,1.40275943,1.1875,1619,395,16.2222214,0.8701425,1.1875,3643,788,36.5,1.86191344,1.1875,3643,1850,36.5,4.359413,1.18125,3643,3098,36.5,5.764029,1.18125,1822,791.5,18.25,1.864669,1.18125,85.375,1.55,1.55,99.80912
09/08/2026 21:18:07,32.81,12.5,34.38,3.12,21.88,12.5,70.31,37.5,59.38,48.44,75,59.38,38.93,75,24.41249,3292,1495,4042,821,40.5,2.08687043,1.36875,1797,735.5,18,2.11850142,1.36875,1785,699,17.88889,1.52396929,1.36875,4042,2019,40.5,5.41634369,1.36875,4042,2043.5,40.5,4.5842,1.36875,4042,2654.5,40.5,5.661702,1.36875,85.625,1.55,1.55,99.809166
09/08/2026 21:18:09,18.75,4.69,6.25,6.25,10.94,1.56,28.12,23.44,62.5,56.25,57.81,48.44,27.08,62.5,18.8971863,2254,1052,1397,318,14,0.7393377,1.25,1397,332,14,0.8158676,1.25,1397,211,14,0.493080676,1.25,1697,1182.5,17,2.69473124,1.24375,3818,2377,38.25,4.98124,1.24375,3818,1891.5,38.25,4.43337059,1.24375,85.375,1.55,1.55,99.80922
09/08/2026 21:18:11,33.85,23.08,20,9.09,21.54,6.15,27.69,29.23,44.62,46.15,73.85,60,32.94,73.85,22.0343,3622,1270,3992,1229,40,2.71539736,1.325,3992,442,40,1.10110533,1.325,3992,610,40,1.50550842,1.325,1774,1118.5,17.7777786,2.48263979,1.325,3992,1880.5,40,4.071833,1.325,3992,2340.5,40,5.14364862,1.325,85.125,1.55,1.55,99.80922
09/08/2026 21:18:13,39.06,23.44,31.25,21.88,29.69,7.81,45.31,43.75,64.06,62.5,56.25,45.31,39.19,64.06,23.945776,3481,1508,3818,991.5,38.25,2.174768,1.2625,3793,1103,38,2.415497,1.2625,3793,682.5,38,1.58216441,1.2625,3793,1567,38,3.37830877,1.2625,3793,2571.5,38,5.423344,1.2625,1896,2129.5,19,4.52073765,1.2625,85.25,1.55,1.55,99.8092
09/08/2026 21:18:15,34.38,4.76,31.25,16.92,15.62,20.31,25,17.19,67.19,57.81,53.12,51.56,32.93,67.19,23.3848076,3253,1416,1774,809,17.7777786,1.93726993,1.3625,3992,964.5,40,2.28716183,1.3625,3992,1026,40,2.34869337,1.34375,3992,1264.5,40,2.991675,1.34375,3992,2432.5,40,5.395225,1.34375,1774,2001,17.7777786,4.527738,1.34375,85.25,1.55,1.55,99.80921
09/08/2026 21:18:17,28.12,3.12,20.31,3.12,26.56,10.94,31.25,29.69,48.44,57.81,56.25,60.94,31.38,60.94,22.1478443,2840,1236,1909,528.5,19.125,1.26503885,1.24375,3818,461.5,38.25,1.14335334,1.24375,1921,696,19.25,1.72059166,1.25,1708,1181.5,17.11111,2.80607724,1.25,3843,2228.5,38.5,5.11143541,1.25,3843,2323,38.5,5.1614,1.25,85.25,1.55,1.55,99.80916
09/08/2026 21:18:19,43.75,18.75,21.88,6.25,37.5,10.94,43.75,17.19,73.44,57.81,53.12,48.44,36.07,73.44,23.8929672,3312,1367,1630,912,16.333334,2.43839025,1.2,3668,745.5,36.75,1.90802574,1.2,3643,891,36.5,2.19597673,1.2,3643,1256.5,36.5,3.83330178,1.2,3643,2387,36.5,5.13637829,1.2,3643,2009.5,36.5,5.1275816,1.2,85.375,1.55,1.55,99.80915
09/08/2026 21:18:21,25,4.69,10.94,6.25,9.38,10.94,39.06,23.44,60.94,60.94,45.31,40.62,28.12,60.94,19.4641323,3139,1084,1976,632,19.8,1.48470843,1.25,1686,333.5,16.88889,0.845574,1.2375,3793,523,38,1.23868752,1.2375,3793,927.5,38,2.098388,1.2375,3793,2325,38,4.67806673,1.2375,3793,1760,38,3.81732821,1.2375,85.375,1.55,1.55,99.80918
09/08/2026 21:18:23,21.88,12.5,15.62,7.81,15.62,4.76,39.06,18.75,25,20.31,65.62,57.81,25.4,65.62,19.902647,3273,1047,1785,757,17.88889,1.84667957,1.35,1785,484,17.88889,1.3216126,1.34375,4017,469.5,40.25,1.19295239,1.35,4017,1043,40.25,2.47669864,1.35,4017,1034.5,40.25,2.38934159,1.35,4017,2493.5,40.25,5.73793,1.35,85,1.55,1.55,99.8092346
09/08/2026 21:18:25,32.26,29.03,33.33,16.39,34.92,23.81,52.46,33.33,55.56,43.55,47.54,48.39,37.55,55.56,24.5937386,3273,1423,4017,1211.5,40.25,3.107987,1.35,1785,1025.5,17.88889,2.50009727,1.35,4017,1110,40.25,2.84902859,1.35,1785,1251,17.88889,3.187172,1.35,4017,1928.5,40.25,4.362256,1.35625,4017,2012.5,40.25,4.41813326,1.35625,85,1.55,1.55,99.80919
09/08/2026 21:18:27,28.79,12.12,28.79,12.12,27.27,13.64,46.97,27.27,69.7,75.76,33.33,22.73,33.21,75.76,21.1269073,3546,1292,3868,893.5,38.75,2.07493782,1.28125,3868,677.5,38.75,1.57522357,1.28125,3868,742,38.75,1.73218942,1.28125,3868,1490,38.75,3.054383,1.28125,1934,2754.5,19.375,5.36146164,1.28125,3868,1196,38.75,2.40077353,1.28125,85.125,1.55,1.55,99.80922
09/08/2026 21:18:29,44.62,15.38,32.31,12.31,32.31,23.08,43.08,29.23,41.54,12.31,87.69,78.46,37.69,87.69,24.1334362,3581,1477,3942,1291,39.5,2.65389228,1.29375,3942,863.5,39.5,1.73585427,1.2875,3942,794,39.5,1.6693511,1.2875,1752,1445,17.5555553,3.18864512,1.2875,3942,1078.5,39.5,2.06821966,1.2875,3967,3391,39.75,7.74476576,1.31875,85,1.55,1.55,99.80921
09/08/2026 21:18:31,17.19,7.81,23.44,15.62,15.62,6.25,37.5,35.94,20.31,21.88,37.5,25,22.01,37.5,18.672884,3294,937,1797,600,18,1.39972913,1.375,1797,817,18,1.93124676,1.375,4042,603,40.5,1.43444848,1.375,4042,1381.5,40.5,3.25714612,1.375,4042,924.5,40.5,2.22616625,1.375,4042,1295,40.5,2.963495,1.375,84.5,1.55,1.55,99.8092041
09/08/2026 21:18:33,29.69,14.06,21.88,18.46,25,4.76,26.56,14.29,34.38,20.63,48.44,50,25.68,50,19.9206963,2545,964,1797,652.5,18,1.614511,1.3375,1797,823.5,18,2.073152,1.3375,4042,571.5,40.5,1.44842,1.3375,1797,733,18,1.82532334,1.3375,1797,1156,18,2.89995074,1.3375,4042,1849.5,40.5,4.297326,1.3375,83.5,1.55,1.55,99.809166
09/08/2026 21:18:35,14.06,7.81,14.06,9.23,7.81,1.56,14.06,13.85,34.38,46.88,32.81,39.06,19.63,46.88,16.662508,2920,751,1797,328.5,18,0.8227794,1.36875,1797,369,18,0.948031962,1.38125,1797,243.5,18,0.567483068,1.38125,4042,511,40.5,1.27817452,1.38125,4042,1657,40.5,4.1371274,1.38125,4042,1395.5,40.5,3.370937,1.38125,83.375,1.55,1.55,99.80918
09/08/2026 21:18:37,21.88,6.25,31.25,23.44,17.46,3.08,15.62,6.25,26.56,20.31,60.94,57.81,24.24,60.94,19.1864319,2561,958,1976,525.5,19.8,1.41002834,1.36875,1785,960,17.88889,2.501743,1.36875,1785,404.5,17.88889,1.01261437,1.3625,1785,594,17.88889,1.30472219,1.3625,4017,924,40.25,2.22470474,1.3625,4017,2342.5,40.25,5.45170927,1.34375,83.375,1.55,1.55,99.80922
09/08/2026 21:18:39,59.38,25,50,29.69,56.25,20.31,57.81,29.69,59.38,48.44,62.5,56.25,46.22,62.5,28.7255268,3967,1685,3967,1582,39.75,3.98057222,1.30625,3967,1533.5,39.75,4.22046757,1.30625,3967,1384.5,39.75,3.504366,1.30625,3967,1753,39.75,4.304992,1.30625,3967,1820.5,39.75,4.288669,1.30625,3967,2034.5,39.75,4.861227,1.30625,83.5,1.55,1.55,99.80917
09/08/2026 21:18:41,39.39,24.24,37.88,43.94,37.88,27.27,69.7,40.91,53.03,36.36,50,36.36,41.41,69.7,27.0378132,3988,1635,3967,1418.5,39.75,3.453059,1.3125,3992,1465,40,3.35626364,1.3125,3992,1501,40,3.687382,1.31875,3992,2104,40,4.93602753,1.31875,3992,1707.5,40,4.159204,1.31875,3992,1613,40,4.43789625,1.31875,84,1.55,1.55,99.8092
09/08/2026 21:18:43,40.62,25,67.19,51.56,50,32.81,43.75,31.25,35.94,26.56,67.19,62.5,44.53,67.19,26.449234,3555,1757,3918,1280.5,39.25,2.77618027,1.2875,3918,2233.5,39.25,4.75486946,1.2875,3918,1630,39.25,3.575347,1.2875,3918,1650,39.25,3.70436168,1.2875,1741,1224.5,17.4444447,2.54110336,1.2875,3918,2521.5,39.25,5.215357,1.2875,84.625,1.55,1.55,99.8092
09/08/2026 21:18:45,38.46,40,49.23,38.46,44.62,27.69,46.15,33.85,47.69,41.54,55.38,58.46,43.46,58.46,25.4371128,3980,1682,3992,1489.5,40,3.06860232,1.325,3992,1565,40,3.21415377,1.325,3992,1393,40,2.93304849,1.325,3967,1430.5,39.75,3.01145935,1.33125,3967,1833,39.75,3.845068,1.33125,3967,2381.5,39.75,4.9614234,1.33125,85,1.55,1.55,99.80918
09/08/2026 21:18:47,53.12,31.25,48.44,37.5,35.94,28.12,54.69,57.81,59.38,56.25,64.06,62.5,49.09,64.06,25.3562527,3843,1679,3843,1447,38.5,3.13912654,1.25,3843,1278,38.5,2.66478539,1.25,3843,967,38.5,2.20665979,1.25,3843,1803,38.5,3.60139871,1.25,3843,2206,38.5,4.634904,1.25,3843,2374,38.5,4.56158543,1.25,85,1.55,1.55,99.80919
09/08/2026 21:18:49,30.77,23.08,36.92,35.38,44.62,30.77,44.62,29.23,60,58.46,67.69,63.08,43.72,67.69,25.05173,3500,1688,3818,1062,38.25,2.33812213,1.25,3818,1609.5,38.25,3.27182984,1.25,3818,1180,38.25,2.645048,1.25,1909,1475,19.125,3.155271,1.25,3818,2201.5,38.25,4.87855053,1.25,3818,2600.5,38.25,5.32003355,1.25,85,1.55,1.55,99.8092
09/08/2026 21:18:51,49.21,52.38,60.32,52.38,53.12,52.38,61.9,58.73,80.95,80.95,68.25,55.56,60.51,80.95,24.875824,3408,2088,3718,1570.5,37.25,2.60546422,1.2125,3718,1842,37.25,3.141102,1.2125,3718,2021.5,37.25,3.40842342,1.20625,1859,1906,18.625,3.12674212,1.20625,3718,2927,37.25,4.961165,1.20625,3718,2263.5,37.25,3.51364756,1.20625,84.625,1.55,1.55,99.80916
09/08/2026 21:18:53,48.44,34.38,42.19,37.5,39.06,29.69,50,45.31,51.56,46.88,75,59.38,46.61,75,24.2466221,3192,1706,1741,1541.5,17.4444447,3.20501828,1.28125,1741,1299,17.4444447,2.8358376,1.28125,3918,1324,39.25,2.747155,1.28125,3918,1927.5,39.25,3.87766671,1.28125,3918,1817,39.25,3.34107971,1.28125,3918,2326.5,39.25,4.35661268,1.28125,84.75,1.55,1.55,99.8091354
09/08/2026 21:18:55,33.85,12.31,27.69,24.62,27.69,21.54,50.77,49.23,40,32.31,73.85,75.38,39.1,75.38,23.3035774,3396,1560,1663,973.5,16.666666,1.95078492,1.23125,3743,1138,37.5,2.22637272,1.23125,3743,972,37.5,2.01306367,1.23125,3743,1842,37.5,3.59471345,1.23125,3743,1445,37.5,2.76513171,1.23125,3743,2987.5,37.5,6.26739931,1.23125,85.25,1.55,1.55,99.809166
09/08/2026 21:18:57,33.85,23.08,64.62,47.69,47.69,22.73,44.62,30.77,33.85,36.92,55.38,55.38,41.38,64.62,27.1251221,3300,1621,3593,1203,36,2.976211,1.1625,3593,2097.5,36,5.56337452,1.1625,3593,1395.5,36,3.87350583,1.1625,3593,1415,36,3.251247,1.1625,3618,1333.5,36.25,3.10825324,1.16875,1809,2279,18.125,4.95055056,1.16875,85.375,1.55,1.55,99.80923
09/08/2026 21:18:59,59.38,39.06,62.5,40.62,40.62,43.75,62.5,50,57.81,50,48.44,50,50.39,62.5,24.7722855,3253,1873,3992,1958,40,3.708667,1.31875,3992,1852.5,40,3.43979454,1.31875,3992,1609,40,2.90233612,1.31875,1774,2103.5,17.7777786,4.00314045,1.325,1774,1675,17.7777786,3.226008,1.325,3992,2041.5,40,3.961678,1.325,84.75,1.55,1.55,99.8092
09/08/2026 21:19:01,56.06,48.48,48.48,30.3,27.27,12.12,24.24,12.12,50,50,53.03,43.94,38.01,56.06,23.84497,2909,1494,4017,2113,40.25,4.22485542,1.3625,1785,1450.5,17.88889,3.0690887,1.35,4017,871.5,40.25,1.89325821,1.35,1797,838,18,1.99380064,1.34375,1797,1798,18,3.86492729,1.34375,4042,1895,40.5,3.96079159,1.34375,84.875,1.55,1.55,99.80911
09/08/2026 21:19:03,28.12,12.5,31.25,12.5,31.25,15.62,46.88,43.75,42.19,25,76.56,62.5,35.68,76.56,22.5909634,3596,1362,3942,682.5,39.5,1.51815,1.30625,3967,1056,39.75,2.32406,1.3,1763,875.5,17.666666,1.81696558,1.3,3967,1751.5,39.75,3.60726428,1.3,3967,1371.5,39.75,2.93192053,1.3,3967,2434.5,39.75,5.527448,1.3,85.25,1.55,1.55,99.8092
09/08/2026 21:19:05,32.81,29.69,23.44,23.44,17.19,7.81,53.12,29.69,34.38,26.56,73.44,78.12,35.81,78.12,22.6989117,3464,1396,1697,1152.5,17,2.50406027,1.24375,3818,918,38.25,1.9126929,1.24375,3818,525.5,38.25,1.11727142,1.24375,3818,1648,38.25,3.5578866,1.25625,3818,1334,38.25,2.808097,1.25625,3818,2797,38.25,6.072364,1.25625,85.5,1.55,1.55,99.80913
09/08/2026 21:19:08,35.38,42.19,32.31,27.69,20,9.23,35.38,32.31,33.85,33.85,64.62,61.54,35.7,64.62,23.0595951,3622,1412,1774,1604,17.7777786,3.19875,1.35,3992,1036,40,2.086669,1.35,3992,656,40,1.49581313,1.34375,3992,1312,40,2.78051758,1.34375,3992,1376,40,2.97966337,1.34375,3992,2486.5,40,5.37936544,1.34375,85.5,1.55,1.55,99.80915
09/08/2026 21:19:10,50.79,26.98,47.62,49.21,47.62,39.68,71.43,69.84,61.9,60.32,57.14,61.9,53.7,71.43,26.9732475,3992,1996,3992,1656.5,40,3.228985,1.2625,3992,1786,40,3.56626534,1.2625,3992,1494,40,2.79782557,1.2625,3992,2526.5,40,4.59745264,1.2625,3992,2262.5,40,4.341419,1.33125,3992,2248.5,40,4.19134426,1.33125,85.5,1.55,1.55,99.80915
09/08/2026 21:19:12,52.31,32.31,50.77,43.08,46.15,27.69,64.62,52.31,64.62,50.77,67.69,69.23,51.79,69.23,24.92109,3685,2010,3668,1570,36.75,2.93383145,1.19375,3668,1975,36.75,3.57325816,1.19375,3693,1605.5,37,2.93993449,1.2,3693,2075.5,37,3.78804541,1.2,3693,2340,37,4.28406572,1.2,3693,2495.5,37,4.371081,1.2,85.125,1.55,1.55,99.8091354
09/08/2026 21:19:14,57.14,52.38,55.56,44.44,66.67,49.21,76.19,71.43,74.6,63.49,65.08,58.73,61.24,76.19,24.9128914,3442,2227,3793,1920,38,2.78274322,1.25,1686,1828.5,16.88889,2.83826661,1.25,3793,2214,38,3.50542,1.25,3793,2589.5,38,4.210075,1.25,3793,2593.5,38,3.99823976,1.25,3793,2218,38,3.80784082,1.25,84.625,1.55,1.55,99.80909
09/08/2026 21:19:16,57.81,53.12,64.06,71.88,59.38,62.5,73.44,78.12,76.56,78.12,82.81,75,69.4,82.81,24.9303246,3410,2601,3418,2367,34.25,3.066214,1.11875,3418,2409,34.25,3.16212583,1.1125,3418,2219,34.25,2.848512,1.1125,3418,2842.5,34.25,4.01603842,1.1,3394,2775.5,34,3.98365235,1.1,3394,2991,34,4.329826,1.1,84.25,1.55,1.55,99.80916
09/08/2026 21:19:18,61.54,21.54,50.77,41.54,52.31,29.23,70.77,66.15,43.08,36.92,61.54,66.15,50.13,70.77,24.4128036,3680,2021,3568,1709,35.75,2.94626832,1.175,3568,1795.5,35.75,3.10587955,1.16875,3743,1614,37.5,3.01524138,1.24375,3743,2615,37.5,4.43517,1.24375,3743,1897,37.5,3.388917,1.24375,3718,2498,37.25,4.25559425,1.225,83.75,1.55,1.55,99.8092
09/08/2026 21:19:20,51.52,33.33,59.09,50,56.06,42.42,56.06,36.36,39.39,43.94,60.61,51.52,48.36,60.61,24.3871326,3568,1890,3568,1795,35.75,3.562879,1.15,3568,2090,35.75,4.035079,1.15,3568,1861.5,35.75,3.53343129,1.15,3568,1827,35.75,3.77851844,1.15,3568,1658,35.75,3.30577612,1.15,3568,2105.5,35.75,4.217459,1.15,83.875,1.55,1.55,99.809166
09/08/2026 21:19:22,34.92,31.75,34.92,49.21,23.81,9.52,15.87,14.29,39.68,52.38,38.1,42.86,32.28,52.38,22.1606083,2813,1298,1708,1305,17.11111,2.59335017,1.25,3843,1782,38.5,4.07671,1.25,3843,670.5,38.5,1.67532527,1.25,1708,735.5,17.11111,1.69293284,1.25,3843,1712,38.5,4.02987528,1.25,1934,1583,19.375,3.82038379,1.25625,84.75,1.55,1.55,99.8092041
09/08/2026 21:19:24,53.12,35.94,53.12,34.38,37.5,28.12,48.44,29.69,62.5,45.31,71.88,68.75,47.4,71.88,25.3230839,3730,1962,3718,1690,37.25,3.07888031,1.2,3843,1956,38.5,3.727569,1.225,3743,1366,37.5,2.5450995,1.1625,3793,1814.5,38,3.40949,1.21875,3643,2250,36.5,4.49935,1.2375,3643,2694,36.5,5.073755,1.2375,85.25,1.55,1.55,99.8092
09/08/2026 21:19:26,28.12,7.81,43.75,37.5,21.88,15.62,48.44,48.44,51.56,50,59.38,57.81,39.19,59.38,22.7507229,3910,1532,3893,850.5,39,1.92502809,1.26875,3893,1686.5,39,3.582005,1.26875,3918,764,39.25,1.75475347,1.275,3918,1715.5,39.25,3.28400636,1.275,3918,1929,39.25,4.04320049,1.275,3918,2247,39.25,4.777211,1.275,85.25,1.55,1.55,99.8091354
09/08/2026 21:19:28,78.46,76.92,81.54,83.08,89.23,90.77,73.85,72.31,87.69,83.08,83.08,81.54,81.79,90.77,26.3408833,3856,2998,3868,2833,38.75,3.51972961,1.25,3868,2983,38.75,3.7348237,1.25,3868,3278,38.75,4.34367132,1.25,3843,2680.5,38.5,3.36972785,1.2625,3843,3173,38.5,4.535608,1.2625,3843,3040,38.5,4.123857,1.2625,85,1.55,1.55,99.80917
09/08/2026 21:19:30,49.23,46.15,58.46,55.38,61.54,49.23,58.46,55.38,61.54,55.38,63.08,72.31,57.18,72.31,24.7531033,3780,2111,3843,1635,38.5,2.707014,1.2625,3793,2278.5,38,3.86098361,1.25,3793,2087,38,3.52847648,1.25,3793,1866,38,3.17866826,1.25,3793,2152,38,3.68707919,1.25,3668,2647.5,36.75,4.81375933,1.19375,84.5,1.55,1.55,99.80915
09/08/2026 21:19:32,18.18,15.38,39.39,43.08,33.33,15.15,45.45,30.3,45.45,50,59.09,34.85,35.81,59.09,22.3921318,3668,1438,3668,705,36.75,1.47280347,1.1875,3668,1634.5,36.75,3.607337,1.1875,3668,943,36.75,2.1129365,1.1875,3668,1543.5,36.75,3.00089478,1.1875,3668,1831.5,36.75,3.73696661,1.1875,3668,1969,36.75,4.33301353,1.1875,85.25,1.55,1.55,99.809166
