,/amdcpu/0/load/2,/amdcpu/0/load/3,/amdcpu/0/load/4,/amdcpu/0/load/5,/amdcpu/0/load/6,/amdcpu/0/load/7,/amdcpu/0/load/8,/amdcpu/0/load/9,/amdcpu/0/load/10,/amdcpu/0/load/11,/amdcpu/0/load/12,/amdcpu/0/load/13,/amdcpu/0/load/0,/amdcpu/0/load/1,/amdcpu/0/power/0,/amdcpu/0/clock/1,/amdcpu/0/clock/2,/amdcpu/0/clock/3,/amdcpu/0/clock/4,/amdcpu/0/factor/0,/amdcpu/0/power/1,/amdcpu/0/voltage/2,/amdcpu/0/clock/5,/amdcpu/0/clock/6,/amdcpu/0/factor/1,/amdcpu/0/power/2,/amdcpu/0/voltage/3,/amdcpu/0/clock/7,/amdcpu/0/clock/8,/amdcpu/0/factor/2,/amdcpu/0/power/3,/amdcpu/0/voltage/4,/amdcpu/0/clock/9,/amdcpu/0/clock/10,/amdcpu/0/factor/3,/amdcpu/0/power/4,/amdcpu/0/voltage/5,/amdcpu/0/clock/11,/amdcpu/0/clock/12,/amdcpu/0/factor/4,/amdcpu/0/power/5,/amdcpu/0/voltage/6,/amdcpu/0/clock/13,/amdcpu/0/clock/14,/amdcpu/0/factor/5,/amdcpu/0/power/6,/amdcpu/0/voltage/7,/amdcpu/0/temperature/2,/amdcpu/0/voltage/0,/amdcpu/0/voltage/1,/amdcpu/0/clock/0
Time,"CPU Core #1","CPU Core #2","CPU Core #3","CPU Core #4","CPU Core #5","CPU Core #6","CPU Core #7","CPU Core #8","CPU Core #9","CPU Core #10","CPU Core #11","CPU Core #12","CPU Total","CPU Core Max","Package","Cores (Average)","Cores (Average Effective)","Core #1","Core #1 (Effective)","Core #1","Core #1 (SMU)","Core #1 VID","Core #2","Core #2 (Effective)","Core #2","Core #2 (SMU)","Core #2 VID","Core #3","Core #3 (Effective)","Core #3","Core #3 (SMU)","Core #3 VID","Core #4","Core #4 (Effective)","Core #4","Core #4 (SMU)","Core #4 VID","Core #5","Core #5 (Effective)","Core #5","Core #5 (SMU)","Core #5 VID","Core #6","Core #6 (Effective)","Core #6","Core #6 (SMU)","Core #6 VID","Core (Tctl/Tdie)","Core (SVI2 TFN)","SoC (SVI2 TFN)","Bus Speed"
09/08/2026 11:32:14,15.62,4.69,15.62,6.25,7.81,18.75,23.44,9.38,12.5,17.19,14.06,25,14.19,25,13.0898361,2920,462,1797,211.5,18,0.5815435,1.33125,4042,272,40.5,0.8040274,1.33125,4042,459.5,40.5,1.44112134,1.33125,1797,530,18,1.81250286,1.33125,4042,527,40.5,1.64321506,1.33125,1797,771,18,2.61467266,1.33125,75.37501,1.55,1.55,99.80918
09/08/2026 11:32:16,18.75,3.17,12.5,1.54,1.56,18.75,6.25,29.69,6.25,29.69,10.94,9.23,12.36,29.69,12.6164551,1971,442,1397,251.5,14,0.728954852,1.31875,1397,174,14,0.5166723,1.325,1397,369,14,1.14322424,1.325,1797,666,18,2.35638571,1.325,1797,628.5,18,2.12176633,1.325,4042,562.5,40.5,1.82087111,1.325,75.00001,1.55,1.55,99.80917
09/08/2026 11:32:18,6.25,4.69,6.25,1.56,7.81,12.5,42.19,4.69,7.81,4.69,18.75,29.69,12.24,42.19,13.1560144,3264,467,1797,163,18,0.368116468,1.3625,3862,116.5,40.5,0.287159,1.3625,1797,439,18,1.38712406,1.3625,4042,983.5,40.5,3.44128823,1.3625,4042,193.5,40.5,0.421875328,1.3625,4042,905.5,40.5,3.16197252,1.3625,75.50001,1.55,1.55,99.809166
09/08/2026 11:32:20,25,18.75,26.56,28.12,9.38,12.5,29.69,26.56,14.06,7.81,35.94,17.19,20.96,35.94,17.0629234,3668,734,4042,723,40.5,1.94947636,1.34375,1797,805,18,2.23215413,1.34375,4042,391,40.5,1.00693548,1.34375,4042,1085.5,40.5,3.486394,1.34375,4042,371,40.5,0.960831046,1.35625,4042,1026.5,40.5,3.1862967,1.35625,76.12501,1.55,1.55,99.8092041
09/08/2026 11:32:22,15.38,4.69,15.38,12.31,4.62,18.46,29.23,24.62,7.69,21.54,21.54,4.62,15.01,29.23,13.8654089,2949,541,1797,295,18,0.7648405,1.325,4042,580.5,40.5,1.77921963,1.325,1976,237.5,19.8,0.491612226,1.325,1797,1094.5,18,3.77786183,1.3,4042,501,40.5,1.40581465,1.3,4042,535,40.5,1.64257538,1.3,75.87501,1.55,1.55,99.80925
09/08/2026 11:32:24,1.56,4.69,9.38,0,10.94,10.94,7.81,20.31,0,31.25,37.5,1.56,11.33,37.5,12.9455233,2830,446,1318,123,14,0.301765144,1.3125,1737,130.5,18,0.344586581,1.31875,4042,343,40.5,1.059819,1.31875,1797,628.5,18,2.14426684,1.31875,4042,660.5,40.5,2.262666,1.31875,4042,791,40.5,2.6961956,1.31875,75.50001,1.55,1.55,99.80914
09/08/2026 11:32:26,9.38,6.15,9.38,10.94,3.12,25,14.06,10.45,10.94,23.44,17.19,6.25,12.19,25,12.746254,2344,448,1388,203.5,14,0.549657,1.33125,1397,346.5,14,1.08298492,1.33125,1397,475.5,14,1.51781952,1.33125,1797,544.5,18,1.87150586,1.3375,4042,691,40.5,2.314696,1.3375,4042,428.5,40.5,1.40838587,1.3375,75.12501,1.55,1.55,99.80922
09/08/2026 11:32:28,12.31,6.25,4.69,4.62,12.5,18.75,16.92,28.57,6.15,23.08,29.23,7.69,14.23,29.23,12.8466444,2298,450,1317,180.5,14,0.487226754,1.34375,1195,103,14,0.244948417,1.34375,1397,547,14,1.71205986,1.34375,1797,824,18,2.90971017,1.35625,4042,462.5,40.5,1.52088857,1.35625,4042,582.5,40.5,1.969864,1.35625,74.62501,1.55,1.55,99.80917
09/08/2026 11:32:30,7.81,1.54,14.06,3.08,0,9.23,20.31,18.75,3.12,21.54,18.75,23.44,11.8,23.44,12.68429,2014,445,1235,167,12.375,0.4475239,1.325,1235,209,12.375,0.5739091,1.325,1976,152.5,19.8,0.3668957,1.325,1797,671,18,2.39153218,1.34375,4042,571.5,40.5,1.93511057,1.34375,1797,899,18,3.034062,1.34375,74.37501,1.55,1.55,99.80915
09/08/2026 11:32:32,10.94,4.69,6.25,3.12,1.56,6.25,29.69,21.88,3.12,20,21.88,26.98,13.03,29.69,12.5127935,3253,446,1797,237.5,18,0.7098453,1.34375,1555,99,18,0.2328743,1.34375,4042,120.5,40.5,0.251533121,1.34375,4042,986.5,40.5,3.52490973,1.34375,4042,485.5,40.5,1.53732252,1.34375,4042,744,40.5,2.43556476,1.34375,74.37501,1.55,1.55,99.80922
09/08/2026 11:32:34,17.19,7.69,6.25,3.12,3.08,14.06,17.19,9.38,1.56,25,12.5,20.31,11.44,25,12.6954756,3698,447,1976,307,19.8,0.871841848,1.35625,4042,193,40.5,0.557067752,1.3625,4042,349,40.5,1.050655,1.3625,4042,465.5,40.5,1.63092756,1.3625,4042,619.5,40.5,2.04359651,1.3625,4042,750,40.5,2.5744307,1.3625,74.12501,1.55,1.55,99.809166
09/08/2026 11:32:36,6.25,6.25,12.5,0,0,6.25,9.38,0,1.56,15.62,23.44,48.44,10.81,48.44,12.7036715,2479,444,1397,210,14,0.534621835,1.33125,1797,293,18,0.897318363,1.3375,4042,113.5,40.5,0.234081715,1.3375,1797,192.5,18,0.614246368,1.3375,1797,390.5,18,1.2676543,1.3375,4042,1466.5,40.5,5.182499,1.3375,74.37501,1.55,1.55,99.80922
09/08/2026 11:32:38,12.31,0,18.46,0,3.17,21.54,40,0,6.15,15.38,24.62,4.76,12.2,40,12.9549122,2920,454,4042,159,40.5,0.400436282,1.36875,1797,270,18,0.8265617,1.36875,1797,414,18,1.3058418,1.36875,4042,846,40.5,3.01878953,1.36875,1797,426.5,18,1.23425508,1.36875,4042,611,40.5,2.083702,1.35625,74.12501,1.55,1.55,99.80923
09/08/2026 11:32:40,12.5,4.76,20.31,3.08,12.5,7.69,10.94,1.54,3.12,21.88,21.88,14.06,11.19,21.88,12.2196,3668,438,1797,359.5,18,1.03058589,1.325,4042,416.5,40.5,1.3282212,1.325,4042,353,40.5,1.0938499,1.3375,4042,206.5,40.5,0.6489706,1.3375,4042,527.5,40.5,1.72315836,1.3375,4042,767,40.5,2.5110507,1.3375,73.87501,1.55,1.55,99.8092
09/08/2026 11:32:42,17.46,3.23,22.22,1.59,8.06,9.52,9.52,0,4.76,22.22,20.63,36.51,12.98,36.51,12.7102594,2345,452,1397,167.5,14,0.443864167,1.34375,1397,270,14,0.8150988,1.34375,1397,264,14,0.736392558,1.34375,4042,284,40.5,0.894604564,1.35,4042,591,40.5,1.99334514,1.35,1797,1134.5,18,3.865418,1.35,73.75001,1.55,1.55,99.80921
09/08/2026 11:32:44,7.69,4.62,15.38,9.38,4.76,12.31,26.15,0,7.69,33.85,9.23,3.03,11.17,33.85,12.9263945,2345,445,1397,208,14,0.5418954,1.35,1397,508,14,1.65520954,1.35,1397,304,14,0.921766162,1.35,1797,506,18,1.84790277,1.35,4042,829,40.5,2.861522,1.35,4042,313.5,40.5,1.005997,1.35,74.37501,1.55,1.55,99.80916
09/08/2026 11:32:46,3.12,1.56,7.81,0,0,7.81,7.81,32.81,12.5,21.88,17.19,25,11.46,32.81,13.1938677,3893,458,3602,185,40.5,0.4598984,1.3625,3586,113.5,40.5,0.2655965,1.3625,4042,129.5,40.5,0.2908323,1.3625,4042,850.5,40.5,3.00945139,1.3625,4042,570.5,40.5,1.92829931,1.3625,4042,898.5,40.5,3.11603165,1.3625,74.75001,1.55,1.55,99.80917
09/08/2026 11:32:48,15.38,7.69,9.23,6.15,4.62,9.23,16.92,25,4.69,21.54,39.06,26.15,15.47,39.06,12.6340685,1954,450,1397,200.5,14,0.572406232,1.31875,1296,140.5,14,0.370176435,1.31875,1397,117.5,14,0.251197129,1.33125,1797,625.5,18,2.21156335,1.33125,1797,476,18,1.42899692,1.33125,4042,1141.5,40.5,3.86543751,1.33125,74.37501,1.55,1.55,99.80918
09/08/2026 11:32:50,26.56,20,23.44,32.81,18.46,24.62,10.94,17.19,18.75,10.94,15.38,14.06,19.43,32.81,16.7638988,2920,726,1797,702,18,1.93052506,1.325,1797,940.5,18,2.54878139,1.325,4042,1066,40.5,2.94691062,1.33125,1797,473,18,1.45163846,1.33125,4042,497,40.5,1.37026453,1.33125,4042,676.5,40.5,2.000871,1.33125,74.00001,1.55,1.55,99.80927
09/08/2026 11:32:52,19.05,3.17,19.05,9.52,9.52,14.29,30.16,22.22,12.7,7.94,14.29,17.46,14.95,30.16,13.1362972,3252,471,3790,145,40.5,0.338129044,1.35,1797,302.5,18,0.9246548,1.35,4042,336,40.5,0.9266218,1.35,1797,992,18,3.52539444,1.35,4042,416,40.5,1.23366809,1.35,4042,637,40.5,2.085449,1.35,74.00001,1.55,1.55,99.809166
09/08/2026 11:32:54,6.15,1.59,6.15,1.54,9.38,6.15,35.38,16.92,12.31,15.62,7.69,15.38,11.19,35.38,12.868185,2739,451,1197,127.5,12.375,0.307465255,1.35625,1135,115.5,12.375,0.26577428,1.35625,1976,293,19.8,0.8964902,1.35625,4042,1046.5,40.5,3.71100068,1.35625,4042,596.5,40.5,2.02192521,1.35625,4042,528.5,40.5,1.64308381,1.35625,74.50001,1.55,1.55,99.80912
09/08/2026 11:32:56,9.52,4.76,7.94,6.35,6.35,33.33,44.44,1.59,4.76,17.46,11.11,17.46,13.76,44.44,12.7728891,2822,448,4042,185,40.5,0.454550564,1.3125,1611,105.5,18,0.23815985,1.3125,1797,740.5,18,2.47919869,1.3125,1397,847.5,14,3.041569,1.3125,4042,368,40.5,1.20327663,1.31875,4042,444,40.5,1.40399814,1.31875,74.37501,1.55,1.55,99.8092
09/08/2026 11:32:58,7.69,6.15,23.08,6.15,1.54,10.77,18.46,33.85,6.15,15.38,20,4.62,12.82,33.85,12.7742844,3664,453,1775,229,18,0.6484907,1.325,4042,482.5,40.5,1.54507053,1.325,4042,151.5,40.5,0.3586311,1.33125,4042,1000,40.5,3.40737915,1.33125,4042,370.5,40.5,1.1342628,1.33125,4042,484,40.5,1.62230635,1.33125,74.37501,1.55,1.55,99.80914
09/08/2026 11:33:00,9.38,1.56,17.19,0,0,17.19,51.56,6.25,6.25,7.81,9.38,4.69,10.94,51.56,12.7537127,3276,460,3933,127,40.5,0.304460943,1.35,4042,368.5,40.5,1.16345751,1.35,1797,394,18,1.24185812,1.35,4042,1176,40.5,4.18304873,1.35,1797,332.5,18,0.8705619,1.35,4042,359.5,40.5,1.1083765,1.34375,74.12501,1.55,1.55,99.80921
09/08/2026 11:33:02,9.38,7.81,12.5,4.69,14.06,19.05,37.5,17.46,10.94,14.06,10.94,6.25,13.72,37.5,12.9507942,3574,466,1235,281.5,12.375,0.731930256,1.31875,4042,208.5,40.5,0.593357,1.325,4042,578,40.5,1.87928784,1.325,4042,1008,40.5,3.61814785,1.325,4042,355.5,40.5,1.01383638,1.325,4042,367,40.5,1.19268167,1.325,74.87501,1.55,1.55,99.80913
09/08/2026 11:33:04,15.38,1.54,6.15,1.56,0,7.69,44.62,19.05,7.69,16.92,18.46,1.54,11.72,44.62,12.9294605,2353,441,1235,249.5,12.375,0.6794936,1.33125,1026,97.5,12.375,0.240999609,1.33125,1976,113,19.8,0.2381606,1.33125,1797,1259.5,18,4.63620472,1.33125,4042,499,40.5,1.72411215,1.33125,4042,429,40.5,1.419866,1.33125,75.00001,1.55,1.55,99.80918
09/08/2026 11:33:06,13.85,7.69,13.85,6.15,30.77,24.62,20,1.54,4.62,9.23,27.69,24.62,15.38,30.77,12.854476,3281,450,1720,198,18,0.460794061,1.31875,4042,251.5,40.5,0.7209153,1.31875,4042,888,40.5,2.97566342,1.31875,1797,232.5,18,0.7889414,1.325,4042,188.5,40.5,0.491193384,1.325,4042,938.5,40.5,3.28700757,1.325,74.37501,1.55,1.55,99.80919
09/08/2026 11:33:08,9.52,6.35,4.76,0,0,4.76,11.11,9.52,6.35,22.22,36.51,25.4,11.38,36.51,12.7326889,1990,464,1235,209,12.375,0.521028757,1.3375,1093,113.5,12.375,0.2689329,1.3375,1976,119.5,19.8,0.246739283,1.3375,1797,475,18,1.65869594,1.3375,1797,608,18,1.89398181,1.33125,4042,1259,40.5,4.281972,1.33125,74.00001,1.55,1.55,99.8092
09/08/2026 11:33:10,4.62,17.19,6.25,6.25,1.56,10.94,16.92,4.62,1.54,23.08,36.92,10.77,11.72,36.92,12.9816475,2345,444,1397,385.5,14,1.2184273,1.33125,1397,212.5,14,0.6157255,1.33125,1397,197.5,14,0.494933516,1.33125,4042,402.5,40.5,1.36635852,1.3375,4042,583,40.5,2.010052,1.3375,1797,885,18,3.03845,1.3375,74.12501,1.55,1.55,99.8091354
09/08/2026 11:33:12,14.29,0,17.46,8.06,1.59,6.35,19.05,16.39,6.35,22.22,33.33,11.11,13.02,33.33,13.3595991,2415,513,1397,181,14,0.460799873,1.3375,1235,496.5,12.375,1.47170019,1.35,1976,160.5,19.8,0.350115657,1.35,1797,670,18,1.71334541,1.35,4042,628,40.5,2.05839682,1.35,4042,940.5,40.5,3.16794562,1.35,75.37501,1.55,1.55,99.80912
09/08/2026 11:33:14,10.77,1.45,6.15,1.54,3.12,7.58,27.69,4.62,6.15,7.69,44.62,10.77,11.01,44.62,12.763814,1971,449,1397,196.5,14,0.497500271,1.35,1397,198.5,14,0.495082974,1.35,1397,201,14,0.560805559,1.35,4042,598.5,40.5,2.07872629,1.35625,1797,334.5,18,0.970732868,1.35625,1797,1166,18,3.95785284,1.35625,74.62501,1.55,1.55,99.809166
09/08/2026 11:33:16,15.62,1.54,6.25,3.12,10.94,17.19,15.62,3.08,7.81,29.69,21.88,1.56,11.19,29.69,13.1281328,2786,458,1397,269,14,0.771547854,1.325,1397,198.5,14,0.478698254,1.325,4042,573,40.5,1.82230437,1.325,1797,380.5,18,1.32373416,1.325,4042,833,40.5,2.87338519,1.325,4042,495.5,40.5,1.59841537,1.325,74.75001,1.55,1.55,99.80919
09/08/2026 11:33:18,14.06,6.25,10.94,1.56,9.38,25,7.81,6.25,7.81,40.62,15.62,6.25,12.63,40.62,13.2649231,2758,471,1397,234.5,14,0.632168531,1.3375,1397,215,14,0.4681158,1.3375,1797,764.5,18,2.57503486,1.3375,3875,259,40.5,0.78648293,1.35,4042,845.5,40.5,2.96389174,1.35,4042,506.5,40.5,1.623724,1.35,74.75001,1.55,1.55,99.80924
09/08/2026 11:33:20,10.94,7.81,23.44,39.06,20.31,12.5,48.44,33.33,3.12,6.25,9.38,14.06,19.05,48.44,16.6163,2920,678,1797,384,18,1.0257802,1.325,4042,850,40.5,2.65511084,1.325,1797,521.5,18,1.51381886,1.33125,1797,1653,18,5.205949,1.33125,4042,238.5,40.5,0.608851969,1.33125,4042,423.5,40.5,1.23391593,1.33125,76.00001,1.55,1.55,99.8092
09/08/2026 11:33:22,14.06,3.12,14.06,6.25,6.25,7.81,4.69,10.94,14.06,37.5,26.56,18.75,13.67,37.5,14.0560179,3668,539,1797,252,18,0.6019324,1.3625,4042,307.5,40.5,0.7470369,1.3625,4042,204.5,40.5,0.4374817,1.36875,4042,372,40.5,1.00424,1.36875,4042,1093.5,40.5,3.65736771,1.36875,4042,1005,40.5,3.28433156,1.36875,75.75001,1.55,1.55,99.80922
09/08/2026 11:33:24,6.25,3.08,12.31,4.62,1.52,10.77,17.19,27.69,4.69,12.5,20.31,18.75,11.64,27.69,12.9252529,2388,448,1235,237,12.375,0.6934606,1.31875,1235,327.5,12.375,0.9525202,1.31875,1976,122.5,19.8,0.260516137,1.31875,1797,912,18,3.29463172,1.31875,4042,333,40.5,1.0169096,1.31875,4042,756,40.5,2.565261,1.31875,74.87501,1.55,1.55,99.809166
09/08/2026 11:33:26,6.15,7.81,6.15,3.12,7.94,7.81,36.92,7.46,4.62,20,14.06,12.31,11.2,36.92,12.9885283,2720,456,1397,260,14,0.7295346,1.33125,1397,206.5,14,0.5788257,1.33125,1397,231.5,14,0.662973642,1.3375,4042,988.5,40.5,3.53534961,1.3375,4042,543.5,40.5,1.73399293,1.3375,4042,503.5,40.5,1.638672,1.3375,74.62501,1.55,1.55,99.80924
09/08/2026 11:33:28,7.81,1.56,12.5,6.25,0,7.81,29.69,0,6.25,25,20.31,21.88,11.59,29.69,12.8247023,2920,445,1797,133.5,18,0.3125447,1.34375,1797,254.5,18,0.7441606,1.34375,4042,134,40.5,0.286530823,1.34375,1797,637.5,18,2.269979,1.34375,4042,585.5,40.5,2.0006876,1.34375,4042,922.5,40.5,3.10291815,1.34375,74.12501,1.55,1.55,99.80921
09/08/2026 11:33:30,14.06,4.69,9.38,6.25,6.25,6.25,18.75,15.62,10.94,48.44,12.5,17.19,14.19,48.44,13.0266953,2786,455,1397,180,14,0.5195538,1.3375,1397,179,14,0.470504433,1.3375,4042,116.5,40.5,0.2612672,1.35,4042,632.5,40.5,2.17341,1.35,4042,1120,40.5,3.99523878,1.35,1797,503.5,18,1.55081093,1.35,74.75001,1.55,1.55,99.8092346
09/08/2026 11:33:32,20,7.46,18.46,18.18,9.23,10.77,13.85,35.38,20,38.46,26.15,10.77,19.06,38.46,13.3864393,3668,491,4042,278.5,40.5,0.7623416,1.35625,1797,520.5,18,1.62208807,1.35625,4042,196,40.5,0.4399158,1.35625,4042,881.5,40.5,3.048486,1.35625,4042,907.5,40.5,3.10597873,1.35625,4042,160.5,40.5,0.3594493,1.35625,75.37501,1.55,1.55,99.80923
09/08/2026 11:33:34,1.56,6.25,12.5,1.59,3.12,7.81,25,4.84,10.94,9.38,23.44,34.38,11.73,34.38,12.9394636,2544,454,1790,158.5,18,0.407390326,1.33125,1797,235,18,0.6625468,1.33125,4042,116,40.5,0.254635185,1.33125,1797,627.5,18,2.2182467,1.33125,1797,424.5,18,1.24956143,1.33125,4042,1164.5,40.5,3.941481,1.33125,74.50001,1.55,1.55,99.8091354
09/08/2026 11:33:36,12.5,4.69,10.94,1.59,4.69,14.06,21.88,20.97,4.69,26.56,9.38,31.25,13.6,31.25,13.0708742,2337,457,1345,136,14,0.325450242,1.35,1397,123,14,0.2855586,1.35,1397,219,14,0.6116972,1.35,1797,828.5,18,2.93566012,1.35,4042,650,40.5,2.2136693,1.35,4042,785,40.5,2.54977059,1.35,74.50001,1.55,1.55,99.8092
09/08/2026 11:33:38,13.64,0,7.58,1.52,13.64,7.58,3.03,28.79,12.12,15.15,15.15,27.27,12.12,28.79,12.8969183,2732,455,1235,182.5,12.375,0.4724097,1.31875,1235,141.5,12.375,0.331406683,1.31875,4042,327.5,40.5,1.009121,1.33125,1797,766,18,2.59185934,1.33125,4042,479.5,40.5,1.62691176,1.33125,4042,833.5,40.5,2.769204,1.33125,74.50001,1.55,1.55,99.80919
09/08/2026 11:33:40,4.76,1.59,7.94,0,0,6.35,31.75,38.1,3.17,34.92,1.59,0,10.85,38.1,13.3425388,2391,444,1276,125.5,14,0.323040426,1.34375,1212,115.5,12.375,0.283352017,1.34375,1976,169.5,19.8,0.385994762,1.34375,4042,1422.5,40.5,5.264404,1.34375,1797,755,18,2.75556159,1.34375,4042,76.5,40.5,0.170427024,1.34375,75.25001,1.55,1.55,99.80923
09/08/2026 11:33:42,9.38,1.54,26.56,7.81,7.81,9.38,15.62,1.59,1.56,10.94,15.62,31.25,11.59,31.25,12.920413,3200,453,1234,145.5,12.375,0.342451066,1.31875,4042,620.5,40.5,1.992224,1.33125,4042,355,40.5,1.07373118,1.33125,4042,296,40.5,1.00634491,1.33125,4042,431.5,40.5,1.33475459,1.33125,1797,868,18,2.97548318,1.33125,74.37501,1.55,1.55,99.80919
09/08/2026 11:33:44,6.35,11.48,11.29,1.67,20.97,25.81,23.81,6.56,1.59,7.94,11.11,12.7,11.77,25.81,12.8715754,2380,444,1235,203,12.375,0.575113535,1.31875,1190,108,12.375,0.258433759,1.3375,1976,961,19.8,3.26220369,1.3375,1797,566,18,1.99814188,1.3375,4042,302.5,40.5,0.8284821,1.3375,4042,524,40.5,1.77422738,1.3375,74.50001,1.55,1.55,99.8091354
09/08/2026 11:33:46,7.81,7.81,7.81,4.69,9.38,10.77,34.38,7.81,4.76,20.63,6.25,20.31,11.87,34.38,11.5916395,2014,442,1797,293.5,18,0.849794269,1.325,1797,196,18,0.5448109,1.325,4042,346.5,40.5,1.05088568,1.325,1235,835,12.375,3.02852821,1.33125,1235,526.5,12.375,1.79174972,1.33125,1976,455.5,19.8,1.52595437,1.33125,74.37501,1.55,1.55,99.8092041
09/08/2026 11:33:48,10.77,6.15,9.09,7.46,0,6.25,23.08,8.57,10.61,15.15,29.23,21.54,12.33,29.23,12.5668383,2635,437,1976,307.5,19.8,0.939676762,1.34375,1976,275.5,19.8,0.7933012,1.34375,1976,108.5,19.8,0.2588705,1.3375,1797,603.5,18,2.10339451,1.3375,4042,341.5,40.5,1.0715878,1.3375,4042,986.5,40.5,3.410912,1.3375,73.87501,1.55,1.55,99.80918
09/08/2026 11:33:50,27.69,16.92,27.69,35.38,32.31,16.92,32.31,12.31,24.62,13.85,46.15,23.08,25.77,46.15,17.5430946,3678,978,4017,726.5,40.25,1.82407284,1.34375,4017,1162,40.25,3.30218816,1.34375,1959,865,19.625,2.195531,1.2375,4017,872,40.25,2.23214626,1.275,4017,829,40.25,2.124486,1.2375,4042,1412.5,40.5,3.82150483,1.3375,74.37501,1.55,1.55,99.80923
09/08/2026 11:33:52,60.32,39.68,57.14,46.03,52.38,38.1,36.51,53.97,57.14,39.68,66.67,31.75,48.28,66.67,25.7576866,3992,1871,3992,1816.5,40,4.250553,1.31875,3992,2167,40,5.17995071,1.31875,3992,1768,40,4.08584166,1.31875,3992,1973,40,4.732104,1.31875,3992,1785,40,4.147173,1.31875,3992,1716.5,40,3.963984,1.31875,76.25001,1.55,1.55,99.80921
09/08/2026 11:33:54,33.85,29.23,24.62,46.15,41.54,20,46.15,47.69,27.69,26.15,20,49.23,34.36,49.23,20.56608,3273,1146,4017,885.5,40.25,2.45444584,1.35625,4017,1110.5,40.25,3.28403544,1.35625,1785,1056.5,17.88889,2.785917,1.35,4017,1728.5,40.25,4.408356,1.35,1785,865.5,17.88889,2.39674926,1.35,4017,1227,40.25,3.579916,1.35,79.125,1.55,1.55,99.8092041
09/08/2026 11:33:56,32.81,20.31,54.69,39.06,37.5,45.31,40.62,51.56,21.88,23.44,20.31,7.81,32.94,54.69,21.4453659,3622,1318,1774,1078.5,17.7777786,2.61557221,1.35,3992,1779,40,4.20969248,1.35,3992,1581.5,40,3.69579315,1.33125,3992,1952.5,40,4.97268057,1.33125,3992,853.5,40,2.18030143,1.33125,3992,662.5,40,1.70762408,1.33125,80.75,1.55,1.55,99.80916
09/08/2026 11:33:58,35.94,23.44,48.44,52.31,50,37.5,54.69,28.12,20.31,32.81,31.25,29.69,37.04,54.69,22.7452526,3130,1518,3918,1112,39.25,2.45711517,1.3,3768,2118,37.75,4.941204,1.23125,3768,1791.5,37.75,3.974041,1.23125,3768,1725,37.75,4.24567842,1.23125,1884,1121.5,18.875,2.8031435,1.23125,1675,1240,16.7777786,3.21182513,1.23125,81.875,1.55,1.55,99.80919
09/08/2026 11:34:00,10.94,1.56,35.94,21.88,37.5,40.62,51.56,39.06,26.56,23.44,21.88,32.81,28.65,51.56,19.41011,3645,1146,4017,224.5,40.25,0.5148928,1.34375,4017,1088.5,40.25,2.71167779,1.34375,1785,1539.5,17.88889,3.787368,1.34375,4017,1767,40.25,4.8170743,1.34375,4017,1046,40.25,2.549154,1.35,4017,1207.5,40.25,3.60360122,1.35,83.25,1.55,1.55,99.809166
09/08/2026 11:34:02,40.62,31.25,42.19,34.38,34.38,35.94,42.19,26.56,17.19,21.88,18.75,14.06,29.95,42.19,20.0098915,4042,1197,4042,1449.5,40.5,3.82974052,1.35625,4042,1505.5,40.5,3.63084626,1.375,4042,1380,40.5,3.45284653,1.375,4042,1430,40.5,3.65631986,1.375,4042,771.5,40.5,1.86487055,1.375,4042,647.5,40.5,1.66386139,1.375,83.5,1.55,1.55,99.80919
09/08/2026 11:34:04,18.75,18.75,29.69,29.69,28.12,29.69,20.31,12.5,28.12,34.38,40.62,35.94,27.21,40.62,19.0692577,4017,1028,4017,614.5,40.25,1.64543319,1.34375,4017,1082.5,40.25,2.78666329,1.34375,4017,1162.5,40.25,3.02537918,1.34375,4017,667.5,40.25,1.831279,1.34375,4017,1176.5,40.25,3.28686357,1.34375,4017,1462.5,40.25,3.844376,1.34375,83.375,1.55,1.55,99.80915
09/08/2026 11:34:06,34.92,23.81,28.57,19.05,26.98,30.16,39.68,39.68,33.33,39.68,42.86,42.86,33.47,42.86,18.7085056,3645,1064,4017,913.5,40.25,2.29681373,1.3375,4017,738,40.25,1.941989,1.3375,4017,824,40.25,2.00337458,1.3375,1785,1244.5,17.88889,3.19775963,1.3375,4017,1062,40.25,2.81313062,1.3375,4017,1605,40.25,4.125222,1.3375,83.75,1.55,1.55,99.80918
09/08/2026 11:34:08,10.94,14.06,25,17.19,12.5,21.88,26.56,25,15.62,29.69,39.06,42.19,23.31,42.19,18.7989635,2513,1022,3992,610,40,1.55161572,1.33125,1774,1017,17.7777786,2.65476274,1.33125,1774,781.5,17.7777786,2.11583781,1.33125,1774,1031.5,17.7777786,2.59929419,1.33125,1774,1026.5,17.7777786,2.84323263,1.33125,3992,1668.5,40,4.439155,1.325,83.625,1.55,1.55,99.8092
09/08/2026 11:34:10,22.22,19.05,41.27,44.44,19.05,7.94,31.75,19.05,28.57,28.57,30.16,30.16,26.85,44.44,19.712431,3658,1117,4017,838,40.25,2.140719,1.35625,4042,1668,40.5,4.10597658,1.34375,4042,529,40.5,1.43965578,1.34375,4042,1101,40.5,2.85242367,1.34375,1785,1247.5,17.88889,3.160605,1.3625,4017,1317.5,40.25,3.46660566,1.3625,84,1.55,1.55,99.80917
09/08/2026 11:34:12,16.92,1.54,12.31,20,20,18.46,41.54,38.46,20,29.23,43.08,36.92,24.87,43.08,18.3027172,3212,1006,1752,348.5,17.5555553,0.9210767,1.3,1752,580.5,17.5555553,1.5168997,1.3,3942,702,39.5,1.86330473,1.3,3942,1609.5,39.5,3.8278234,1.3,3942,1199.5,39.5,3.02342033,1.3,3942,1597.5,39.5,4.17720175,1.3,84.375,1.55,1.55,99.80913
09/08/2026 11:34:14,17.19,1.56,12.5,9.38,23.44,28.12,60.94,65.62,25,28.12,10.94,9.38,24.35,65.62,17.75883,3793,1013,3793,438,38,1.13356435,1.225,3793,522.5,38,1.3338294,1.225,3793,1117.5,38,2.90585232,1.225,3793,2464.5,38,5.736752,1.225,3793,989.5,38,2.37267733,1.225,3793,544,38,1.53855848,1.225,84.625,1.55,1.55,99.80921
09/08/2026 11:34:16,15.87,15.87,25.4,25.4,20.63,20.63,36.51,14.29,28.57,30.16,44.44,9.52,23.94,44.44,19.7402744,2506,1032,1752,679,17.5555553,1.64139354,1.29375,1752,1048,17.5555553,2.57573724,1.29375,3992,826,40,1.90406179,1.31875,3992,1079.5,40,3.0734818,1.31875,1774,1280,17.7777786,3.58446836,1.31875,1774,1279,17.7777786,4.924888,1.31875,84.125,1.55,1.55,99.8091354
09/08/2026 11:34:18,42.19,43.75,43.75,43.75,50,26.56,64.06,26.56,56.25,28.12,40.62,28.12,41.15,64.06,24.1151352,3914,1665,3918,1600.5,39.25,3.58843446,1.28125,3918,1793.5,39.25,3.82154274,1.28125,3918,1538.5,39.25,3.35390186,1.28125,3918,1919,39.25,4.650639,1.28125,3918,1641.5,39.25,3.78897119,1.28125,3893,1497.5,39,3.59241724,1.28125,84.5,1.55,1.55,99.80914
09/08/2026 11:34:20,14.06,6.25,12.5,10.94,21.88,6.25,43.75,37.5,14.06,20.31,26.56,18.75,19.4,43.75,16.5822964,3005,878,1397,536,14,1.3608402,1.21875,1663,545.5,16.666666,1.35165131,1.2125,3743,497,37.5,1.29537868,1.2125,3743,1778,37.5,4.40016842,1.2125,3743,1005.5,37.5,2.40758657,1.2125,3743,908.5,37.5,2.32002616,1.2125,84.375,1.55,1.55,99.8091354
09/08/2026 11:34:22,17.19,12.5,23.44,21.88,39.06,37.5,62.5,54.69,18.75,26.56,35.94,18.75,30.73,62.5,19.782671,3604,1211,3918,582.5,39.25,1.27981853,1.30625,1959,905.5,19.625,2.01486564,1.30625,3918,1514.5,39.25,3.370173,1.30625,3918,2240,39.25,5.17539549,1.30625,3918,981.5,39.25,2.43902874,1.29375,3992,1041.5,40,2.79082537,1.33125,84.625,1.55,1.55,99.80919
09/08/2026 11:34:24,15.38,3.08,23.08,32.31,13.85,6.15,50.77,44.62,12.31,24.62,23.08,15.38,22.05,50.77,17.1261253,3273,916,4017,401,40.25,1.03600943,1.34375,4017,1071.5,40.25,2.64332962,1.34375,4017,520,40.25,1.29920638,1.34375,4017,1856.5,40.25,4.302775,1.34375,1785,871,17.88889,2.26203966,1.34375,1785,776.5,17.88889,2.04786754,1.34375,84.625,1.55,1.55,99.80923
09/08/2026 11:34:26,27.69,12.31,38.46,40,16.92,13.85,44.62,40,32.31,20,44.62,33.85,30.38,44.62,21.0295315,3338,1300,3718,942.5,37.25,2.26826453,1.23125,1641,1691,16.4444447,3.80965233,1.20625,3668,724.5,36.75,1.64613676,1.2,3668,1735,36.75,3.93473363,1.2,3668,1088.5,36.75,2.67512918,1.2,3668,1618,36.75,3.836039,1.2,84.625,1.55,1.55,99.809166
09/08/2026 11:34:28,20,9.23,27.69,20,20,29.23,55.38,43.08,23.08,26.15,49.23,33.85,29.74,55.38,19.601511,2343,1197,1630,559.5,16.333334,1.25414729,1.1875,3668,924,36.75,1.98072147,1.1875,1630,1186,16.333334,2.617684,1.1875,1834,1756.5,18.375,3.987212,1.1875,3668,1049,36.75,2.47185373,1.1875,1630,1708,16.333334,3.90753675,1.1875,84.875,1.55,1.55,99.80914
09/08/2026 11:34:30,28.79,21.21,39.39,51.52,56.06,62.12,51.52,48.48,24.24,7.58,40.91,21.21,37.75,62.12,21.4721127,3622,1523,3992,935.5,40,1.90472925,1.33125,1774,2087.5,17.7777786,4.04094839,1.33125,3992,2275,40,3.84363985,1.33125,3992,2025,40,4.490819,1.33125,3992,703,40,1.77152085,1.33125,3992,1110,40,2.59798741,1.33125,84.75,1.55,1.55,99.8092041
09/08/2026 11:34:32,23.44,7.81,35.94,34.38,48.44,48.44,54.69,61.54,20.31,10.94,20.31,24.62,32.57,61.54,20.63771,3212,1364,1752,590.5,17.5555553,1.255313,1.3,3942,1399.5,39.5,2.89244318,1.3,3942,1996,39.5,3.85224462,1.3,3942,2515,39.5,5.26910925,1.3,1752,708,17.5555553,1.57811713,1.3,3942,972,39.5,2.4287343,1.3,84.75,1.55,1.55,99.80917
09/08/2026 11:34:34,35.38,21.54,52.31,50,43.08,39.06,67.69,61.54,40,33.85,36.92,38.46,43.32,67.69,19.9610481,3253,1504,1774,941.5,17.7777786,1.81428683,1.33125,1774,1775,17.7777786,3.06176519,1.33125,3992,1596.5,40,2.858143,1.33125,3992,2394.5,40,4.885878,1.33125,3992,1083,40,2.11181331,1.3375,3992,1231,40,2.677342,1.3375,85,1.55,1.55,99.80917
09/08/2026 11:34:36,14.06,7.69,28.12,10.94,12.31,10.77,17.19,17.91,10.94,14.06,29.69,23.44,16.43,29.69,13.8242178,2901,656,1785,375,17.88889,0.9006978,1.3625,1785,666,17.88889,1.75799441,1.3625,4017,481,40.25,1.18412721,1.3625,1785,824.5,17.88889,2.063208,1.3625,4017,543.5,40.25,1.28692758,1.3625,4017,1049,40.25,2.59499,1.3625,84.375,1.55,1.55,99.80916
09/08/2026 11:34:38,10.77,3.08,13.85,53.12,13.85,4.62,18.46,4.62,15.38,33.85,33.85,60,22.12,60,15.5398445,2830,698,1741,263,17.4444447,0.7721295,1.26875,1741,998.5,17.4444447,2.63362241,1.26875,3918,186.5,39.25,0.442753822,1.26875,1741,226,17.4444447,0.6828889,1.26875,3918,822.5,39.25,2.561862,1.26875,3918,1692.5,39.25,5.2443676,1.26875,84.25,1.55,1.55,99.8092041
09/08/2026 11:34:40,14.06,0,1.56,1.56,7.81,6.25,60.94,87.5,20.31,14.06,3.12,12.5,19.14,87.5,14.1007071,3992,787,3992,351.5,40,1.2068733,1.35625,3992,147.5,40,0.378272355,1.35625,3992,239.5,40,0.6015429,1.35625,3992,2933,40,6.42488766,1.35625,3992,590,40,1.58878064,1.35625,3992,461,40,1.2174114,1.35625,84.875,1.55,1.55,99.80919
09/08/2026 11:34:42,1.56,7.81,17.19,3.12,6.25,0,87.5,76.56,12.5,3.12,7.81,9.38,19.4,87.5,13.81401,2797,772,1624,231,17.11111,0.7410361,1.24375,1708,458.5,17.11111,1.35803914,1.24375,1919,101,19.25,0.208519027,1.25625,3843,3235.5,38.5,7.363925,1.25625,3843,231.5,38.5,0.5355262,1.25625,3843,372.5,38.5,1.04364908,1.25625,85.125,1.55,1.55,99.80915
09/08/2026 11:34:44,15.62,18.75,42.19,15.87,28.12,4.69,54.69,54.69,20.31,20.31,37.5,26.56,28.28,54.69,16.8131485,2703,1027,1235,588.5,12.375,1.43075073,1.2875,1235,1029,12.375,2.521586,1.2875,3992,512.5,40,1.34757864,1.3125,3992,2062,40,4.101614,1.3125,1774,787,17.7777786,2.05816936,1.3125,3992,1185.5,40,2.78937745,1.3125,85,1.55,1.55,99.80922
09/08/2026 11:34:46,12.5,6.25,9.38,4.69,12.5,6.25,12.5,20.31,21.88,25,43.75,93.75,22.4,93.75,15.32092,2920,791,4042,323.5,40.5,0.9322439,1.35625,1797,197,18,0.522274256,1.35625,1797,263.5,18,0.6983994,1.35625,1797,348,18,0.9809126,1.35,4042,878.5,40.5,2.64035153,1.35,4042,2737,40.5,7.1176877,1.35,84.875,1.55,1.55,99.80921
09/08/2026 11:34:48,26.56,9.23,32.81,27.69,17.19,10.77,34.38,25,29.69,25,42.19,50,27.54,50,14.1454744,4042,686,4042,251,40.5,0.610011,1.35,4042,886,40.5,2.106497,1.35,4042,186,40.5,0.42100057,1.35,4042,754,40.5,1.91414762,1.35,4042,782,40.5,1.95935011,1.35,4042,1259.5,40.5,3.00672674,1.35,84.125,1.55,1.55,99.80919
09/08/2026 11:34:50,10.94,3.12,21.88,21.88,17.19,18.75,12.5,9.38,7.81,7.81,59.38,54.69,20.44,59.38,15.1337595,3290,776,1797,264,18,0.631913662,1.35625,4042,760,40.5,1.73353243,1.35625,4017,649.5,40.25,1.56065011,1.35625,1797,474.5,18,1.19557273,1.35625,4042,296.5,40.5,0.6632266,1.35625,4042,2210.5,40.5,5.43592024,1.35625,83.625,1.55,1.55,99.80914
09/08/2026 11:34:52,9.38,6.25,12.5,20.31,7.81,0,9.38,1.56,3.12,3.12,35.94,51.56,13.41,51.56,13.7165728,2915,609,1797,183,18,0.454481333,1.34375,1797,832.5,18,2.24692178,1.34375,4042,238.5,40.5,0.5681968,1.34375,4017,354.5,40.25,1.00717425,1.34375,4042,178.5,40.5,0.407137573,1.35,1797,1867.5,18,5.179499,1.35,83.625,1.55,1.55,99.80923
09/08/2026 11:34:54,4.69,3.12,20.31,10.61,15.62,22.73,37.5,29.69,21.88,6.25,17.19,20.31,17.49,37.5,14.0511179,2518,626,1774,163.5,17.7777786,0.43365407,1.3375,1774,503,17.7777786,1.353895,1.3375,3992,746,40,2.03107882,1.3375,1774,1229.5,17.7777786,3.41624141,1.3375,1774,541.5,17.7777786,1.46535707,1.3375,4017,573,40.25,1.47010314,1.3375,83,1.55,1.55,99.80919
09/08/2026 11:34:56,9.23,6.15,7.69,3.17,12.31,9.23,55.38,46.15,4.62,4.69,18.46,20,16.42,55.38,13.7332735,2336,620,1395,169,14,0.451313674,1.36875,1345,158,14,0.395438761,1.36875,1397,434.5,14,1.19493175,1.36875,4042,1970,40.5,5.290622,1.36875,1797,172,18,0.374917835,1.36875,4042,814,40.5,2.29196358,1.36875,83.375,1.55,1.55,99.80912
09/08/2026 11:34:58,9.52,9.52,22.22,12.5,12.7,6.35,28.57,19.05,26.98,23.81,22.22,23.81,18.11,28.57,13.848031,3294,661,4042,238,40.5,0.597422063,1.30625,4042,635.5,40.5,1.603012,1.30625,1797,325,18,0.8194906,1.30625,4042,977,40.5,2.633588,1.30625,1797,842.5,18,2.12810254,1.30625,4042,948.5,40.5,2.369946,1.30625,83.125,1.55,1.55,99.8092041
09/08/2026 11:35:00,12.31,7.69,13.85,3.08,18.46,17.91,38.46,44.62,12.31,15.38,21.54,23.08,19.06,44.62,13.7483206,2388,651,1235,325,12.375,0.828403652,1.35625,1235,321.5,12.375,0.8269754,1.35625,1976,546.5,19.8,1.38847744,1.35625,1797,1543,18,3.80969048,1.35625,4042,459.5,40.5,1.08223891,1.36875,4042,713,40.5,1.90818822,1.36875,83,1.55,1.55,99.8092
09/08/2026 11:35:02,15.62,10.94,18.75,10.94,3.12,12.5,25,14.06,9.38,7.81,42.19,9.38,14.97,42.19,13.3648415,2388,617,1235,433.5,12.375,1.16047883,1.34375,1235,483.5,12.375,1.24773586,1.34375,1976,420,19.8,1.02940989,1.34375,1797,740,18,2.04015255,1.34375,4042,376,40.5,0.928037763,1.34375,4042,1247.5,40.5,3.370902,1.34375,82.625,1.55,1.55,99.80922
09/08/2026 11:35:04,23.81,20.63,21.88,14.06,18.75,26.56,20.63,21.88,22.22,25,9.52,11.11,19.67,26.56,13.3647671,2996,611,1976,554.5,19.8,1.40399444,1.35625,1976,444,19.8,1.15007436,1.35625,1976,757,19.8,2.01238132,1.35625,4017,774.5,40.25,2.18278956,1.35625,4017,809,40.25,2.222424,1.35625,4017,324.5,40.25,0.9087255,1.35625,82.375,1.55,1.55,99.80922
09/08/2026 11:35:06,7.69,9.23,20,6.15,7.69,27.69,20,15.38,18.46,23.08,15.38,15.38,15.51,27.69,13.4294786,2452,623,1235,211.5,12.375,0.5341137,1.35,4042,515.5,40.5,1.30255723,1.35625,1797,763.5,18,1.98035192,1.35625,1797,736.5,18,2.02582574,1.35625,4042,830.5,40.5,2.19305825,1.36875,1797,682.5,18,1.85075116,1.36875,82,1.55,1.55,99.80915
09/08/2026 11:35:08,18.46,10.77,12.31,30.77,23.08,32.31,33.85,20,20,13.85,30.77,32.31,23.21,33.85,17.5364666,2853,903,1752,458.5,17.5555553,1.1294663,1.30625,3942,948,39.5,2.51757836,1.30625,3942,1151,39.5,2.93678737,1.30625,1752,965.5,17.5555553,2.734416,1.30625,3967,681.5,39.75,1.62682486,1.30625,1763,1213,17.666666,3.08919358,1.30625,82.5,1.55,1.55,99.80916
09/08/2026 11:35:10,20.31,17.19,7.81,7.81,0,7.81,48.44,67.19,15.62,4.69,20.31,17.19,19.53,67.19,14.8669128,2482,750,1797,645,18,1.71666861,1.35,4042,274.5,40.5,0.723962963,1.35,4042,141,40.5,0.2884466,1.35,1797,2277,18,5.49344349,1.35,1235,328,12.375,0.7804472,1.3625,1976,834,19.8,2.263155,1.3625,83.25,1.55,1.55,99.80918
09/08/2026 11:35:12,20.31,15.62,15.62,12.5,18.75,12.5,28.12,25,17.19,17.19,34.38,45.31,21.88,45.31,14.080802,3253,708,1774,545,17.7777786,1.53049934,1.35625,1774,382,17.7777786,0.9128184,1.35625,3992,337.5,40,0.7702167,1.35625,3992,911.5,40,2.463491,1.35625,3992,639.5,40,1.50428331,1.35625,3992,1430,40,3.3759737,1.35625,83.75,1.55,1.55,99.80918
09/08/2026 11:35:14,20,12.31,18.46,15.38,35.38,38.46,41.54,36.92,12.31,16.92,33.85,30.77,26.03,41.54,14.7746916,3294,763,1797,320,18,0.800341845,1.36875,4042,576.5,40.5,1.37276208,1.36875,4042,1184.5,40.5,2.87851,1.36875,1797,1101,18,2.64412785,1.36875,4042,368,40.5,0.8751613,1.36875,4042,1030.5,40.5,2.463373,1.375,83.375,1.55,1.55,99.80918
09/08/2026 11:35:16,6.25,1.56,9.38,4.69,12.5,10.94,75,93.75,9.38,0,12.5,0,19.66,93.75,14.9893284,2860,800,1725,154.5,17.7777786,0.364345074,1.3125,1774,342,17.7777786,1.0314573,1.3125,1763,474.5,17.666666,1.2908957,1.3125,3967,3351.5,39.75,7.838985,1.34375,3967,218,39.75,0.490353137,1.34375,3967,262,39.75,0.725194,1.34375,84.375,1.55,1.55,99.8092041
09/08/2026 11:35:18,15.87,11.11,15.87,14.29,17.46,20.63,44.44,39.68,30.16,30.16,26.98,21.88,24.05,44.44,15.117074,3294,802,1797,343.5,18,0.8346781,1.30625,4042,478.5,40.5,1.14849734,1.30625,4042,564,40.5,1.35206282,1.30625,4042,1479,40.5,3.58454156,1.30625,1797,1023,18,2.41541123,1.375,4042,924,40.5,2.20300484,1.375,84.125,1.55,1.55,99.80922
09/08/2026 11:35:20,29.69,20.31,23.44,26.56,14.06,18.75,42.19,35.94,34.38,28.12,43.75,31.25,29.04,43.75,19.9090137,2850,1227,1730,1040,17.333334,2.46451163,1.2875,1730,833.5,17.333334,1.92254472,1.2875,3893,731.5,39,1.62933862,1.2875,3893,1849.5,39,4.493889,1.2875,3893,1402.5,39,3.41541028,1.2875,1959,1502.5,19.625,3.781277,1.28125,83.875,1.55,1.55,99.80916
09/08/2026 11:35:22,23.08,13.85,30.77,18.46,16.92,18.46,44.62,43.08,32.31,32.31,44.62,26.15,28.72,44.62,19.4388733,2905,1225,1797,759.5,18,1.67618918,1.35625,1797,1010,18,2.24701738,1.35625,4017,728,40.25,1.57929885,1.35625,4017,1901,40.25,4.620809,1.35625,4017,1397,40.25,3.36094952,1.35625,1785,1554,17.88889,3.97365928,1.35625,83.625,1.55,1.55,99.80913
09/08/2026 11:35:24,18.75,9.38,20.31,18.75,26.56,28.12,25,10.94,18.75,18.75,40.62,39.06,22.92,40.62,16.40128,2388,864,1235,452.5,12.375,1.14960313,1.35625,1235,766,12.375,1.80800092,1.35625,1976,1029.5,19.8,2.47063637,1.35625,4042,596.5,40.5,1.54681718,1.35625,4042,787.5,40.5,1.97591245,1.35625,1797,1551,18,3.96439981,1.36875,83.25,1.55,1.55,99.80919
09/08/2026 11:35:26,17.19,6.25,18.75,6.25,25,37.5,10.94,12.5,18.75,21.88,37.5,28.12,20.05,37.5,14.4231262,2920,744,1797,372,18,0.8498725,1.36875,1797,288.5,18,0.703918457,1.36875,4042,973,40.5,2.236863,1.36875,4042,584.5,40.5,1.39116371,1.36875,4042,1071,40.5,2.59417582,1.36875,1797,1178,18,2.82841659,1.36875,83,1.55,1.55,99.80921
09/08/2026 11:35:28,9.52,9.38,39.68,25.4,28.57,30.16,11.11,3.17,11.11,12.7,33.33,28.57,20.23,39.68,14.78112,4017,785,4017,419,40.25,0.960087061,1.33125,4017,1302.5,40.25,3.01123047,1.33125,4017,1217.5,40.25,2.79862165,1.33125,4017,157,40.25,0.411150217,1.33125,4017,488.5,40.25,1.15581357,1.33125,4017,1124,40.25,2.612937,1.33125,82.375,1.55,1.55,99.8092041
09/08/2026 11:35:30,21.88,6.25,18.75,9.38,20.31,21.88,35.94,37.5,29.69,23.44,14.06,9.38,20.7,37.5,14.1057949,2899,730,1774,235.5,17.7777786,0.555756152,1.33125,1785,374.5,17.88889,0.849844635,1.33125,4017,794.5,40.25,1.81670511,1.33125,1785,1505.5,17.88889,3.61376429,1.33125,4017,974,40.25,2.25796056,1.33125,4017,493,40.25,1.17298007,1.33125,82.125,1.55,1.55,99.80919
09/08/2026 11:35:32,15.62,10.94,21.88,4.69,12.5,10.94,56.25,28.12,23.44,23.44,48.44,32.81,24.09,56.25,17.3832912,3273,971,1785,373.5,17.88889,0.9594132,1.34375,1785,624.5,17.88889,1.688447,1.34375,4017,651.5,40.25,1.65788388,1.34375,4017,1680,40.25,4.44383764,1.34375,4017,932,40.25,2.26649761,1.34375,4017,1564.5,40.25,4.187073,1.34375,83.125,1.55,1.55,99.80921
09/08/2026 11:35:34,31.25,20.31,15.62,18.75,14.06,17.19,45.31,32.81,21.88,20.31,60.94,39.06,28.12,60.94,18.739994,3285,1058,1797,709.5,18,1.76487172,1.3625,4042,696.5,40.5,1.70194376,1.3625,1797,642,18,1.47604811,1.3625,4017,1623.5,40.25,4.23376274,1.3625,4017,825.5,40.25,2.063448,1.35625,4042,1849.5,40.5,4.717374,1.35625,83.25,1.55,1.55,99.80916
09/08/2026 11:35:36,23.44,20.31,28.12,15.62,29.69,34.38,32.81,12.5,35.94,28.12,39.06,29.69,27.47,39.06,18.6190128,3645,1065,4017,846.5,40.25,2.13033438,1.33125,4017,879,40.25,2.1665554,1.33125,4017,1391.5,40.25,3.41192222,1.33125,1785,975,17.88889,2.60242629,1.33125,4017,1097.5,40.25,2.72222948,1.33125,4017,1198,40.25,3.26201177,1.33125,83,1.55,1.55,99.80918
09/08/2026 11:35:38,12.5,10.94,18.75,7.81,42.19,34.38,34.38,26.56,23.44,15.62,17.19,7.81,20.96,42.19,15.4858351,2539,817,1785,622,17.88889,1.44818306,1.3375,4017,574,40.25,1.4490869,1.3375,1797,1448,18,3.3119278,1.35625,4042,1211.5,40.5,2.80178952,1.35625,1797,588.5,18,1.41628909,1.35625,1797,460.5,18,1.18358445,1.35625,82.875,1.55,1.55,99.8092041
09/08/2026 11:35:40,20.63,20.63,25.4,17.46,17.46,12.7,39.68,33.33,34.92,31.75,22.22,15.87,24.34,39.68,17.6111774,3294,983,1797,750.5,18,1.90796864,1.35,4042,759,40.5,1.83885014,1.35,4042,785.5,40.5,2.0070045,1.35,1797,1440.5,18,3.60535169,1.35,4042,1104.5,40.5,2.7657454,1.35,4042,1060.5,40.5,2.81937885,1.35,82.75,1.55,1.55,99.80919
09/08/2026 11:35:42,24.62,12.31,15.38,13.85,15.38,21.54,33.85,32.31,30.77,38.46,46.15,27.69,26.03,46.15,18.2664623,3232,1053,1763,862,17.666666,2.11271334,1.29375,3967,418,39.75,0.9849455,1.29375,3967,679.5,39.75,1.68677676,1.29375,1763,1401,17.666666,3.54749775,1.29375,3967,1496,39.75,3.78467822,1.29375,3967,1462.5,39.75,3.92616367,1.29375,83.25,1.55,1.55,99.80919
09/08/2026 11:35:44,12.31,12.31,15.38,16.92,12.31,4.62,41.54,40,30.77,40,29.23,24.62,23.33,41.54,16.0666962,4042,889,4042,488.5,40.5,1.16048217,1.35,4042,559,40.5,1.39624,1.35,4042,331,40.5,0.799563348,1.35,4042,1472,40.5,3.48624587,1.35,4042,1618.5,40.5,3.87816453,1.35,4042,866,40.5,2.38099241,1.35,84,1.55,1.55,99.80921
09/08/2026 11:35:46,20.31,10.94,20.31,23.44,18.75,17.19,42.19,34.38,14.06,7.81,37.5,25,22.66,42.19,17.4892483,3967,973,3967,680.5,39.75,1.70900214,1.3,3967,804,39.75,2.00156736,1.3,3967,704,39.75,1.84029,1.3,3967,1770,39.75,4.39854145,1.3,3967,488.5,39.75,1.26097751,1.3,3967,1389,39.75,3.73313522,1.3,83.625,1.55,1.55,99.80914
09/08/2026 11:35:48,42.86,50.79,33.33,42.19,33.33,26.98,28.57,26.98,17.46,26.98,50.79,53.97,36.19,53.97,20.4541645,4013,1386,4017,1511.5,40.25,3.3498764,1.34375,4017,1499,40.25,3.05219555,1.34375,3992,919.5,40,1.69928265,1.34375,4017,1374.5,40.25,2.69782257,1.325,4017,995,40.25,2.309134,1.325,4017,2017.5,40.25,5.02438259,1.33125,83.625,1.55,1.55,99.8092
09/08/2026 11:35:50,45.31,29.69,28.12,18.75,12.5,14.06,42.19,31.25,10.94,17.19,45.31,45.31,28.39,45.31,17.8520432,2920,1075,4042,1483.5,40.5,3.67343926,1.3625,1797,748.5,18,1.78900158,1.3625,1797,569.5,18,1.25702739,1.3625,1797,1188,18,2.83144951,1.36875,4042,769,40.5,1.91939545,1.36875,4042,1693,40.5,4.292825,1.36875,84,1.55,1.55,99.80919
09/08/2026 11:35:52,9.38,3.12,12.5,6.25,32.81,35.94,21.88,20.31,9.38,14.06,40.62,34.38,20.05,40.62,14.905344,2496,786,1752,199,17.5555553,0.474870771,1.325,3967,291.5,39.75,0.7476202,1.29375,1763,1359.5,17.666666,3.14063334,1.29375,1763,803,17.666666,1.83386135,1.29375,1763,548.5,17.666666,1.36148942,1.29375,3967,1511.5,39.75,3.42318773,1.29375,84,1.55,1.55,99.80921
09/08/2026 11:35:54,7.69,4.62,13.85,7.69,29.23,4.62,81.54,93.85,12.31,10.77,4.62,1.54,22.69,93.85,14.6432619,2700,790,1235,147.5,12.375,0.347889721,1.28125,1235,273,12.375,0.6925204,1.28125,1976,630.5,19.8,1.818568,1.28125,3918,3332.5,39.25,7.44080257,1.28125,3918,253.5,39.25,0.5266083,1.28125,3918,105,39.25,0.210240036,1.28125,84.375,1.55,1.55,99.8092346
09/08/2026 11:35:56,9.38,6.15,17.19,9.23,18.46,23.08,56.25,53.12,10.94,3.08,62.5,40,25.78,62.5,18.0380936,3918,1057,3918,358,39.25,0.9212477,1.28125,3918,622.5,39.25,1.53539252,1.28125,3918,902,39.25,2.32262444,1.28125,3918,2188.5,39.25,4.901663,1.28125,3918,521.5,39.25,1.488195,1.28125,3918,1751.5,39.25,4.72412539,1.28125,84.75,1.55,1.55,99.80914
09/08/2026 11:35:58,25,14.06,29.69,20.31,21.88,12.5,65.62,23.44,42.19,39.06,57.81,35.94,32.29,65.62,20.9280586,3439,1278,3743,822.5,37.5,2.07876945,1.1875,3743,1138,37.5,2.75821543,1.1875,3743,824.5,37.5,1.795755,1.1875,1871,1736,18.75,5.175452,1.1875,3768,1404,37.75,3.79905,1.21875,3768,1741.5,37.75,4.47089434,1.21875,84.75,1.55,1.55,99.80915
09/08/2026 11:36:00,53.12,37.5,51.56,34.38,46.88,18.75,67.19,21.88,50,37.5,59.38,25,41.93,67.19,24.2068329,3810,1676,3818,1676,38.25,3.684397,1.3125,3818,1740,38.25,3.67424726,1.3125,3818,1328,38.25,2.90429068,1.3125,3818,1733.5,38.25,4.55247545,1.3125,3793,1663.5,38,4.056978,1.24375,3793,1918,38,5.044257,1.24375,84.875,1.55,1.55,99.80916
09/08/2026 11:36:02,17.19,6.25,23.44,18.75,10.94,14.06,15.62,1.56,26.56,32.81,46.88,42.19,21.35,46.88,15.3660364,3535,829,3942,418.5,39.5,0.9966483,1.36875,3942,762,39.5,1.82004988,1.375,3942,574.5,39.5,1.329417,1.375,3942,389.5,39.5,0.962343454,1.375,3768,1014.5,37.75,2.380989,1.2125,1675,1814.5,16.7777786,4.193195,1.2125,84.25,1.55,1.55,99.80915
09/08/2026 11:36:04,20.63,12.7,19.05,12.7,22.22,22.22,46.03,29.69,28.57,25.4,57.14,47.62,28.66,57.14,18.3011627,3487,1133,1708,631.5,17.11111,1.41369045,1.24375,3843,638.5,38.5,1.37970209,1.24375,3843,874,38.5,1.97186041,1.24375,3843,1586,38.5,3.51158571,1.24375,3843,1120.5,38.5,2.58333087,1.2625,3843,1945,38.5,4.56787872,1.2625,84.375,1.55,1.55,99.80915
09/08/2026 11:36:06,12.31,6.15,36.92,26.15,21.54,20,41.54,30.77,21.54,24.62,46.15,33.85,26.79,46.15,18.4743881,2539,1089,1959,587,19.625,1.41641057,1.29375,1741,1150,17.4444447,2.73871613,1.29375,1959,826,19.625,2.01057839,1.2875,1741,1275,17.4444447,3.31283927,1.2875,3918,1037.5,39.25,2.690539,1.2875,3918,1658,39.25,4.33548737,1.2875,84.25,1.55,1.55,99.80918
09/08/2026 11:36:08,18.75,12.5,20.31,7.81,32.81,28.12,20.31,15.62,21.88,28.12,40.62,28.12,22.92,40.62,16.0277157,2920,860,1797,532,18,1.23911178,1.3625,1797,453.5,18,1.14860547,1.3625,4042,961.5,40.5,2.25877547,1.3625,1797,782.5,18,1.932272,1.3625,4042,974,40.5,2.34882951,1.36875,4042,1456.5,40.5,3.50575757,1.36875,83.875,1.55,1.55,99.80922
09/08/2026 11:36:10,23.44,12.5,20.31,9.38,10.94,25,50,26.56,32.81,32.81,48.44,34.38,27.21,50,17.7383556,3645,1042,1785,434,17.88889,1.01078749,1.34375,4017,667.5,40.25,1.50982428,1.34375,4017,739.5,40.25,1.81031907,1.34375,4017,1434.5,40.25,3.31884456,1.34375,4017,1199.5,40.25,2.80614662,1.34375,4017,1780,40.25,4.33036,1.3375,84,1.55,1.55,99.8092
09/08/2026 11:36:12,21.88,10.77,26.15,15.62,15.38,17.19,42.19,35.38,37.5,32.31,53.12,43.75,29.27,53.12,18.3438759,2911,1095,4042,596.5,40.5,1.50930583,1.35,1797,792.5,18,1.91243756,1.35,4042,468,40.5,1.0771668,1.375,1785,1290,17.88889,3.48199463,1.36875,1785,1313,17.88889,3.2633667,1.36875,4017,2108,40.25,5.361847,1.36875,84.375,1.55,1.55,99.80914
09/08/2026 11:36:14,20.31,4.69,26.56,26.56,14.06,15.62,18.75,14.06,18.75,14.06,40.62,26.56,20.05,40.62,15.05302,3577,801,3942,348,39.5,0.8303864,1.33125,3942,1128,39.5,2.5336318,1.33125,3942,694.5,39.5,1.56833959,1.33125,1752,718,17.5555553,1.73954129,1.33125,3942,584.5,39.5,1.38955343,1.30625,3942,1333,39.5,3.149692,1.30625,84.125,1.55,1.55,99.80916
09/08/2026 11:36:16,20.63,14.29,22.22,15.87,30.16,28.57,25.4,26.98,25.4,26.98,60.32,57.14,29.5,60.32,16.6683331,3583,937,3942,428.5,39.5,1.04558456,1.3,3942,465,39.5,1.08949649,1.3,3942,1021.5,39.5,2.35490322,1.3,3942,866,39.5,2.06899548,1.3,3967,878,39.75,2.10021925,1.3125,1763,1964,17.666666,4.889959,1.3125,83.75,1.55,1.55,99.80918
09/08/2026 11:36:18,18.75,9.38,18.75,14.06,12.5,12.5,31.25,24.62,21.88,29.69,53.12,40.62,23.93,53.12,18.1309624,3294,1062,4042,555,40.5,1.301353,1.35625,1797,718,18,1.56795752,1.35625,1797,511.5,18,1.25216484,1.35625,4042,1357,40.5,3.1441505,1.35625,4042,1202.5,40.5,2.88184214,1.35625,4042,2028,40.5,5.05422974,1.36875,83.625,1.55,1.55,99.8092
09/08/2026 11:36:20,28.12,10.94,34.38,29.69,23.44,17.19,48.44,48.44,26.56,25,56.25,28.12,31.38,56.25,18.8125172,3273,1171,4017,697,40.25,1.63744617,1.3625,1785,1238,17.88889,2.720819,1.3625,4017,842,40.25,1.99723041,1.3625,1785,1801,17.88889,4.24348164,1.3625,4017,959,40.25,2.22440934,1.3625,4017,1490,40.25,3.80590081,1.3625,84,1.55,1.55,99.80921
09/08/2026 11:36:22,18.18,7.58,22.73,19.7,24.24,28.79,39.39,24.24,21.21,18.18,33.33,16.67,22.85,39.39,15.6808109,3261,905,1774,402.5,17.7777786,0.9125637,1.31875,1774,768,17.7777786,1.71491063,1.31875,3992,890,40,2.00668335,1.31875,3992,1473.5,40,3.240948,1.31875,4017,817.5,40.25,1.813011,1.3375,4017,1076,40.25,2.7553215,1.3375,83.75,1.55,1.55,99.80919
09/08/2026 11:36:24,25.4,15.87,25.4,26.98,17.46,14.29,46.03,23.81,23.81,28.12,68.25,51.56,30.58,68.25,18.2231922,3645,1053,4017,751,40.25,1.75616121,1.3625,4017,977,40.25,2.22057486,1.35,4017,534,40.25,1.2347312,1.35,1785,1083,17.88889,2.53381252,1.35,4017,895,40.25,2.054073,1.35,4017,2077,40.25,5.165968,1.35,83.75,1.55,1.55,99.80925
09/08/2026 11:36:26,17.19,14.06,18.75,17.19,17.19,14.06,31.25,31.25,39.06,48.44,50,23.44,26.82,50,17.5642433,3294,1027,1797,638.5,18,1.517352,1.34375,4042,764,40.5,1.73675418,1.34375,4042,552,40.5,1.33872581,1.34375,1797,1113.5,18,2.84784341,1.34375,4042,1687,40.5,4.09108353,1.34375,4042,1406,40.5,3.86544657,1.34375,84.25,1.55,1.55,99.80915
09/08/2026 11:36:28,15.62,14.06,29.69,31.25,12.5,10.94,18.75,18.75,34.38,45.31,39.06,29.69,25,45.31,15.091301,3523,831,1921,409,19.25,0.984779,1.2375,3843,770.5,38.5,1.86968744,1.2625,3843,271,38.5,0.5466933,1.2625,3843,850,38.5,2.06545854,1.2625,3843,1332,38.5,3.03623462,1.2625,3843,1352.5,38.5,3.13005662,1.2625,84.125,1.55,1.55,99.80919
09/08/2026 11:36:30,26.56,7.81,21.88,21.88,23.44,28.12,43.75,31.25,21.88,26.56,40.62,48.44,28.52,48.44,18.0479774,2865,1053,1763,448,17.666666,1.07607055,1.35625,1763,804,17.666666,1.94958282,1.30625,3967,832.5,39.75,1.92866325,1.30625,1763,1490,17.666666,3.37056947,1.30625,3967,995,39.75,2.37325287,1.30625,3967,1746,39.75,4.224742,1.30625,83.875,1.55,1.55,99.80922
09/08/2026 11:36:32,32.81,17.19,25,21.88,29.69,25,39.06,25,26.56,23.44,65.62,50,31.77,65.62,18.8529129,2533,1108,4017,786.5,40.25,1.91115117,1.35,1785,758,17.88889,1.84332716,1.35,4017,920.5,40.25,2.21604872,1.35,1785,1178.5,17.88889,3.068686,1.35,1797,840,18,2.12569141,1.34375,1797,2164,18,5.713282,1.34375,84,1.55,1.55,99.80917
09/08/2026 11:36:34,33.33,25.4,38.1,15.62,19.05,12.7,49.21,34.92,25.4,17.46,34.92,31.75,28.15,49.21,18.2638435,3192,1054,1741,1058,17.4444447,2.53198385,1.2875,1741,868.5,17.4444447,2.20674157,1.2875,3918,577.5,39.25,1.4293865,1.2875,3918,1505,39.25,3.655841,1.2875,3918,836,39.25,2.03219652,1.2875,3918,1480.5,39.25,3.74282646,1.2875,83.875,1.55,1.55,99.8092346
09/08/2026 11:36:36,20.31,14.06,31.25,20.31,18.75,12.7,42.19,32.81,25,35.94,43.75,40.62,28.14,43.75,18.401392,2875,1060,3967,775.5,39.75,1.98797834,1.33125,3967,755.5,39.75,1.83617806,1.33125,1774,495.5,17.7777786,1.13213658,1.3125,1774,1301,17.7777786,3.2739265,1.3125,1774,1208,17.7777786,2.833161,1.3125,3992,1827.5,40,4.62619352,1.3125,83.875,1.55,1.55,99.80917
09/08/2026 11:36:38,34.38,14.29,29.69,14.06,7.81,10.94,32.81,22.22,31.25,45.31,51.56,39.06,27.78,51.56,18.765543,2545,1104,1797,914.5,18,2.26795721,1.35625,4042,699.5,40.5,1.7473954,1.35625,1797,648.5,18,1.6747781,1.35625,1797,1099.5,18,2.81357956,1.35625,1797,1420,18,3.524903,1.35625,4042,1844.5,40.5,4.737339,1.35625,84,1.55,1.55,99.80919
09/08/2026 11:36:40,32.81,17.19,42.19,32.81,37.5,19.05,39.06,7.81,31.75,37.5,43.75,59.38,33.4,59.38,20.6900787,3620,1265,3992,797,40,1.81226027,1.33125,3992,1364.5,40,2.73939943,1.33125,1763,1240,17.666666,2.95268035,1.33125,3992,880,40,2.45288634,1.34375,3992,1330.5,40,3.12865877,1.3375,3992,1977.5,40,5.16291571,1.3375,84.25,1.55,1.55,99.80916
09/08/2026 11:36:42,21.88,12.5,25,28.12,28.12,7.81,35.94,28.12,25,14.06,28.12,21.88,23.05,35.94,16.6941814,3294,897,4042,541.5,40.5,1.35026073,1.375,1797,1156.5,18,2.73612,1.375,1797,441.5,18,1.10560238,1.375,4042,1247.5,40.5,3.05709338,1.375,4042,809,40.5,2.09648,1.375,4042,1185,40.5,2.98428154,1.375,84.125,1.55,1.55,99.8092
09/08/2026 11:36:44,20.31,21.88,20.31,12.5,12.5,3.12,40.62,31.25,28.12,28.12,54.69,28.12,25.13,54.69,17.5231228,3694,1004,1976,955,19.8,2.34078,1.31875,4042,572,40.5,1.419918,1.31875,4042,376.5,40.5,0.9046704,1.33125,4042,1304.5,40.5,3.22275782,1.33125,4042,1354,40.5,3.35636544,1.33125,4017,1464,40.25,3.84589744,1.34375,84.125,1.55,1.55,99.80919
09/08/2026 11:36:46,31.25,23.44,25,20.31,26.56,17.19,34.38,22.22,23.44,25,64.06,45.31,29.85,64.06,18.5904045,3639,1075,3992,682.5,40,1.757481,1.33125,1774,712.5,17.7777786,1.72504175,1.33125,4017,717,40.25,1.817239,1.33125,4017,1357,40.25,3.51100683,1.33125,4017,1009,40.25,2.540136,1.33125,4017,1974.5,40.25,5.083155,1.33125,84.125,1.55,1.55,99.809166
09/08/2026 11:36:48,12.31,4.62,38.46,30.77,15.38,20,33.85,35.38,24.62,15.38,29.23,24.62,23.72,38.46,17.653635,2847,923,1752,418,17.5555553,1.05044878,1.30625,1752,1233,17.5555553,3.34621429,1.31875,3942,701,39.5,1.86562169,1.31875,1752,1234,17.5555553,3.13594651,1.31875,3942,800,39.5,2.14247966,1.31875,3942,1150,39.5,3.04487348,1.31875,84.375,1.55,1.55,99.80915
09/08/2026 11:36:50,32.81,23.44,43.75,26.56,4.69,17.19,46.88,51.56,21.88,17.19,25,23.44,27.86,51.56,17.9626637,2865,988,3967,978,39.75,2.4211235,1.31875,1763,1118.5,17.666666,2.69754434,1.31875,1763,427.5,17.666666,1.04071832,1.31875,3967,1789.5,39.75,4.43787575,1.3125,1763,719,17.666666,1.83113754,1.3125,3967,897,39.75,2.28975463,1.3125,84.375,1.55,1.55,99.80921
09/08/2026 11:36:52,28.12,21.54,18.75,15.38,21.88,27.69,23.44,21.88,28.12,20.31,51.56,34.38,26.09,51.56,18.223629,2529,977,1785,801,17.88889,1.96584487,1.34375,4017,642.5,40.25,1.67749274,1.34375,1785,1041,17.88889,2.80775142,1.34375,1785,783,17.88889,2.21293259,1.34375,4017,1136,40.25,2.96834016,1.35,1785,1460.5,17.88889,3.824586,1.35,84.375,1.55,1.55,99.80922
09/08/2026 11:36:54,28.12,14.06,15.62,20.31,20.31,17.19,35.94,23.44,14.06,14.06,64.06,57.81,27.08,64.06,18.8275986,3622,1114,3992,843.5,40,2.08693886,1.35,1774,802.5,17.7777786,1.95439672,1.35,3992,738.5,40,1.77401376,1.35,3992,1208,40,2.98822212,1.33125,3992,712,40,1.81092739,1.33125,3992,2382.5,40,5.715831,1.33125,84.375,1.55,1.55,99.8092
09/08/2026 11:36:56,18.75,6.25,18.75,25,3.12,9.38,40.62,31.25,28.12,25,39.06,35.94,23.44,40.62,16.3131447,3281,930,1797,465.5,18,1.10716224,1.36875,1797,789.5,18,1.77404833,1.36875,4042,327,40.5,0.7015708,1.36875,4017,1400.5,40.25,3.262296,1.38125,4017,1074,40.25,2.53745484,1.38125,4017,1521.5,40.25,3.99328232,1.38125,84.25,1.55,1.55,99.80914
09/08/2026 11:36:58,29.69,28.12,39.06,33.33,31.25,21.88,35.94,32.81,34.38,35.94,56.25,34.38,34.42,56.25,18.8764572,4017,1207,4017,1097,40.25,2.175875,1.3375,4017,1218,40.25,2.47881031,1.3375,4017,878,40.25,1.70322812,1.3375,4017,1224.5,40.25,2.61452675,1.3375,4017,1109.5,40.25,2.32540584,1.34375,4017,1717.5,40.25,3.58286834,1.34375,83.625,1.55,1.55,99.80923
09/08/2026 11:37:00,23.44,12.5,31.25,25,17.46,9.52,53.12,35.94,23.44,11.11,50,46.88,28.3,53.12,18.11135,3645,1074,4017,638.5,40.25,1.4807384,1.34375,4017,866,40.25,1.91214383,1.34375,4017,586,40.25,1.28609514,1.34375,4017,1719,40.25,4.088803,1.34375,1785,693.5,17.88889,1.75640988,1.34375,4017,1939.5,40.25,4.87955952,1.34375,83.5,1.55,1.55,99.809166
09/08/2026 11:37:02,28.12,15.62,20.31,23.44,12.5,14.06,35.94,21.88,35.94,29.69,62.5,46.88,28.91,62.5,18.65139,3662,1145,1785,732.5,17.88889,1.75187862,1.36875,4017,855.5,40.25,2.0152092,1.36875,4042,663,40.5,1.5873524,1.35,4042,1265.5,40.5,3.05448365,1.35,4042,1244,40.5,2.89335275,1.35,4042,2107.5,40.5,5.221479,1.35,83.875,1.55,1.55,99.80914
09/08/2026 11:37:04,14.29,4.76,22.22,17.46,14.29,20.63,25.4,14.29,33.33,30.16,33.33,25.4,21.3,33.33,15.6824617,3868,864,3868,290.5,38.75,0.71224004,1.3125,3868,697,38.75,1.59562576,1.29375,3868,777,38.75,1.73452759,1.29375,3868,743,38.75,1.80689347,1.29375,3868,1377,38.75,2.90397573,1.29375,3868,1296.5,38.75,3.08132815,1.29375,83.625,1.55,1.55,99.80917
09/08/2026 11:37:06,28.79,7.58,25.76,12.12,22.73,24.24,46.97,34.85,19.7,27.27,22.73,16.67,24.12,46.97,16.2969265,2895,904,1785,532.5,17.88889,1.23962724,1.35625,1785,793.5,17.88889,1.81692922,1.35625,4017,906.5,40.25,2.12095666,1.35625,4017,1468.5,40.25,3.540605,1.35625,1774,935.5,17.7777786,2.0754025,1.35625,3992,790,40,1.82572639,1.35,83.875,1.55,1.55,99.809166
09/08/2026 11:37:08,21.54,23.08,33.85,26.15,16.92,18.46,60,23.08,49.23,29.23,43.08,15.38,30,60,18.3560715,3351,1067,1641,873.5,16.4444447,2.00501966,1.19375,3693,974,37,2.03774834,1.19375,3693,597.5,37,1.27307785,1.19375,3693,1515,37,4.55898237,1.19375,3693,1445.5,37,3.74718356,1.19375,3693,998,37,3.28489351,1.2,84.5,1.55,1.55,99.80919
09/08/2026 11:37:10,29.69,12.5,25,20.31,15.62,18.75,37.5,15.62,23.44,23.44,53.12,39.06,26.17,53.12,19.6776886,2628,1040,1597,816.5,16,1.8401053,1.16875,1597,953.5,16,2.194717,1.16875,3593,620.5,36,1.39644969,1.175,3593,1074.5,36,2.72233248,1.175,1797,1014.5,18,2.41544628,1.175,3593,1763,36,4.401145,1.175,84.625,1.55,1.55,99.80918
09/08/2026 11:37:12,34.38,13.85,34.38,33.85,21.88,13.85,37.5,31.25,28.12,23.44,45.31,43.08,30.07,45.31,21.4528027,3253,1138,3992,632,40,1.517988,1.33125,1774,1157,17.7777786,2.74754357,1.325,3992,668.5,40,1.55956709,1.325,1774,1643,17.7777786,3.89196873,1.325,3992,1033.5,40,2.618142,1.325,3992,1697,40,4.314715,1.325,84.25,1.55,1.55,99.8092
09/08/2026 11:37:14,9.38,4.69,14.06,14.06,7.81,17.19,42.19,45.31,31.25,35.94,32.81,21.88,23.05,45.31,17.5334454,2357,902,1235,256,12.375,0.5719489,1.3,1235,441,12.375,1.00228441,1.3,1976,411,19.8,0.9540668,1.3,1763,1765,17.666666,3.98595762,1.3,3967,1238,39.75,2.9241693,1.31875,3967,1302,39.75,3.29045415,1.31875,84.375,1.55,1.55,99.8092
09/08/2026 11:37:16,29.69,23.44,37.5,31.25,25,10.94,32.81,12.5,34.38,39.06,31.25,40.62,29.04,40.62,18.6379089,3294,942,4042,732.5,40.5,1.76604927,1.36875,4042,1264,40.5,3.00690937,1.35,4042,518,40.5,1.23389423,1.35,1797,408.5,18,1.06038523,1.35,1797,1225,18,2.91817379,1.35,4042,1507,40.5,3.69490981,1.35,84.25,1.55,1.55,99.80918
09/08/2026 11:37:18,18.75,15.62,17.19,18.75,12.5,14.06,43.75,26.56,26.56,35.94,60.94,48.44,28.26,60.94,20.4503269,2848,1089,1730,588.5,17.333334,1.454556,1.2625,1730,673.5,17.333334,1.54903865,1.2625,3893,557.5,39,1.21666539,1.2625,3893,1355.5,39,3.24426556,1.2625,3893,1266.5,39,3.0204885,1.275,1946,2095,19.5,5.14321852,1.275,84.375,1.55,1.55,99.8092346
09/08/2026 11:37:20,18.75,20.31,37.5,25,20.31,21.88,43.75,34.38,28.12,18.75,35.94,28.12,27.73,43.75,20.480444,2529,1128,1785,810,17.88889,1.8772372,1.35,1785,1008.5,17.88889,2.380676,1.35,4017,868,40.25,2.020663,1.35,1785,1671,17.88889,3.90770483,1.35,4017,999.5,40.25,2.39531279,1.35,1785,1410.5,17.88889,3.68258953,1.35,84.5,1.55,1.55,99.80919
09/08/2026 11:37:22,26.15,17.91,38.46,27.69,22.39,23.08,55.38,43.08,18.46,16.92,16.67,13.85,26.67,55.38,19.0998611,2511,1075,1797,922.5,18,1.94857442,1.3625,4042,1137,40.5,2.561673,1.3625,4042,840.5,40.5,1.760401,1.3625,1976,1894,19.8,4.0545,1.375,1235,805.5,12.375,1.83472562,1.375,1976,850,19.8,1.85517275,1.375,84.25,1.55,1.55,99.80923
09/08/2026 11:37:24,25,14.06,28.12,21.88,18.75,23.44,37.5,23.44,25,28.12,45.31,35.94,27.21,45.31,20.1287251,3273,1082,4017,779,40.25,1.84839714,1.325,1785,847,17.88889,1.88985658,1.325,4017,653.5,40.25,1.4500941,1.325,1785,1376.5,17.88889,3.143506,1.325,4017,1272,40.25,2.93290186,1.325,4017,1563,40.25,3.68470836,1.35,84.25,1.55,1.55,99.80922
09/08/2026 11:37:26,33.85,33.85,23.08,23.08,29.23,36.92,40,30.77,43.08,46.15,43.08,41.54,35.38,46.15,23.36574,3208,1393,3843,1376.5,38.5,3.05966067,1.25625,1708,1066.5,17.11111,2.373478,1.25625,3868,924,38.75,2.03051448,1.25,3893,1552.5,39,3.606612,1.275,1946,1714.5,19.5,4.048926,1.275,3992,1726.5,40,4.062416,1.2625,84.25,1.55,1.55,99.80922
09/08/2026 11:37:28,34.38,17.19,20.31,9.38,26.56,23.44,37.5,26.56,21.88,28.12,65.62,40.62,29.3,65.62,22.2296276,3281,1182,1785,994.5,17.88889,2.50755382,1.26875,1785,598,17.88889,1.47465515,1.26875,4017,1020,40.25,2.45729327,1.26875,4017,1311.5,40.25,3.33163762,1.35,4042,1193.5,40.5,3.01124859,1.3625,4042,1971.5,40.5,5.14021158,1.3625,84.375,1.55,1.55,99.809166
09/08/2026 11:37:30,29.23,20,15.38,16.92,27.69,30.77,3.08,7.58,16.92,16.92,32.31,30.77,20.63,32.31,16.5194912,3294,764,4042,821,40.5,2.028088,1.38125,1797,615,18,1.50655174,1.38125,4042,1120,40.5,2.84615874,1.38125,1797,233.5,18,0.563248634,1.38125,4042,712,40.5,1.71752179,1.375,4042,1082,40.5,2.53630447,1.375,84.125,1.55,1.55,99.80924
09/08/2026 11:37:32,25,9.38,20.31,10.94,28.12,23.44,29.69,26.56,23.44,21.88,15.62,14.06,20.7,29.69,16.44822,2736,782,1397,488.5,14,1.11431909,1.2625,1397,548,14,1.30334973,1.2625,3893,1177,39,2.78574347,1.26875,3893,967.5,39,2.22856736,1.26875,1946,778.5,19.5,1.81683636,1.26875,3893,730.5,39,1.71011829,1.26875,84,1.55,1.55,99.80918
09/08/2026 11:37:34,18.46,10.77,12.31,6.15,27.69,33.85,32.31,29.23,21.54,21.54,18.46,18.46,20.9,33.85,16.203661,3253,755,1774,617.5,17.7777786,1.51588237,1.34375,1774,326,17.7777786,0.7720732,1.35625,3992,1103.5,40,2.6881094,1.35625,3992,1156,40,2.69712281,1.35625,3992,777.5,40,1.7886337,1.35625,3992,550.5,40,1.28386223,1.35625,83.75,1.55,1.55,99.80918
09/08/2026 11:37:36,25,9.38,18.75,14.06,14.06,15.62,34.38,32.81,18.75,18.75,15.62,9.38,18.88,34.38,16.1343784,2675,761,1235,673.5,12.375,1.58690214,1.2625,1235,630.5,12.375,1.51223755,1.2625,1976,631.5,19.8,1.55436611,1.2625,3868,1228.5,38.75,2.60124731,1.2625,3868,751.5,38.75,1.711361,1.2625,3868,649,38.75,1.5535779,1.2625,83.75,1.55,1.55,99.80918
09/08/2026 11:37:38,18.18,7.58,16.67,7.58,18.18,31.82,31.82,25.76,13.64,19.7,19.7,19.7,19.19,31.82,16.6488132,4038,777,4042,541.5,40.5,1.24818015,1.35,4017,415.5,40.25,1.00106931,1.35,4042,1031,40.5,2.43474245,1.35625,4042,1174.5,40.5,2.88725042,1.35625,4042,652,40.5,1.56525266,1.35625,4042,845.5,40.5,1.94700634,1.35625,83.375,1.55,1.55,99.8092041
09/08/2026 11:37:40,15.38,9.23,15.38,10.77,4.62,7.69,24.62,20,29.23,27.69,33.85,33.85,19.36,33.85,16.4416618,2545,757,1797,526.5,18,1.31495929,1.36875,1797,532.5,18,1.31832087,1.36875,4042,196,40.5,0.439390063,1.36875,4042,1000,40.5,2.36861134,1.38125,1797,937.5,18,2.2100625,1.38125,1797,1348,18,3.1870935,1.38125,83.5,1.55,1.55,99.80925
09/08/2026 11:37:42,13.85,4.62,23.08,20,20,36.92,32.31,16.92,21.54,32.31,15.38,21.54,21.54,36.92,16.4126034,2920,756,1797,241.5,18,0.539050937,1.35,1797,537,18,1.40593708,1.35,4042,996.5,40.5,2.52052236,1.35,4042,935,40.5,2.39093161,1.35,1797,1163,18,2.76923585,1.35,4042,666,40.5,1.64170945,1.35,83.5,1.55,1.55,99.80921
09/08/2026 11:37:44,14.06,4.69,20.31,7.81,26.56,28.12,20.31,21.88,35.94,37.5,15.62,3.12,19.66,37.5,16.22989,2479,762,1397,401,14,0.986005843,1.3625,1797,537.5,18,1.26334083,1.3625,4042,1035,40.5,2.43803334,1.35,1797,931.5,18,2.15381265,1.35,4042,1293.5,40.5,3.008962,1.35,1797,370.5,18,0.900406,1.35,83.5,1.55,1.55,99.80915
09/08/2026 11:37:46,9.38,1.56,9.38,10.94,14.06,20.31,42.19,26.56,21.88,23.44,28.12,23.44,19.27,42.19,16.5463066,3294,780,4042,251.5,40.5,0.627748847,1.33125,4042,600,40.5,1.38486624,1.33125,1797,550.5,18,1.2693795,1.33125,4042,1332,40.5,3.04942751,1.3375,1797,973,18,2.2351625,1.3375,4042,973.5,40.5,2.306317,1.3375,83.875,1.55,1.55,99.8092346
09/08/2026 11:37:48,21.88,15.62,29.69,18.75,9.38,9.38,26.56,15.62,35.94,29.69,25,28.12,22.14,35.94,16.5588551,2756,791,3743,397,37.5,0.9572676,1.2125,1663,734,16.666666,1.61024559,1.20625,3743,359.5,37.5,0.766890347,1.20625,1884,634.5,18.875,1.4533993,1.18125,3793,1484.5,38,3.35393429,1.2375,1708,1134.5,17.11111,2.59609532,1.24375,83.75,1.55,1.55,99.80918
09/08/2026 11:37:50,18.75,14.06,18.75,12.5,17.19,23.44,25,33.85,28.12,32.81,34.38,26.56,23.78,34.38,18.2953053,3668,912,4042,792.5,40.5,1.83928144,1.3625,1797,533,18,1.2384907,1.3625,4042,696,40.5,1.59603631,1.3625,4042,1235,40.5,3.03957486,1.3625,4042,1105.5,40.5,2.600247,1.3625,4042,1109,40.5,2.696994,1.3625,83.5,1.55,1.55,99.80919
09/08/2026 11:37:52,26.98,18.75,15.87,6.35,15.87,25.4,23.81,15.87,30.16,36.51,22.22,19.05,21.4,36.51,17.00875,3232,817,1976,830,19.8,1.92576241,1.3,1741,376,17.4444447,0.8519081,1.3,3918,909.5,39.25,2.154685,1.2875,3918,863,39.25,2.04610634,1.2875,3918,1159,39.25,2.76194286,1.2875,3918,766.5,39.25,1.7933234,1.2875,83.375,1.55,1.55,99.8092651
09/08/2026 11:37:54,20,10.77,20,10.77,18.46,21.54,36.92,38.46,13.85,13.85,30.77,26.15,21.79,38.46,16.1462536,2498,748,1741,352.5,17.4444447,0.8517378,1.2625,1741,357,17.4444447,0.8640105,1.2625,3918,825.5,39.25,1.97555077,1.2625,4017,1460.5,40.25,3.38053,1.31875,1785,421,17.88889,0.9622681,1.31875,1785,1073.5,17.88889,2.539929,1.31875,83.375,1.55,1.55,99.80921
09/08/2026 11:37:56,17.19,9.38,17.19,18.75,50,51.56,10.94,14.06,10.94,12.5,9.38,6.25,19.01,51.56,17.2097874,4042,777,4042,497.5,40.5,1.20426953,1.3625,4042,775.5,40.5,2.01105881,1.3625,4042,2069.5,40.5,4.92948675,1.3625,4042,499.5,40.5,1.30918765,1.3625,4042,506,40.5,1.20771146,1.3625,4042,311.5,40.5,0.7326436,1.3625,83.125,1.55,1.55,99.8092
09/08/2026 11:37:58,10.77,3.08,16.92,7.69,13.85,13.85,6.15,1.54,29.23,29.23,63.08,63.08,21.54,63.08,16.6516724,2866,792,1774,187,17.7777786,0.475641459,1.31875,1774,355,17.7777786,0.9301916,1.31875,3992,425.5,40,1.31056273,1.31875,1671,96,17.7777786,0.229573444,1.31875,3992,1037.5,40,2.77972817,1.31875,3992,2649.5,40,5.877279,1.31875,84.25,1.55,1.55,99.809166
09/08/2026 11:38:00,12.31,4.62,10.77,6.15,21.54,15.38,56.92,76.92,10.77,6.15,23.08,13.85,21.54,76.92,16.5955925,4022,805,4042,193.5,40.5,0.4463626,1.3625,3921,203.5,40.5,0.464000553,1.36875,4042,711,40.5,1.9695189,1.36875,4042,2682,40.5,6.12818336,1.36875,4042,318,40.5,0.729274035,1.36875,4042,720.5,40.5,1.75703883,1.375,84.625,1.55,1.55,99.8092041
09/08/2026 11:38:02,12.31,3.08,9.23,4.62,23.08,23.08,69.23,83.08,10.77,0,4.62,4.62,20.64,83.08,16.1746235,3836,780,3661,138.5,39.25,0.326423615,1.3125,3681,231.5,39.25,0.5467134,1.3125,3918,915.5,39.25,2.52655149,1.3125,3918,3034.5,39.25,6.61202335,1.3125,3918,173.5,39.25,0.355711848,1.3125,3918,185.5,39.25,0.557021,1.3125,84.75,1.55,1.55,99.8091354
09/08/2026 11:38:04,9.23,6.15,12.31,4.62,3.03,35.38,70.77,90.77,6.15,1.54,10.77,1.54,21.02,90.77,16.6980476,2752,790,1397,178.5,14,0.440850645,1.30625,1235,254.5,12.375,0.583581567,1.3125,1976,645.5,19.8,2.228971,1.3125,3967,3233.5,39.75,7.272185,1.3125,3967,185,39.75,0.389547378,1.3125,3967,243,39.75,0.7949915,1.3125,84.75,1.55,1.55,99.80918
09/08/2026 11:38:06,9.38,7.81,48.44,45.31,6.25,14.06,28.12,15.62,7.81,4.69,29.69,12.5,19.14,48.44,17.1257458,2543,777,1797,334.5,18,0.970431268,1.3625,1797,1934.5,18,4.699746,1.3625,4042,443,40.5,1.11775053,1.3625,4042,919,40.5,2.65581131,1.3625,1797,232.5,18,0.680966,1.3625,1785,796,17.88889,2.14727473,1.36875,84.375,1.55,1.55,99.809166
09/08/2026 11:38:08,15.15,6.06,34.85,34.85,22.73,16.67,28.79,33.33,9.09,18.18,25.76,19.7,22.1,34.85,17.1061859,2765,794,1397,231,14,0.593787134,1.275,1397,1211.5,14,2.87751484,1.275,3942,750,39.5,1.87213719,1.275,3942,1136,39.5,2.67296267,1.3,1971,622,19.75,1.7540096,1.3,3942,815.5,39.5,1.862546,1.3,84.25,1.55,1.55,99.8092041
09/08/2026 11:38:10,14.06,7.81,20.31,15.62,15.62,15.62,25,17.19,14.06,12.5,34.38,34.38,18.88,34.38,16.8215351,2901,818,1785,487.5,17.88889,1.11647129,1.30625,1785,687.5,17.88889,1.55842853,1.325,4017,754,40.25,1.70138824,1.325,1785,951,17.88889,2.25198865,1.325,4017,601.5,40.25,1.3553009,1.325,4017,1424,40.25,3.18374968,1.325,83.375,1.55,1.55,99.80917
09/08/2026 11:38:12,28.57,36.51,33.33,38.1,41.27,38.1,52.38,52.38,30.16,25.4,50.79,55.56,40.21,55.56,24.5058727,3622,1556,1774,1178.5,17.7777786,2.3276546,1.31875,3992,1208.5,40,2.30747485,1.31875,3992,1448,40,2.84435248,1.31875,3992,2087,40,4.41785145,1.3375,3992,1314.5,40,2.99849415,1.3375,3992,2100.5,40,4.79069567,1.3375,83.625,1.55,1.55,99.8092346
09/08/2026 11:38:14,20,10.77,30.77,23.08,13.85,12.31,27.69,16.92,33.85,50.77,53.85,35.38,27.44,53.85,21.1059685,3273,1134,1785,797.5,17.88889,1.93220258,1.36875,4017,804,40.25,1.86785293,1.36875,1785,494,17.88889,1.1298368,1.36875,4017,1144.5,40.25,2.92748547,1.36875,4017,1685.5,40.25,4.1714325,1.3375,4017,1875.5,40.25,4.86883926,1.3375,83.5,1.55,1.55,99.8092041
09/08/2026 11:38:16,23.81,15.87,26.98,26.98,7.94,11.11,30.16,25.4,26.98,31.75,31.75,23.81,23.54,31.75,17.17174,2920,826,1797,523.5,18,1.20002711,1.34375,4042,983.5,40.5,2.31263447,1.34375,1797,255,18,0.569660962,1.34375,1797,1047,18,2.492345,1.34375,4042,1106.5,40.5,2.56006,1.35625,4042,1043,40.5,2.426785,1.35625,83.625,1.55,1.55,99.80916
09/08/2026 11:38:18,17.19,7.81,17.19,21.88,28.12,35.94,35.94,21.88,28.12,35.94,34.38,21.88,25.52,35.94,19.5902462,3294,1024,1797,451.5,18,1.11640644,1.3625,4042,808.5,40.5,1.91691661,1.3625,4042,1126.5,40.5,2.66946626,1.3625,1797,1217.5,18,3.077205,1.3625,4042,1370.5,40.5,3.43276072,1.3625,4042,1168,40.5,3.05976915,1.3625,83.75,1.55,1.55,99.8092041
09/08/2026 11:38:20,41.54,23.08,30.77,30.77,36.92,24.62,33.85,35.38,52.31,44.62,52.31,32.31,36.54,52.31,23.0751743,2570,1458,3893,1171,39,2.24251819,1.2625,1730,1085,17.333334,2.0726192,1.2625,1959,1347.5,19.625,2.79636049,1.28125,3918,1649,39.25,3.44085145,1.28125,1959,1775.5,19.625,3.9022007,1.28125,1959,1722.5,19.625,3.8193996,1.28125,83.75,1.55,1.55,99.80923
09/08/2026 11:38:22,28.57,22.22,28.57,31.75,20.63,17.46,28.57,26.98,28.57,30.16,49.21,42.86,29.63,49.21,19.4784775,2901,1045,1785,692,17.88889,1.60157788,1.35625,1785,1029,17.88889,2.34475,1.35625,4017,704.5,40.25,1.57788837,1.35625,4017,1050,40.25,2.45610619,1.35625,1785,1047,17.88889,2.38991165,1.3625,4017,1747.5,40.25,4.390743,1.3625,84,1.55,1.55,99.8092651
09/08/2026 11:38:24,25,3.12,25,14.06,23.44,31.25,48.44,48.44,18.75,23.44,39.06,25,27.08,48.44,20.04499,3253,1038,3992,475.5,40,1.18419468,1.3375,1774,788.5,17.7777786,1.91337466,1.3375,3992,1000,40,2.36223984,1.3375,3992,1874.5,40,4.532214,1.3375,1774,919,17.7777786,2.27810621,1.35625,3992,1169,40,3.18793654,1.35625,84,1.55,1.55,99.80919
09/08/2026 11:38:26,20,12.31,23.08,13.85,23.08,20,40,30.77,20,23.08,55.38,38.46,26.67,55.38,20.9401646,3622,1096,1774,783.5,17.7777786,1.86311388,1.34375,3992,879.5,40,1.96874809,1.34375,3992,870,40,2.143528,1.3375,3992,1501.5,40,3.62681985,1.3375,3992,983,40,2.404084,1.3375,3992,1556,40,3.99364948,1.3375,83.75,1.55,1.55,99.80919
09/08/2026 11:38:28,15.62,9.38,20.31,20.31,28.12,34.38,35.94,26.56,14.06,17.19,31.25,25,23.18,35.94,18.3958111,3668,910,4042,436,40.5,1.01913822,1.35625,4042,614.5,40.5,1.48593068,1.35625,4042,1274,40.5,2.944199,1.35625,1797,1144,18,2.95474482,1.35625,4042,833.5,40.5,2.038975,1.35625,4042,1159.5,40.5,3.04595971,1.35625,83.75,1.55,1.55,99.80917
09/08/2026 11:38:30,23.81,12.7,38.1,28.57,28.57,19.05,36.51,20.63,34.92,31.75,31.75,28.57,27.91,38.1,17.8008537,3294,835,4042,575,40.5,1.36020935,1.33125,1797,1003.5,18,2.43314028,1.33125,4042,760,40.5,1.91268921,1.33125,4042,757,40.5,1.79760325,1.33125,4042,977.5,40.5,2.31577468,1.36875,1797,939,18,2.17670631,1.3625,83.5,1.55,1.55,99.80922
09/08/2026 11:38:32,23.44,10.94,17.19,7.81,14.06,9.38,26.56,18.75,26.56,25,37.5,28.12,20.44,37.5,17.2243061,2920,833,1797,564,18,1.33818221,1.35625,4042,453.5,40.5,1.12552357,1.35625,1797,656,18,1.51095057,1.35625,1797,1004,18,2.213689,1.35625,4042,988.5,40.5,2.21599245,1.35625,4042,1330.5,40.5,3.12198353,1.35625,83.75,1.55,1.55,99.80923
09/08/2026 11:38:34,21.88,7.81,32.81,25,23.44,18.75,48.44,40.62,28.12,31.25,53.12,45.31,31.38,53.12,20.560854,3263,1081,3992,520.5,40,1.1508261,1.33125,3992,828,40,1.86441112,1.33125,1774,701.5,17.7777786,1.59411979,1.33125,4017,1550,40.25,3.66541576,1.35,4017,1070.5,40.25,2.59943438,1.35,1785,1816.5,17.88889,4.54388142,1.35,83.75,1.55,1.55,99.80919
09/08/2026 11:38:36,32.81,18.75,21.88,18.75,18.75,20.31,37.5,15.62,29.69,29.69,57.81,37.5,28.26,57.81,21.5524464,3273,1143,4017,888.5,40.25,2.174943,1.34375,4017,943,40.25,2.189115,1.34375,4017,747,40.25,1.75601685,1.34375,1785,1090,17.88889,2.90662956,1.34375,1785,1276,17.88889,3.22792268,1.34375,4017,1911,40.25,5.19743729,1.34375,83.625,1.55,1.55,99.8092346
09/08/2026 11:38:38,15.38,10.77,12.31,4.62,13.85,12.31,32.31,30.77,16.92,16.92,41.54,30.77,19.87,41.54,16.9314289,3294,814,1797,532.5,18,1.21240759,1.35,4042,375,40.5,0.8569325,1.35625,4042,514,40.5,1.16211271,1.35625,1797,1192,18,2.70424461,1.35625,4042,755,40.5,1.840806,1.35625,4042,1515,40.5,3.40331078,1.35625,83.75,1.55,1.55,99.80919
09/08/2026 11:38:40,26.98,7.81,20.31,26.56,23.44,23.44,44.44,28.57,28.57,31.25,42.86,41.27,28.79,44.44,20.8156338,3992,1076,3992,770.5,40,1.776247,1.325,3992,685.5,40,1.59864831,1.35625,3992,774,40,1.79514289,1.35625,3992,1357.5,40,3.27417135,1.35625,3992,1167,40,2.844396,1.35625,3992,1701,40,4.33287334,1.35625,83.5,1.55,1.55,99.80922
09/08/2026 11:38:42,38.1,19.05,22.22,15.87,22.22,25.4,47.62,25,26.98,25.4,46.03,34.92,29.07,47.62,21.52241,3655,1156,4017,905,40.25,2.18600535,1.35625,4017,719.5,40.25,1.74575078,1.35,4017,937,40.25,2.19749,1.35,4042,1662,40.5,4.12334442,1.34375,1797,1195.5,18,3.04472637,1.34375,4042,1516.5,40.5,4.027819,1.34375,83.875,1.55,1.55,99.80916
09/08/2026 11:38:44,12.5,3.12,18.75,18.75,14.06,25,51.56,45.31,18.75,15.62,20.31,12.5,21.35,51.56,16.9849453,2907,808,1785,334,17.88889,0.7856753,1.35,1785,610,17.88889,1.51055038,1.35,4017,728.5,40.25,1.78601646,1.35,4017,1848.5,40.25,4.237841,1.35,4042,615.5,40.5,1.42383623,1.36875,1797,710,18,1.6854316,1.36875,84.375,1.55,1.55,99.80916
09/08/2026 11:38:46,19.05,12.7,34.92,30.16,20.63,9.52,39.68,33.33,34.92,26.98,44.44,36.51,28.57,44.44,20.91503,2840,1097,1741,563.5,17.4444447,1.388981,1.26875,3918,1339,39.25,3.10115981,1.2875,1741,569,17.4444447,1.47711062,1.2875,3918,1557.5,39.25,3.954813,1.2875,1752,925.5,17.5555553,2.27070117,1.2625,3967,1629.5,39.75,4.03116465,1.29375,84.375,1.55,1.55,99.80914
09/08/2026 11:38:48,29.23,13.85,23.08,23.08,15.38,21.54,44.62,27.69,23.08,29.23,55.38,46.15,29.36,55.38,21.3832722,3273,1134,1785,755.5,17.88889,1.82529485,1.34375,4017,885,40.25,2.104211,1.35,4017,708.5,40.25,1.66191351,1.35,1785,1127.5,17.88889,2.814856,1.35,4017,1097.5,40.25,2.71641326,1.35,4017,2227.5,40.25,5.50686646,1.35,84.375,1.55,1.55,99.80915
09/08/2026 11:38:50,26.98,19.05,34.92,30.16,23.81,23.81,50.79,31.25,36.51,33.33,44.44,28.57,31.97,50.79,22.6235237,3992,1316,3992,1293.5,40,3.06225657,1.3625,3992,1177.5,40,2.60014582,1.3625,3992,1005.5,40,2.33704448,1.3625,3992,1501,40,3.62510824,1.3625,3992,1328,40,3.25516772,1.3625,3992,1587.5,40,3.91543555,1.34375,84.125,1.55,1.55,99.80926
09/08/2026 11:38:52,18.46,20,26.15,16.92,16.92,23.08,29.23,24.62,33.85,38.46,29.23,32.31,25.77,38.46,18.4035912,3718,956,3718,752.5,37.25,1.69254375,1.2125,3718,602.5,37.25,1.312891,1.2125,3718,822,37.25,1.79707348,1.2125,3718,1029.5,37.25,2.45103455,1.2125,3718,1302,37.25,2.895526,1.2125,3718,1228.5,37.25,2.77364755,1.2125,84.375,1.55,1.55,99.809166
09/08/2026 11:38:54,18.75,4.69,12.5,6.25,20.31,32.81,26.56,17.19,17.19,17.19,48.44,46.88,22.4,48.44,17.4422684,3622,849,3992,349.5,40,0.8174909,1.31875,3992,419,40,0.978917062,1.31875,3992,892,40,2.15462756,1.31875,3992,973.5,40,2.24360442,1.31875,1774,663.5,17.7777786,1.52109993,1.31875,3992,1796,40,4.20303535,1.31875,84.5,1.55,1.55,99.80917
09/08/2026 11:38:56,21.88,4.69,21.88,26.56,29.69,26.56,31.25,23.44,20.31,26.56,54.69,45.31,27.73,54.69,21.3713455,3273,1115,4017,602,40.25,1.42923594,1.3375,1785,1027.5,17.88889,2.45205641,1.3375,4017,1175,40.25,2.776082,1.3375,1785,1116.5,17.88889,2.654098,1.3375,4017,795,40.25,1.9323653,1.34375,4017,1971.5,40.25,4.966472,1.34375,84.125,1.55,1.55,99.80917
09/08/2026 11:38:58,26.15,6.15,12.31,20,27.69,13.85,47.69,33.85,29.23,26.15,50.77,30.77,27.05,50.77,21.3943272,3144,1148,1235,672,12.375,1.7201215,1.28125,1959,819,19.625,2.03249931,1.28125,3918,855,39.25,2.23917961,1.26875,3918,1525.5,39.25,3.73535633,1.26875,3918,1263.5,39.25,3.09230042,1.26875,3918,1750,39.25,4.68015146,1.26875,84.25,1.55,1.55,99.80918
09/08/2026 11:39:00,14.06,10.94,18.75,10.94,29.69,31.25,28.12,25,25,23.44,25,17.19,21.61,31.25,16.8814,2920,799,1797,415,18,0.9902029,1.3625,4042,590,40.5,1.42214262,1.36875,4042,1068.5,40.5,2.59476542,1.36875,4042,1035.5,40.5,2.41061759,1.36875,1797,888,18,2.03895378,1.36875,1797,798,18,1.87843227,1.36875,84.125,1.55,1.55,99.80918
09/08/2026 11:39:02,23.08,10.77,35.38,24.62,16.92,13.85,33.85,21.54,23.08,15.38,47.69,23.08,24.1,47.69,19.1525211,3645,956,4017,651,40.25,1.56305623,1.35,4017,1076,40.25,2.533504,1.35,1785,691.5,17.88889,1.66159511,1.35,4017,859,40.25,2.08408856,1.35,4017,857.5,40.25,2.05137825,1.35,4017,1602.5,40.25,3.835935,1.35,83.75,1.55,1.55,99.80921
09/08/2026 11:39:04,14.06,7.81,26.56,23.44,14.06,14.06,37.5,28.12,21.88,17.19,25,18.75,20.7,37.5,16.7358418,3294,801,1797,377,18,0.8935585,1.38125,4042,980.5,40.5,2.30582547,1.38125,4042,681,40.5,1.62523055,1.38125,1797,1253.5,18,2.90381336,1.38125,4042,739.5,40.5,1.70734167,1.38125,4042,776.5,40.5,1.77082336,1.38125,83.5,1.55,1.55,99.80923
09/08/2026 11:39:06,21.88,17.19,25,21.88,10.94,12.5,28.12,18.75,50,53.12,31.25,10.94,25.13,53.12,19.6065845,2920,1006,1797,775,18,1.96553159,1.3625,4042,988,40.5,2.41412377,1.3625,1797,624.5,18,1.55618107,1.36875,1797,947,18,2.39619732,1.36875,4042,1696.5,40.5,4.25906563,1.36875,4042,1008,40.5,2.71297574,1.35,83.625,1.55,1.55,99.80918
09/08/2026 11:39:08,23.08,12.31,30.77,21.54,23.08,9.23,29.23,18.46,55.38,55.38,43.08,40,30.13,55.38,20.5031433,3232,1069,1763,860,17.666666,2.18592978,1.35625,3967,839.5,39.75,2.11363244,1.35625,3967,543.5,39.75,1.386757,1.35625,3967,660,39.75,1.67628336,1.35625,1763,2080,17.666666,5.134346,1.3125,3967,1432,39.75,3.666411,1.3125,83.875,1.55,1.55,99.80918
09/08/2026 11:39:10,34.38,18.75,26.56,12.5,23.44,14.06,39.06,18.75,34.38,32.81,39.06,31.25,27.08,39.06,20.4853649,3219,1086,3918,811.5,39.25,2.057752,1.28125,3868,792,38.75,1.92927539,1.2875,3843,719,38.5,1.717518,1.2875,3843,1111,38.5,2.80769563,1.28125,1921,1530,19.25,3.82246,1.28125,1921,1551,19.25,4.03065443,1.28125,84.125,1.55,1.55,99.809166
09/08/2026 11:39:12,12.5,0,14.06,15.62,32.81,29.69,12.5,1.56,20.31,23.44,42.19,39.06,20.31,42.19,16.6521969,2479,765,1397,250,14,0.6424417,1.3375,1797,521,18,1.283419,1.35,4042,1087,40.5,2.7599442,1.35,1797,243,18,0.616063237,1.35,1797,930.5,18,2.25992465,1.35,4042,1558,40.5,3.65606475,1.35,83.875,1.55,1.55,99.80915
09/08/2026 11:39:14,12.5,7.81,9.38,1.56,21.88,28.12,14.06,17.19,9.38,17.19,40.62,34.38,17.84,40.62,16.4107056,2545,756,1797,356.5,18,0.8635501,1.35625,1797,234.5,18,0.546282053,1.35625,4042,1038,40.5,2.63653564,1.35625,1797,585.5,18,1.465809,1.36875,4042,761.5,40.5,1.84867823,1.36875,1797,1558,18,3.625356,1.375,83.625,1.55,1.55,99.80917
09/08/2026 11:39:16,23.08,21.54,23.08,24.62,12.31,6.15,13.85,12.31,18.46,21.54,38.46,32.31,20.64,38.46,16.9422817,3294,798,4042,664,40.5,1.59105194,1.3625,4042,1072.5,40.5,2.525785,1.3625,4042,288,40.5,0.6845297,1.3625,1797,596.5,18,1.39037681,1.3625,4042,775.5,40.5,1.89099956,1.3625,1797,1391,18,3.24820638,1.3625,83.375,1.55,1.55,99.8092346
09/08/2026 11:39:18,29.23,27.69,10.77,9.23,30.77,26.15,12.31,9.23,20,21.54,18.46,10.77,18.85,30.77,16.2857151,3668,756,4042,1084,40.5,2.53773069,1.3625,4042,416,40.5,0.9754918,1.3625,1797,1141,18,2.65343857,1.3625,4042,452,40.5,1.09176934,1.3875,4042,825,40.5,1.92788672,1.3875,4042,618,40.5,1.40274155,1.3875,83,1.55,1.55,99.80919
09/08/2026 11:39:20,21.88,25,29.69,26.56,25,21.88,29.69,21.88,18.75,12.5,48.44,50,27.6,50,18.412447,2543,931,1797,788,18,1.87261379,1.33125,1785,875.5,17.88889,1.951481,1.33125,4042,761,40.5,1.834805,1.33125,1797,843,18,1.96534371,1.33125,4042,529.5,40.5,1.2469697,1.35625,1797,1788,18,4.243979,1.35625,83.125,1.55,1.55,99.80917
09/08/2026 11:39:22,29.69,25,17.19,6.25,18.75,25,20.31,10.94,15.62,20.31,26.56,25,20.05,29.69,17.74994,2014,812,4042,1014,40.5,2.44576526,1.375,1797,483.5,18,1.25171232,1.375,1797,878,18,2.25121713,1.375,1976,556,19.8,1.35146749,1.375,1235,761.5,12.375,1.94589865,1.3125,1235,1180,12.375,3.01539469,1.3125,83.125,1.55,1.55,99.80918
09/08/2026 11:39:24,28.12,25,32.81,25,39.06,26.56,28.12,20.31,34.38,32.81,42.19,20.31,29.56,42.19,20.7139874,3660,1146,4042,1033,40.5,2.186991,1.3125,1797,1115,18,2.47246265,1.3125,4042,1296.5,40.5,2.79855871,1.3125,4042,968.5,40.5,1.96545148,1.3125,4042,1301,40.5,2.87354374,1.3125,3992,1164,40,2.62236953,1.3125,83,1.55,1.55,99.80918
09/08/2026 11:39:26,9.38,15.62,17.19,7.81,18.75,12.5,42.19,37.5,18.46,25,34.38,25,21.98,42.19,17.89281,3294,880,4042,438,40.5,1.19073427,1.35,4042,498,40.5,1.12854838,1.375,1797,699.5,18,1.64905787,1.375,1797,1627.5,18,3.74544859,1.36875,4042,919,40.5,2.207453,1.36875,4042,1097.5,40.5,2.58279753,1.375,83.5,1.55,1.55,99.8092041
09/08/2026 11:39:28,16.92,9.23,29.23,21.54,15.38,13.85,24.62,27.69,23.08,30.77,41.54,29.23,23.59,41.54,17.7056866,2920,860,1797,495,18,1.20549393,1.35,1797,749.5,18,1.7655803,1.35,4042,450,40.5,1.00147974,1.3625,4042,1014.5,40.5,2.368852,1.3625,4042,1224,40.5,2.87106919,1.3625,1797,1225.5,18,2.87566519,1.375,83.5,1.55,1.55,99.8092
09/08/2026 11:39:30,13.85,13.85,21.54,13.64,13.85,7.69,21.54,18.46,29.23,32.31,26.15,23.08,19.6,32.31,16.6078358,3294,788,4042,604.5,40.5,1.461677,1.35,1797,643,18,1.55371022,1.35,4042,402,40.5,0.9020741,1.35,1797,634,18,1.53062654,1.35,4042,1303.5,40.5,3.03357673,1.35,4042,1140,40.5,2.669251,1.35,83.5,1.55,1.55,99.80924
09/08/2026 11:39:32,9.23,3.08,15.38,0,35.38,32.31,32.31,18.46,23.08,20,32.31,27.69,20.77,35.38,17.377512,3992,787,3992,385.5,40,0.915734649,1.35625,3992,231,40,0.5942824,1.35625,3992,1201.5,40,2.92312551,1.35625,3992,1018.5,40,2.49841738,1.35625,3992,724,40,1.75550413,1.35625,3992,1161,40,2.765694,1.35625,83.375,1.55,1.55,99.8092
09/08/2026 11:39:34,23.44,12.5,23.44,21.88,35.94,25,54.69,31.25,23.44,28.12,20.31,7.81,25.65,54.69,19.9968338,3529,978,3843,622.5,38.5,1.52744555,1.25625,3843,839.5,38.5,2.267999,1.25625,3843,1179.5,38.5,3.0134306,1.25625,3843,1670.5,38.5,4.74255037,1.25625,3868,1069,38.75,2.79014444,1.26875,1934,487,19.375,1.34417677,1.26875,83.875,1.55,1.55,99.80919
09/08/2026 11:39:36,34.92,15.87,31.75,15.87,26.98,34.92,52.38,23.81,38.1,17.46,69.84,23.81,32.14,69.84,23.9588737,3992,1169,3992,759.5,40,1.98615885,1.325,3992,930,40,2.3099072,1.325,3992,1262.5,40,3.12338185,1.325,3992,1467.5,40,4.45812464,1.325,3992,890,40,2.49377227,1.325,3992,1706,40,5.76630974,1.31875,84.375,1.55,1.55,99.80923
09/08/2026 11:39:38,29.69,18.75,34.38,26.56,35.94,29.69,48.44,53.12,26.56,21.88,35.94,23.44,32.03,53.12,19.2458172,3288,1052,4042,705,40.5,1.51294971,1.35,1797,792,18,1.80961871,1.35,4042,976.5,40.5,1.78478825,1.35,4042,2053.5,40.5,4.12478447,1.35,4017,728,40.25,1.86488056,1.36875,1785,1056.5,17.88889,2.78743744,1.36875,84.375,1.55,1.55,99.8092041
09/08/2026 11:39:40,18.46,16.92,21.54,6.15,1.54,9.23,26.15,3.08,21.54,12.31,43.08,24.62,17.05,43.08,16.2353821,3668,640,4042,514,40.5,1.297231,1.35625,4042,421,40.5,1.2786696,1.35625,1797,208.5,18,0.4555976,1.35625,4042,607.5,40.5,1.94362974,1.35625,4042,752,40.5,2.03172731,1.35625,4042,1337.5,40.5,4.008286,1.35625,83.625,1.55,1.55,99.8092
09/08/2026 11:39:42,7.81,1.56,10.94,3.12,7.81,6.35,70.31,75,14.06,17.19,14.06,9.38,19.8,75,16.35638,3176,814,1397,226,14,0.5704017,1.30625,1763,269.5,17.666666,0.6883269,1.31875,3967,319.5,39.75,0.865726054,1.31875,3967,2885,39.75,6.88738966,1.31875,3967,659,39.75,1.69144976,1.31875,3992,523,40,1.382438,1.35,84.375,1.55,1.55,99.809166
09/08/2026 11:39:44,15.38,1.54,27.69,16.92,23.08,1.54,20,12.31,26.15,20,63.08,46.15,22.82,63.08,18.5876751,2718,896,1235,371.5,12.375,0.974009752,1.33125,1235,794.5,12.375,2.21247435,1.33125,1785,428.5,17.88889,1.16349638,1.3625,4017,690,40.25,2.015163,1.3625,4017,969.5,40.25,2.64875555,1.3625,4017,2122.5,40.25,5.713524,1.3625,84.375,1.55,1.55,99.80917
09/08/2026 11:39:46,7.69,0,15.62,0,7.69,15.38,24.62,6.25,21.88,46.88,70.77,6.15,18.58,70.77,18.047575,3294,697,4042,240.5,40.5,0.708336651,1.3625,1797,201,18,0.5749861,1.3625,4042,301,40.5,0.688453,1.3625,1797,559,18,2.1102376,1.3625,4042,1396.5,40.5,4.711131,1.375,4042,1482.5,40.5,6.234603,1.375,84.625,1.55,1.55,99.8092
09/08/2026 11:39:49,35.94,18.75,31.25,14.06,28.12,31.25,53.12,26.56,35.94,28.12,34.38,10.94,29.04,53.12,22.5923672,4017,1150,4017,987,40.25,2.33122826,1.375,4017,1044.5,40.25,2.56802,1.35625,4017,1217.5,40.25,3.21070814,1.35625,4017,1515.5,40.25,4.712658,1.35625,4017,1230,40.25,3.3990438,1.35625,4017,905.5,40.25,2.42723823,1.35625,84.75,1.55,1.55,99.80913
09/08/2026 11:39:51,20,16.92,21.54,7.69,23.08,10.77,15.38,18.18,12.31,15.38,26.15,18.18,17.13,26.15,16.96809,2915,664,4042,623,40.5,1.64031947,1.35,1797,592,18,1.731424,1.35,4017,683,40.25,2.22778654,1.35,1797,679,18,2.20922422,1.3625,1797,564.5,18,1.50961351,1.3625,4042,845.5,40.5,2.55091286,1.3625,83.75,1.55,1.55,99.80918
09/08/2026 11:39:53,43.08,27.69,46.15,35.38,52.31,23.08,49.23,41.54,49.23,49.23,70.77,30.77,43.21,70.77,26.2265663,3577,1772,3942,1661,39.5,3.203998,1.3125,3942,1786.5,39.5,3.56410384,1.3125,1752,1558.5,17.5555553,3.11829352,1.3125,3942,1727.5,39.5,3.67836976,1.3125,3942,1926,39.5,3.803146,1.31875,3942,1971.5,39.5,4.52394772,1.31875,83.125,1.55,1.55,99.8092041
09/08/2026 11:39:55,21.88,15.62,15.62,12.5,28.12,18.75,28.12,23.44,20.31,23.44,35.94,10.94,21.22,35.94,18.6077461,3273,848,4017,939.5,40.25,2.3018415,1.33125,1785,664.5,17.88889,1.75765252,1.33125,4017,735.5,40.25,1.94670081,1.33125,1785,1029.5,17.88889,2.396994,1.33125,4017,786,40.25,2.26949859,1.33125,4017,932,40.25,2.77098179,1.35,83.25,1.55,1.55,99.80922
09/08/2026 11:39:57,81.82,40.91,60.61,50,62.12,46.97,75.76,50,63.64,46.97,57.58,53.03,57.45,81.82,28.7211,3559,2246,3918,2312.5,39.25,4.217723,1.30625,3918,2302.5,39.25,4.171757,1.30625,3918,2156.5,39.25,3.87533045,1.30625,3918,2319,39.25,4.701397,1.30625,1741,2158,17.4444447,4.06670475,1.30625,3942,2225,39.5,4.16144943,1.2875,83.125,1.55,1.55,99.8091
09/08/2026 11:39:59,10.94,4.76,15.62,4.76,9.38,14.29,29.69,3.17,6.25,23.81,31.25,32.81,15.56,32.81,15.63338,2920,574,1797,325,18,0.81373626,1.35625,1797,289,18,0.7600133,1.35625,4042,290.5,40.5,0.8225736,1.35625,1797,600,18,2.02396226,1.35625,4042,688.5,40.5,2.299626,1.35625,4042,1252.5,40.5,4.06206656,1.35625,83.125,1.55,1.55,99.80921
09/08/2026 11:40:01,6.15,3.08,9.23,10.94,7.69,10.77,16.92,3.12,15.38,26.15,46.15,10.94,13.88,46.15,15.63123,3668,564,4042,245.5,40.5,0.6174809,1.3875,1797,336.5,18,1.012006,1.3875,4042,326.5,40.5,0.9325182,1.3875,4042,410.5,40.5,1.23106587,1.3875,4042,897.5,40.5,3.018653,1.3875,4042,1167.5,40.5,3.93820453,1.3625,83.125,1.55,1.55,99.80917
09/08/2026 11:40:03,16.92,0,18.46,5.8,9.23,15.38,44.62,16.18,10.77,10.77,13.85,10.77,14.4,44.62,15.6384268,2853,575,1397,338.5,14,0.9997088,1.3875,1797,417.5,18,1.235609,1.375,4042,405,40.5,1.19546735,1.375,4042,1203.5,40.5,4.144462,1.375,4042,454,40.5,1.348217,1.375,1797,629,18,1.91671562,1.375,82.75,1.55,1.55,99.80915
09/08/2026 11:40:05,14.06,9.38,18.75,4.69,9.38,9.38,37.5,14.06,26.56,39.06,31.25,6.25,18.36,39.06,17.8589153,3967,769,3967,542,39.75,1.50527942,1.34375,3967,426.5,39.75,1.23268139,1.34375,3967,418.5,39.75,1.10687947,1.34375,3967,1032.5,39.75,3.145515,1.34375,3967,1233,39.75,3.39079547,1.34375,3967,964,39.75,3.03465056,1.34375,83.625,1.55,1.55,99.809166
09/08/2026 11:40:07,9.38,6.25,18.75,3.08,29.69,21.88,25,29.69,15.62,18.75,10.94,6.25,16.27,29.69,17.0973549,2920,681,4042,457.5,40.5,1.28607941,1.34375,1797,325.5,18,0.941079855,1.34375,4042,978.5,40.5,2.8451612,1.34375,1797,1221.5,18,3.94611335,1.34375,1797,718.5,18,2.36039567,1.34375,4042,383,40.5,1.14050269,1.34375,83.625,1.55,1.55,99.80919
09/08/2026 11:40:09,17.19,7.81,25,7.81,7.81,7.81,23.44,15.62,14.06,32.81,18.75,18.75,16.41,32.81,15.7712946,2545,571,1797,401,18,1.16317272,1.34375,1797,392,18,1.0921948,1.34375,4042,239,40.5,0.632667065,1.34375,1797,731,18,2.56075931,1.35625,1797,998.5,18,3.4034245,1.35625,4042,665,40.5,2.14498258,1.35625,83.375,1.55,1.55,99.80918
09/08/2026 11:40:11,12.31,4.62,10.77,0,9.23,9.23,26.15,13.85,7.69,21.54,16.92,20,12.69,26.15,14.6456966,3294,507,4042,212.5,40.5,0.5503697,1.35,1797,152,18,0.403459519,1.35,1797,402,18,1.280254,1.35,4042,870.5,40.5,3.11099815,1.3625,4042,632,40.5,1.9777292,1.3625,4042,772,40.5,2.52522874,1.3625,82.75,1.55,1.55,99.80921
09/08/2026 11:40:13,12.5,3.12,3.17,3.12,3.08,11.11,23.44,31.75,21.88,22.22,32.81,25,16.1,32.81,14.7570877,1971,516,1397,225.5,14,0.58940506,1.35,1397,168.5,14,0.4204553,1.35,1397,214.5,14,0.54076004,1.35,1797,955,18,3.40069366,1.35,1797,693,18,2.25622082,1.35625,4042,839,40.5,2.74947619,1.35625,82.5,1.55,1.55,99.80923
09/08/2026 11:40:15,10.77,6.15,13.85,12.31,12.31,21.54,30.77,4.62,21.54,33.85,21.54,18.46,17.31,33.85,15.7600412,3668,693,4042,424.5,40.5,0.8581297,1.3625,4042,453,40.5,0.8712503,1.3625,4042,583.5,40.5,1.3565774,1.3625,1797,719.5,18,2.074739,1.3625,4042,1118,40.5,3.49133921,1.3625,4042,861,40.5,2.50994158,1.3625,82.625,1.55,1.55,99.8092
09/08/2026 11:40:17,7.81,1.59,7.81,7.94,9.38,6.25,40.62,17.19,6.25,9.38,30.16,14.06,13.2,40.62,14.9990377,1969,542,1381,170,14,0.433981329,1.28125,1397,340,14,1.08596909,1.28125,1397,350,14,1.01631463,1.28125,3918,1067,39.25,3.60996842,1.28125,1971,403.5,19.75,1.14779222,1.28125,1752,920.5,17.5555553,2.958095,1.28125,82.125,1.55,1.55,99.80918
09/08/2026 11:40:19,21.88,1.56,28.12,6.25,15.62,15.62,18.75,9.38,12.5,25,34.38,12.5,16.8,34.38,16.51371,3294,634,1797,375,18,0.972955644,1.34375,4042,543.5,40.5,1.58243155,1.34375,4042,569,40.5,1.66922915,1.34375,1797,668,18,2.206798,1.34375,4042,737.5,40.5,2.39695549,1.34375,4042,910.5,40.5,2.88285828,1.34375,81.5,1.55,1.55,99.80914
09/08/2026 11:40:21,33.33,12.9,20.63,19.05,19.05,19.05,26.98,14.29,20.63,46.03,38.1,44.44,26.21,46.03,18.2441368,3645,792,4017,563,40.25,1.52723122,1.33125,4017,473,40.25,1.19783211,1.33125,1785,511.5,17.88889,1.248257,1.33125,4017,668.5,40.25,1.86023593,1.3625,4017,1156,40.25,3.37299132,1.3625,4017,1379,40.25,4.08647251,1.3625,81.75,1.55,1.55,99.80918
09/08/2026 11:40:23,12.7,1.59,20.63,4.76,19.05,19.05,26.98,17.46,39.68,30.16,46.03,50.79,24.07,50.79,18.2763386,2545,887,1797,322,18,0.79591763,1.3375,1797,330.5,18,0.830720067,1.3375,4042,591,40.5,1.46369255,1.3375,1797,930.5,18,2.57289052,1.3375,4042,1256,40.5,3.158037,1.35625,1797,1894,18,5.00354242,1.35625,83.25,1.55,1.55,99.8092041
09/08/2026 11:40:25,43.08,21.54,24.62,15.38,16.92,12.31,47.69,24.24,41.54,33.85,43.08,21.54,28.82,47.69,22.4383621,2736,1228,1397,1248.5,14,3.24259782,1.2625,1397,860,14,2.22185946,1.2625,1946,670.5,19.5,1.6355592,1.25625,3893,1533,39,4.0343194,1.25625,3893,1521.5,39,3.92946148,1.25625,3893,1535,39,4.23274469,1.25625,83.875,1.55,1.55,99.80919
09/08/2026 11:40:27,20.31,1.56,12.5,6.25,7.81,10.94,29.69,1.56,10.94,31.25,28.12,17.19,14.84,31.25,15.6719627,3294,576,1797,354.5,18,1.03609049,1.35625,1797,431.5,18,1.22500145,1.35625,4042,387.5,40.5,1.15639222,1.35625,4042,635,40.5,2.2038908,1.38125,4042,860.5,40.5,2.87086821,1.38125,4042,788.5,40.5,2.78787613,1.38125,83.75,1.55,1.55,99.80915
09/08/2026 11:40:29,13.85,1.52,7.69,1.54,16.92,12.31,41.54,4.62,13.85,21.54,38.46,7.69,15.13,41.54,16.2175369,3281,594,1797,213.5,18,0.5423042,1.35,1797,291.5,18,0.808379054,1.35,4042,386,40.5,1.14559591,1.35,4017,948.5,40.25,3.373146,1.35,4017,769,40.25,2.64102316,1.35,4017,952.5,40.25,3.18192554,1.35,83.375,1.55,1.55,99.80919
09/08/2026 11:40:31,10.94,1.56,10.94,3.12,12.5,9.38,21.88,14.06,7.81,3.12,21.88,32.81,12.5,32.81,14.2568445,3294,493,1797,181.5,18,0.4619283,1.36875,1797,311,18,0.909147,1.36875,4042,367,40.5,1.15256786,1.36875,4042,673,40.5,2.440366,1.36875,4042,267.5,40.5,0.7965516,1.36875,4042,1158,40.5,4.041896,1.36875,82.625,1.55,1.55,99.809166
09/08/2026 11:40:33,15.38,4.62,12.31,1.54,3.08,9.09,32.31,10.77,29.23,23.08,29.23,15.38,15.5,32.31,16.39465,2378,616,1235,486,12.375,1.54415715,1.35,1235,246,12.375,0.625078,1.35,1976,235,19.8,0.555441439,1.35,4017,860,40.25,3.06054044,1.35625,1785,1028,17.88889,3.705119,1.35625,4017,842,40.25,2.82545042,1.35625,83,1.55,1.55,99.80922
09/08/2026 11:40:35,18.75,3.12,14.06,6.25,25,25,23.44,10.94,10.94,21.88,32.81,12.5,17.06,32.81,15.609971,3131,585,1708,284,17.11111,0.722360849,1.26875,1708,223.5,17.11111,0.580427945,1.2625,3843,806.5,38.5,2.6481092,1.2625,3843,731,38.5,2.11318,1.2625,3843,667,38.5,2.30332184,1.2625,3843,797.5,38.5,2.54162383,1.2625,82.125,1.55,1.55,99.80916
09/08/2026 11:40:37,31.75,1.56,11.11,6.35,6.35,25,14.06,19.05,12.7,15.87,7.94,23.81,14.63,31.75,14.4164028,4042,498,4042,464.5,40.5,1.48226345,1.36875,4042,248.5,40.5,0.7144068,1.36875,4042,535.5,40.5,1.80437613,1.36875,4042,619,40.5,2.1430583,1.36875,4042,476.5,40.5,1.55730963,1.36875,4042,645,40.5,2.145951,1.36875,81.625,1.55,1.55,99.80919
09/08/2026 11:40:39,3.08,1.54,9.23,0,28.79,26.15,18.46,1.54,10.77,20,29.23,4.62,12.78,29.23,14.46371,2160,488,1729,156,18,0.388810366,1.34375,1797,121.5,18,0.295043468,1.34375,4042,1092.5,40.5,3.866889,1.34375,1797,426,18,1.3915441,1.34375,1797,562,18,2.05163455,1.34375,1797,572,18,2.0815568,1.35625,81.875,1.55,1.55,99.80922
09/08/2026 11:40:41,17.19,6.25,7.81,6.25,4.55,10.94,28.12,1.56,7.81,31.25,41.54,7.81,14.26,41.54,13.4528122,2545,432,1797,196,18,0.544417262,1.35,1797,216,18,0.6833094,1.35,4042,179.5,40.5,0.4901176,1.35,1797,435,18,1.61241639,1.35,1797,598,18,2.21406555,1.35,4042,969.5,40.5,3.52589464,1.35,81.25,1.55,1.55,99.80919
09/08/2026 11:40:43,9.38,10.94,14.06,1.56,15.62,15.38,23.44,19.4,4.69,15.38,7.69,10.94,12.37,23.44,13.30019,3668,446,4042,346.5,40.5,1.07027054,1.38125,1797,154,18,0.3922004,1.38125,4042,480,40.5,1.54883385,1.38125,4042,889.5,40.5,3.24716568,1.38125,4042,445,40.5,1.39442217,1.38125,4042,361,40.5,1.21730161,1.38125,80.625,1.55,1.55,99.80918
09/08/2026 11:40:45,7.81,1.56,11.11,1.54,3.12,6.15,12.5,7.81,4.62,35.94,11.11,26.56,10.82,35.94,13.5610723,2635,444,1976,180,19.8,0.5182634,1.3625,1976,215,19.8,0.646784961,1.3625,1976,117,19.8,0.2799674,1.3625,4042,508,40.5,1.79760265,1.36875,1797,880.5,18,3.16202235,1.36875,4042,764.5,40.5,2.66300774,1.36875,80.5,1.55,1.55,99.80917
09/08/2026 11:40:47,4.69,4.69,9.38,0,1.56,6.25,48.44,20.31,4.69,14.06,20.31,6.25,11.72,48.44,13.3635283,2900,438,1745,174,18,0.5097561,1.3375,1733,141.5,18,0.370772034,1.3375,4042,113.5,40.5,0.2616887,1.3375,1797,1341.5,18,4.97488832,1.3375,4042,371,40.5,1.32628465,1.3375,4042,486,40.5,1.61429834,1.3375,80.625,1.55,1.55,99.8091354
09/08/2026 11:40:49,10.94,3.12,21.88,7.94,4.69,6.35,29.69,4.76,12.7,20.63,11.11,35.94,14.15,35.94,13.51317,2545,443,1797,203.5,18,0.6212885,1.35,1796,183,18,0.4834883,1.35,4042,156,40.5,0.390799552,1.35,1797,620.5,18,2.26853061,1.35,1797,666,18,2.41210413,1.35,4042,829.5,40.5,2.97073317,1.35,80.5,1.55,1.55,99.80911
09/08/2026 11:40:51,26.15,9.23,18.46,13.85,10.77,15.38,40,19.05,16.92,26.15,61.54,11.11,22.39,61.54,19.9775543,2479,785,4042,683,40.5,2.607288,1.35625,1797,416,18,1.26986241,1.35625,1797,453.5,18,1.08258247,1.35625,1397,1025,14,4.09087944,1.35625,4042,730,40.5,2.52965784,1.36875,1797,1403,18,5.567631,1.36875,81.5,1.55,1.55,99.80924
09/08/2026 11:40:53,17.19,4.69,12.5,4.69,9.38,7.81,26.56,1.56,7.81,21.88,32.81,21.88,14.06,32.81,15.4115,2920,565,1797,362,18,1.09942019,1.3625,1797,297.5,18,0.811802745,1.3625,4042,354.5,40.5,1.02407658,1.3625,1797,570.5,18,1.96269691,1.3625,4042,620,40.5,2.07695127,1.3625,4042,1183,40.5,4.23918962,1.3625,81.875,1.55,1.55,99.80923
09/08/2026 11:40:55,6.25,0,4.69,0,0,6.25,42.19,18.75,4.69,17.19,10.94,20.9,10.99,42.19,13.6821947,2415,445,1397,150.5,14,0.426091224,1.34375,1235,105,12.375,0.276898742,1.35,1976,116.5,19.8,0.27115643,1.35,1797,1224,18,4.51245832,1.35,4042,458,40.5,1.56478024,1.35,4042,614.5,40.5,2.17845154,1.35,81.375,1.55,1.55,99.80923
09/08/2026 11:40:57,14.06,1.56,7.81,0,15.62,9.38,57.81,0,10.94,10.77,13.85,7.81,12.47,57.81,13.9709091,3294,462,4042,230,40.5,0.5554157,1.375,4042,151,40.5,0.360182256,1.375,1797,505.5,18,1.71794128,1.375,4042,1152,40.5,4.35512543,1.375,1797,266.5,18,0.877778351,1.375,4042,470,40.5,1.66963351,1.375,81.125,1.55,1.55,99.8092
09/08/2026 11:40:59,6.15,1.54,10.77,4.69,1.54,6.25,4.62,13.85,10.77,35.38,37.5,0,11.09,37.5,13.6141291,2871,442,3751,180,40.5,0.4563656,1.3625,1797,197.5,18,0.601736963,1.3625,1797,142.5,18,0.376612753,1.3625,4042,411,40.5,1.48972631,1.3625,1797,914.5,18,3.41120958,1.3625,4042,808,40.5,2.941269,1.36875,81,1.55,1.55,99.80917
09/08/2026 11:41:01,9.38,3.28,4.62,0,6.25,18.46,10.94,12.31,1.56,19.05,6.25,32.81,10.41,32.81,13.1313238,2907,436,1797,169.5,18,0.495741278,1.35625,1723,99.5,18,0.2440704,1.35625,4042,494,40.5,1.6301986,1.35625,4042,502.5,40.5,1.801347,1.35625,1797,463.5,18,1.63270152,1.35625,4042,888.5,40.5,3.08132124,1.375,80.125,1.55,1.55,99.80922
09/08/2026 11:41:03,12.5,4.48,15.62,1.56,1.56,7.81,6.25,1.59,6.25,33.85,37.5,3.12,11.01,37.5,13.2658768,2345,440,1397,290,14,0.953332365,1.3375,1397,306,14,0.971473336,1.3375,1397,145.5,14,0.375716865,1.35,1797,192.5,18,0.6874829,1.35,4042,886.5,40.5,3.204581,1.35,4042,821.5,40.5,2.90642023,1.35,79.875,1.55,1.55,99.80923
09/08/2026 11:41:05,7.69,1.54,9.23,1.54,13.64,15.38,13.85,1.52,23.08,24.62,33.85,18.46,13.7,33.85,13.9553442,2382,511,1235,179.5,12.375,0.449273467,1.35625,1199,113.5,12.375,0.287932664,1.35625,1976,441.5,19.8,1.42883229,1.35625,4042,364,40.5,1.21739829,1.3625,1797,946,18,2.75286269,1.3625,4042,1023,40.5,3.43952131,1.3625,79.875,1.55,1.55,99.80921
09/08/2026 11:41:07,7.81,10.94,4.69,0,14.06,6.25,10.94,28.12,4.69,15.62,21.88,3.12,10.68,28.12,13.1539268,3637,430,1797,303,18,0.9775117,1.36875,3858,92.5,40.5,0.231666878,1.36875,4042,320,40.5,1.06259036,1.36875,4042,836.5,40.5,3.11191845,1.36875,4042,495.5,40.5,1.74155,1.36875,4042,533.5,40.5,1.84896719,1.36875,79.375,1.55,1.55,99.8091354
09/08/2026 11:41:09,21.88,9.38,34.38,14.52,21.88,14.06,28.12,31.25,28.12,20.31,32.81,25.4,23.51,34.38,17.886282,3668,850,1797,712,18,1.69898522,1.35625,4042,831,40.5,2.07239747,1.35625,4042,652,40.5,1.337854,1.3625,4042,1049,40.5,3.00072384,1.3625,4042,753,40.5,1.976997,1.3625,4042,1100,40.5,3.45236945,1.3625,79.375,1.55,1.55,99.80922
09/08/2026 11:41:11,12.5,3.17,17.46,0,7.81,9.38,31.25,16.92,29.69,7.81,17.19,35.94,15.76,35.94,15.4602432,2816,563,1397,222,14,0.6067745,1.35625,1397,167.5,14,0.4470994,1.35625,1976,249.5,19.8,0.682771862,1.36875,4042,994.5,40.5,3.63750815,1.36875,4042,616.5,40.5,1.99904525,1.36875,4042,1130,40.5,4.02033472,1.36875,80.125,1.55,1.55,99.8091354
09/08/2026 11:41:13,20.31,6.15,10.77,1.54,6.25,6.15,46.88,4.62,12.31,10.94,32.81,12.5,14.27,46.88,15.8021183,2920,565,1797,424.5,18,1.38386607,1.35625,4042,170,40.5,0.448215246,1.35625,4042,191.5,40.5,0.481403351,1.35625,4042,1101,40.5,4.099998,1.35625,1797,524,18,1.70534015,1.35625,1797,981.5,18,3.57633352,1.35625,80.375,1.55,1.55,99.80925
09/08/2026 11:41:15,12.5,3.12,12.5,1.56,3.12,6.25,29.69,10.94,12.5,14.06,29.69,21.88,13.15,29.69,14.9907341,2415,537,1397,275,14,0.821150064,1.36875,1235,233,12.375,0.661188364,1.375,1976,196,19.8,0.4574165,1.375,4042,826,40.5,2.891145,1.375,4042,598.5,40.5,1.88571739,1.375,1797,1092.5,18,3.71048832,1.375,80.5,1.55,1.55,99.8091354
09/08/2026 11:41:17,17.46,6.35,14.29,6.25,4.76,9.52,42.86,25,33.33,11.11,33.33,17.46,18.48,42.86,16.5147877,3294,680,1797,263,18,0.676442862,1.3625,4042,319.5,40.5,0.859440863,1.3625,1797,239.5,18,0.551510632,1.34375,4042,1489,40.5,4.188448,1.34375,4042,878,40.5,2.87576056,1.34375,4042,892.5,40.5,3.065555,1.34375,81.875,1.55,1.55,99.8092651
09/08/2026 11:41:19,13.85,0,16.92,4.76,6.15,10.94,33.85,7.69,15.38,17.46,10.77,50.77,15.71,50.77,15.9376125,1971,582,1397,184,14,0.4611926,1.35,1397,353,14,1.10230541,1.35,1397,245,14,0.6735358,1.3625,4042,779,40.5,2.86869335,1.3625,1797,691,18,2.41001,1.3625,1797,1238.5,18,4.328157,1.3625,82.25,1.55,1.55,99.80914
09/08/2026 11:41:21,25,6.35,6.35,3.17,3.17,14.29,37.5,15.38,10.94,14.29,10.94,7.81,12.93,37.5,14.3246536,1971,499,1397,591,14,1.98078644,1.33125,1397,194,14,0.483197451,1.33125,1397,301,14,0.9020012,1.33125,1797,1020,18,3.66284513,1.33125,1797,483,18,1.62374806,1.33125,4042,406.5,40.5,1.22994876,1.33125,81.75,1.55,1.55,99.80913
09/08/2026 11:41:23,11.11,1.59,17.46,4.76,1.59,23.81,30.16,6.35,6.35,31.75,9.52,23.81,14.02,31.75,14.7690668,2920,524,4042,232.5,40.5,0.5822448,1.3375,1797,345.5,18,1.04988658,1.3375,4042,445,40.5,1.3570354,1.35,1797,676,18,2.457156,1.35,1797,750,18,2.654471,1.35,4042,696,40.5,2.20451617,1.35,80.75,1.55,1.55,99.809166
09/08/2026 11:41:25,25,12.31,9.23,4.69,14.06,10.77,51.56,3.12,23.08,12.5,28.12,18.75,17.77,51.56,18.0182743,2545,691,4042,602,40.5,1.92944789,1.35,1797,390.5,18,1.19922626,1.34375,1797,346.5,18,1.01218641,1.34375,1797,1154.5,18,4.263409,1.34375,1797,677,18,2.316459,1.34375,4042,974,40.5,3.48298621,1.34375,80.75,1.55,1.55,99.8092346
09/08/2026 11:41:27,10.94,9.09,15.62,4.62,23.44,17.19,37.5,41.18,4.69,14.06,24.24,3.12,17.14,41.18,15.434351,2345,619,1397,264,14,0.833631933,1.35,1397,300,14,0.8735908,1.35,1397,669.5,14,1.8381505,1.35,4042,1523.5,40.5,4.356629,1.35,4042,374.5,40.5,1.15796,1.35,1797,582.5,18,2.05256844,1.36875,80.625,1.55,1.55,99.8092041
09/08/2026 11:41:29,15.38,4.62,6.15,9.23,15.38,7.81,9.23,1.54,9.23,24.62,16.92,31.25,12.61,31.25,13.1162672,2906,444,4042,293.5,40.5,0.9310057,1.3375,1718,221,18,0.697946,1.3375,4042,399.5,40.5,1.256321,1.3375,1797,188,18,0.604409337,1.3375,1797,638,18,2.19489574,1.3625,4042,927,40.5,3.16647553,1.3625,79.625,1.55,1.55,99.80916
09/08/2026 11:41:31,17.19,1.56,7.81,0,7.81,10.94,28.12,1.56,3.12,31.25,3.12,32.81,12.11,32.81,13.4571381,1966,450,1235,211.5,12.375,0.5883496,1.35,1131,90.5,12.375,0.221558169,1.35,1797,350,18,1.11710107,1.36875,1797,482,18,1.75828707,1.36875,4042,779,40.5,2.79028821,1.36875,1797,789,18,2.68662858,1.36875,80.25,1.55,1.55,99.80923
09/08/2026 11:41:33,6.25,3.12,4.69,0,3.03,4.69,20.31,17.19,7.81,32.81,20.31,9.38,10.8,32.81,13.455019,2479,438,1397,152,14,0.430266529,1.325,1797,130.5,18,0.371907443,1.33125,4042,107.5,40.5,0.25638,1.33125,1797,786,18,2.78789377,1.33125,1797,831,18,3.09393167,1.33125,4042,618,40.5,2.133503,1.33125,79.875,1.55,1.55,99.80924
09/08/2026 11:41:35,9.38,0,6.25,4.69,6.25,18.75,21.88,4.69,9.38,34.38,29.69,9.38,12.89,34.38,13.5855541,2517,456,1748,116,18,0.2883004,1.35625,1678,90,18,0.219618857,1.35625,4042,476.5,40.5,1.60139132,1.35625,1797,473,18,1.6417762,1.35625,1797,807,18,2.78932738,1.35625,4042,773.5,40.5,2.6034677,1.35625,79.625,1.55,1.55,99.80924
09/08/2026 11:41:37,3.12,3.12,12.5,0,6.25,18.75,7.81,12.5,15.62,18.75,17.19,43.75,13.28,43.75,13.0941572,3237,439,3701,149,40.5,0.401659757,1.36875,4042,135.5,40.5,0.3658674,1.36875,1797,390.5,18,1.27619231,1.36875,1797,401.5,18,1.42422473,1.36875,4042,528.5,40.5,1.75740457,1.36875,4042,1026.5,40.5,3.66720629,1.36875,79,1.55,1.55,99.80923
09/08/2026 11:41:39,7.81,1.56,7.81,4.69,26.56,20.31,7.81,15.62,7.81,7.81,22.22,1.61,10.97,26.56,13.2220182,2536,454,1739,142.5,18,0.342033118,1.33125,1797,232.5,18,0.656925559,1.33125,4042,1005.5,40.5,3.40380287,1.35,1797,465,18,1.6825217,1.35,4042,346,40.5,1.06681025,1.35,1797,533.5,18,1.80072081,1.35,78.12501,1.55,1.55,99.80922
09/08/2026 11:41:41,12.5,1.54,15.62,4.35,15.38,6.15,15.62,12.5,21.88,21.88,29.23,13.04,14.14,29.23,14.1579933,3283,499,4042,205.5,40.5,0.56475,1.38125,4042,426,40.5,1.4087429,1.38125,1797,377,18,1.17194331,1.38125,4017,481.5,40.25,1.69977152,1.35625,4017,638,40.25,2.151775,1.35625,1785,865.5,17.88889,2.951424,1.35625,77.75001,1.55,1.55,99.80923
09/08/2026 11:41:43,19.05,12.7,9.52,3.23,22.22,6.35,38.1,8.06,15.87,19.05,25.4,6.45,15.5,38.1,16.34243,3294,593,4042,557,40.5,1.82820761,1.34375,1797,229,18,0.6382384,1.35,4042,546,40.5,1.79639626,1.35,4042,846.5,40.5,3.21301818,1.35,1797,763,18,2.80015445,1.35,4042,616.5,40.5,2.07305574,1.35,80.5,1.55,1.55,99.80919
09/08/2026 11:41:45,17.19,7.81,20.31,0,1.56,18.75,31.25,1.59,21.88,21.88,18.75,25,15.5,31.25,16.1611843,2014,600,1235,357.5,12.375,1.09738886,1.34375,1235,410.5,12.375,1.3201077,1.34375,1976,385,19.8,1.18814874,1.34375,1797,705,18,2.57609987,1.34375,1797,770,18,2.58983946,1.34375,4042,969,40.5,3.42515135,1.34375,80,1.55,1.55,99.80917
09/08/2026 11:41:47,15.62,6.25,9.38,9.68,9.38,7.81,39.06,15.62,10.94,12.5,29.69,21.88,15.65,39.06,14.1822357,2511,506,1976,313,19.8,0.9295589,1.3375,1235,316.5,12.375,0.9440417,1.3375,1976,222.5,19.8,0.614232242,1.34375,1797,989,18,3.55120873,1.34375,4042,279,40.5,0.7073176,1.34375,4042,914,40.5,3.1015923,1.3375,79.25,1.55,1.55,99.809166
09/08/2026 11:41:49,14.06,9.38,29.69,17.19,12.5,14.06,35.94,4.62,17.19,9.38,23.44,59.38,20.57,59.38,18.2834034,2762,696,1235,457,12.375,1.4767611,1.3625,1235,522.5,12.375,1.66781318,1.3625,1976,311,19.8,0.833830357,1.3625,4042,560.5,40.5,2.11499763,1.3625,4042,679,40.5,2.23164964,1.3625,4042,1646,40.5,6.024787,1.34375,79.5,1.55,1.55,99.809166
09/08/2026 11:41:51,21.88,9.38,20.31,20.31,6.25,15.62,42.19,1.56,21.88,14.06,28.12,46.88,20.7,46.88,18.4823246,2737,738,1235,645.5,12.375,1.99896681,1.35,1235,682,12.375,2.23082924,1.35,1976,302.5,19.8,0.8612988,1.35,3992,722.5,40,2.630208,1.35,3992,678.5,40,2.23796678,1.35,3992,1399.5,40,4.993895,1.35,80.125,1.55,1.55,99.80919
09/08/2026 11:41:53,17.19,7.69,15.62,0,1.56,6.15,20.31,15.62,9.38,29.69,14.06,18.75,13,29.69,14.0585222,3294,493,4042,550.5,40.5,1.75575054,1.3375,1797,264.5,18,0.803660154,1.3375,4042,178,40.5,0.427799225,1.3375,1797,662,18,2.35279632,1.3375,4042,779,40.5,2.66823554,1.34375,4042,526,40.5,1.63742864,1.34375,80.125,1.55,1.55,99.80918
09/08/2026 11:41:55,10.94,7.94,17.19,7.69,17.19,9.38,20.31,41.94,14.06,17.19,21.88,18.75,17.04,41.94,13.4361067,2542,453,1792,124,18,0.306275725,1.34375,1797,167,18,0.4969803,1.34375,4042,311,40.5,0.974551141,1.34375,1797,1001,18,3.641121,1.34375,4042,446,40.5,1.50016034,1.34375,1785,669.5,17.88889,2.26086164,1.34375,80.625,1.55,1.55,99.8092041
09/08/2026 11:41:57,13.85,12.31,18.46,5.97,9.23,24.62,33.85,20.9,26.15,12.31,41.54,3.08,18.52,41.54,19.4811687,2014,757,1797,580.5,18,1.91924882,1.33125,1797,542.5,18,1.78915584,1.33125,4042,633.5,40.5,2.1321516,1.33125,1235,1200.5,12.375,4.51769352,1.35,1235,750,12.375,2.677877,1.35,1976,835,19.8,3.07774472,1.35,81.125,1.55,1.55,99.80921
09/08/2026 11:41:59,15.87,3.17,12.7,1.54,4.76,11.11,25.4,11.11,11.11,25.4,36.51,6.35,13.75,36.51,14.067337,3294,494,4042,273,40.5,0.6399095,1.325,4042,178,40.5,0.477183729,1.325,4042,321.5,40.5,0.9181517,1.325,1797,813.5,18,2.91892862,1.325,1797,593.5,18,2.05357838,1.325,4042,785,40.5,2.74155068,1.325,80.5,1.55,1.55,99.80923
09/08/2026 11:42:01,7.81,6.25,6.25,1.61,6.15,14.29,35.94,6.35,4.69,37.5,14.29,4.69,12.15,37.5,13.8502064,3294,464,4042,281.5,40.5,0.7716101,1.35625,1797,135,18,0.356739044,1.35625,4042,348,40.5,1.10040629,1.35625,1797,849.5,18,3.131227,1.35625,4042,784,40.5,2.81183052,1.35625,4042,388,40.5,1.29438829,1.35625,80.875,1.55,1.55,99.80916
09/08/2026 11:42:03,11.11,7.94,14.29,12.7,11.11,15.87,14.29,1.59,7.94,14.29,20.63,28.57,13.36,28.57,14.6991653,4042,536,4042,393.5,40.5,1.10804582,1.35625,4042,521,40.5,1.60188174,1.35625,4042,458,40.5,1.39228868,1.35625,4042,364.5,40.5,1.21538556,1.35625,4042,502,40.5,1.44150734,1.35625,4042,979,40.5,3.35222554,1.35625,80,1.55,1.55,99.8092041
09/08/2026 11:42:05,15.87,4.76,10.94,0,7.81,15.62,53.97,1.59,4.76,12.5,10.94,3.17,11.83,53.97,13.7710629,2920,466,1797,337.5,18,0.946431935,1.3625,1797,144.5,18,0.377450436,1.3625,4042,428,40.5,1.40250635,1.3625,4042,1155,40.5,4.17814255,1.3625,4042,420.5,40.5,1.4362067,1.375,1797,313,18,1.03685021,1.375,79.5,1.55,1.55,99.8092041
09/08/2026 11:42:07,15.62,3.12,14.06,7.81,10.94,9.38,14.06,0,12.5,20.31,21.88,20.31,12.5,21.88,14.660799,2014,526,1797,307,18,0.840779841,1.3375,1797,453.5,18,1.38084137,1.3375,4042,437,40.5,1.33112824,1.3375,1235,287,12.375,0.935815,1.3375,1235,740.5,12.375,2.50516438,1.3375,1976,931,19.8,3.082113,1.3375,79,1.55,1.55,99.80921
09/08/2026 11:42:09,14.06,0,13.85,1.54,15.62,26.56,21.54,1.54,3.12,21.54,25,7.81,12.68,26.56,13.9937563,4042,498,4042,257.5,40.5,0.664696157,1.31875,4042,217.5,40.5,0.5540656,1.325,4042,918.5,40.5,3.17921257,1.325,4042,367.5,40.5,1.2124356,1.325,4042,582,40.5,1.9440577,1.325,4042,647.5,40.5,2.079567,1.325,79,1.55,1.55,99.809166
09/08/2026 11:42:11,17.19,1.56,14.06,0,15.62,14.06,17.19,12.5,4.69,15.62,21.88,26.56,13.41,26.56,14.132967,4042,501,4042,192.5,40.5,0.4555041,1.3625,4042,193.5,40.5,0.532025456,1.3625,4042,530,40.5,1.70909989,1.3625,4042,579,40.5,2.03365827,1.3625,4042,454,40.5,1.45201,1.3625,4042,1056.5,40.5,3.558747,1.3625,78.25001,1.55,1.55,99.8091354
09/08/2026 11:42:13,15.62,3.12,15.62,0,1.56,17.19,9.38,20.31,12.5,26.56,9.38,15.62,12.24,26.56,14.4039879,3668,502,4042,300.5,40.5,0.825739861,1.3625,4042,364,40.5,1.105199,1.35625,4042,359,40.5,1.029664,1.35625,1797,534.5,18,1.89275157,1.35625,4042,926,40.5,3.241108,1.35625,4042,531,40.5,1.78322554,1.35625,79.375,1.55,1.55,99.80922
09/08/2026 11:42:15,23.81,6.35,15.87,3.17,7.94,9.52,36.51,31.75,25.4,6.35,9.52,18.46,16.22,36.51,15.8864212,2388,585,1235,525.5,12.375,1.55564153,1.35625,1235,295.5,12.375,0.814082563,1.34375,1976,251,19.8,0.6333209,1.34375,1797,1321.5,18,4.7468853,1.34375,4042,496,40.5,1.53968835,1.34375,4042,622,40.5,2.07518744,1.34375,79.375,1.55,1.55,99.80914
09/08/2026 11:42:17,14.06,14.06,20.31,3.12,6.25,14.06,46.88,12.5,6.25,23.44,15.62,3.12,14.97,46.88,15.5494013,3277,576,1785,511.5,17.88889,1.40923667,1.36875,1785,462.5,17.88889,1.42023861,1.36875,4017,233,40.25,0.5639862,1.36875,4017,1166,40.25,4.16639328,1.36875,4017,618.5,40.25,2.03505588,1.36875,4042,466.5,40.5,1.4943924,1.36875,79.875,1.55,1.55,99.8092
09/08/2026 11:42:19,14.06,3.03,15.62,13.85,20.31,9.38,31.25,10.94,12.5,20.31,29.69,29.69,17.55,31.25,16.3848743,2920,640,1797,326,18,0.814391136,1.3375,1797,559.5,18,1.71019268,1.3375,4042,504,40.5,1.46624839,1.3375,1797,774.5,18,2.55195,1.3375,4042,593.5,40.5,1.75738823,1.3375,4042,1084.5,40.5,3.67431736,1.3375,79.375,1.55,1.55,99.8091354
09/08/2026 11:42:21,4.76,6.35,19.05,11.11,9.52,22.22,12.7,22.22,12.7,12.7,22.22,17.46,14.42,22.22,14.0394783,2920,502,4042,186.5,40.5,0.49861455,1.35625,4042,396,40.5,1.26043487,1.35625,1797,573,18,1.82730794,1.35625,1797,771.5,18,2.61842775,1.35625,1797,373.5,18,1.09545374,1.35625,4042,710.5,40.5,2.37282372,1.35625,79.25,1.55,1.55,99.809166
09/08/2026 11:42:23,14.06,7.81,15.62,10.94,1.56,7.81,28.12,20.31,15.62,18.75,32.81,9.38,15.23,32.81,14.6428871,3668,522,4042,343,40.5,1.01397085,1.3875,4042,466,40.5,1.47449434,1.38125,1797,165.5,18,0.373900652,1.38125,4042,806.5,40.5,2.96236777,1.38125,4042,585.5,40.5,1.9452107,1.38125,4042,763,40.5,2.6032722,1.38125,79.125,1.55,1.55,99.80917
09/08/2026 11:42:25,10.77,4.69,7.69,1.54,3.08,23.44,32.31,7.69,6.15,10.77,9.23,20,11.45,32.31,13.6847439,2850,463,1397,311.5,14,0.8467391,1.33125,1782,126,18,0.3093081,1.34375,4042,495.5,40.5,1.64996135,1.34375,1797,834.5,18,3.03448439,1.34375,4042,375,40.5,1.121955,1.34375,4042,637,40.5,2.19301057,1.34375,78.75001,1.55,1.55,99.80917
09/08/2026 11:42:27,9.38,9.23,6.25,0,14.06,4.69,20,0,9.38,32.81,32.31,6.25,12.03,32.81,13.6236191,2068,482,1397,350.5,14,1.01838768,1.3625,1397,158,14,0.35891512,1.3625,1976,442,19.8,1.38035822,1.3625,1797,367,18,1.21179307,1.3625,1797,759.5,18,2.56579852,1.3625,4042,816.5,40.5,2.83710432,1.3625,78.25001,1.55,1.55,99.80916
09/08/2026 11:42:29,20.31,9.38,29.69,15.62,23.44,7.81,35.94,3.12,17.19,10.94,21.88,7.81,16.93,35.94,16.7392235,2909,654,4042,523,40.5,1.56930363,1.375,1797,857,18,2.77805042,1.375,1797,518,18,1.60274553,1.375,4017,756,40.25,2.63001776,1.38125,4017,673.5,40.25,2.15217376,1.38125,1785,596,17.88889,1.8980546,1.3625,78.25001,1.55,1.55,99.80923
09/08/2026 11:42:31,7.81,5,14.06,6.25,15.62,17.46,46.88,1.56,4.69,17.46,19.05,3.12,13.25,46.88,14.1321735,2846,510,1397,214,14,0.5291005,1.35,1755,241,18,0.6259686,1.3625,4042,713.5,40.5,2.33591866,1.3625,4042,956,40.5,3.42603278,1.3625,1797,432.5,18,1.34764183,1.3625,4042,501,40.5,1.63636839,1.3625,78.25001,1.55,1.55,99.80919
09/08/2026 11:42:33,31.25,9.23,21.88,4.62,9.38,17.19,21.88,28.12,9.38,18.75,32.81,7.81,17.69,32.81,15.1169147,3668,557,4042,697.5,40.5,2.18477082,1.36875,4042,357,40.5,1.11369848,1.36875,4042,358.5,40.5,0.982946038,1.36875,1797,1008.5,18,3.656737,1.36875,4042,420.5,40.5,1.28576589,1.36875,4042,501,40.5,1.65936446,1.36875,78.62501,1.55,1.55,99.80923
09/08/2026 11:42:35,15.62,1.61,10.94,1.56,7.81,14.06,48.44,10.94,12.5,15.62,25,0,13.68,48.44,14.858654,3664,536,1797,300,18,0.9462473,1.36875,4042,240,40.5,0.7140096,1.3625,4042,442,40.5,1.30418026,1.3625,4042,1180,40.5,4.363419,1.3625,4017,492.5,40.25,1.56396222,1.375,4042,561,40.5,1.78739893,1.325,78.37501,1.55,1.55,99.80915
09/08/2026 11:42:37,51.56,6.25,20.31,10.94,17.19,18.75,26.56,6.25,21.88,42.19,50,12.5,23.7,51.56,20.0324764,2241,788,1752,1011.5,17.5555553,4.110178,1.25625,3992,476,40,1.70171678,1.30625,1774,370.5,17.7777786,1.10230207,1.30625,1976,580,19.8,2.257019,1.30625,1976,1292,19.8,4.54421949,1.30625,1976,1000,19.8,3.93872166,1.30625,80.375,1.55,1.55,99.80918
09/08/2026 11:42:39,21.88,12.5,23.44,10.94,23.44,34.38,21.88,10.94,28.12,21.88,35.94,34.38,23.31,35.94,17.5516,2918,908,1785,709.5,17.88889,1.422299,1.33125,4042,683.5,40.5,1.302883,1.34375,4042,1006,40.5,2.49894834,1.34375,1797,720,18,1.67552209,1.34375,4042,968.5,40.5,2.39831,1.36875,1797,1360,18,3.89653945,1.36875,80.75,1.55,1.55,99.80921
09/08/2026 11:42:41,25,7.81,20,6.15,14.06,26.56,32.81,35.94,18.75,26.15,27.69,28.12,22.42,35.94,15.4344816,3294,567,4042,230.5,40.5,0.561199665,1.38125,4042,216,40.5,0.5809677,1.38125,1797,379,18,1.14096618,1.38125,4042,1040.5,40.5,3.75478864,1.38125,4042,774.5,40.5,2.672108,1.38125,1797,760,18,2.57302427,1.38125,81.125,1.55,1.55,99.8092
09/08/2026 11:42:43,7.81,3.08,14.06,1.52,7.58,10.77,7.81,0,7.81,29.69,36.92,20.31,12.28,36.92,13.6118479,1631,471,1183,147,12.375,0.368718266,1.34375,1235,233,12.375,0.7325508,1.34375,1976,277.5,19.8,0.814337,1.34375,1797,276.5,18,0.8215164,1.34375,1797,680,18,2.38190341,1.34375,1797,1212.5,18,4.31374025,1.34375,80.625,1.55,1.55,99.80917
09/08/2026 11:42:45,15.38,6.25,21.54,9.38,23.44,15.62,30.77,6.15,21.54,7.69,30.77,26.15,17.89,30.77,16.4960423,2345,612,1397,197,14,0.5423047,1.35,1397,523,14,1.79913437,1.35,1397,497,14,1.64345038,1.35,4042,717,40.5,2.688329,1.35,4042,535,40.5,1.66188526,1.35,1797,1200.5,18,4.450053,1.35,80.25,1.55,1.55,99.8092041
09/08/2026 11:42:47,23.44,6.15,14.06,0,9.38,16.92,36.92,10.94,12.31,25,34.38,14.06,16.96,36.92,16.21694,3294,603,4042,521.5,40.5,1.57048476,1.3375,1797,218.5,18,0.577266157,1.3375,4042,387,40.5,1.181488,1.34375,1797,770,18,2.724232,1.34375,4042,732.5,40.5,2.37659812,1.34375,4042,988.5,40.5,3.41705751,1.34375,80.375,1.55,1.55,99.80925
09/08/2026 11:42:49,15.38,9.23,32.31,10.77,3.08,7.69,41.54,3.08,10.77,15.38,24.62,10.77,15.38,41.54,16.02072,2918,586,1785,439,17.88889,1.284991,1.34375,1797,749,18,2.52119517,1.3375,4042,239.5,40.5,0.5722241,1.3375,1797,872,18,3.25922227,1.3375,4042,496,40.5,1.64060593,1.3375,4042,719,40.5,2.53936625,1.3375,80.5,1.55,1.55,99.80924
09/08/2026 11:42:51,12.5,9.38,15.62,12.5,4.69,10.94,15.62,4.69,9.38,10.94,45.31,15.62,13.93,45.31,14.6557646,2920,524,4042,444.5,40.5,1.39468956,1.31875,1797,460,18,1.47354329,1.31875,1797,250.5,18,0.640785158,1.31875,1797,483,18,1.68128991,1.31875,4042,450,40.5,1.36694419,1.31875,4042,1056.5,40.5,3.59544539,1.31875,79.875,1.55,1.55,99.80922
09/08/2026 11:42:53,9.23,13.85,15.38,3.08,4.62,18.46,41.54,9.23,7.69,15.38,16.92,7.69,13.59,41.54,15.037921,3668,526,1797,369.5,18,1.11752427,1.36875,4042,269,40.5,0.7732219,1.36875,4042,393,40.5,1.21222174,1.36875,4042,1084.5,40.5,4.03925562,1.36875,4042,538,40.5,1.76938665,1.375,4042,500.5,40.5,1.65738583,1.375,79.75,1.55,1.55,99.80917
09/08/2026 11:42:55,15.62,1.56,15.62,4.69,10.94,10.94,32.81,10.94,10.94,23.44,15.62,10.94,13.67,32.81,15.077527,2920,542,1797,299,18,0.844125,1.33125,4042,369.5,40.5,1.15352523,1.33125,1797,460,18,1.38399875,1.33125,1797,886,18,3.18792534,1.3375,4042,725.5,40.5,2.42387724,1.3375,4042,512,40.5,1.61263609,1.3375,80.125,1.55,1.55,99.80918
09/08/2026 11:42:57,18.75,11.11,17.19,0,4.69,15.62,50,4.62,15.62,4.69,10.94,9.38,13.55,50,14.5716009,2345,523,1397,472.5,14,1.36363947,1.33125,1397,195,14,0.467749536,1.35,1397,386,14,1.16833746,1.35,1797,1084.5,18,3.98175359,1.35,4042,550,40.5,1.6961273,1.35,4042,449,40.5,1.4451673,1.35,79.5,1.55,1.55,99.80915
09/08/2026 11:42:59,9.23,4.62,10.77,0,21.54,6.15,29.23,4.62,6.15,16.92,30.77,6.15,12.18,30.77,14.4019165,1984,521,1797,287,18,0.7189451,1.34375,1797,182.5,18,0.4580298,1.34375,4042,553,40.5,1.74397683,1.34375,1235,810,12.375,2.86906719,1.34375,1235,468.5,12.375,1.428166,1.34375,1797,823.5,18,2.78646183,1.34375,79.125,1.55,1.55,99.809166
09/08/2026 11:43:01,40.62,17.19,32.81,37.5,45.31,31.25,46.88,35.94,40.62,26.56,43.75,20.31,34.9,46.88,24.2203655,3992,1217,3992,1011.5,40,2.48160934,1.33125,3992,1047.5,40,2.95577574,1.33125,3992,1248,40,3.77132225,1.33125,3992,1513,40,4.52907467,1.33125,3992,1151.5,40,3.23473334,1.33125,3992,1328,40,3.93939567,1.33125,80.5,1.55,1.55,99.80919
09/08/2026 11:43:03,10.77,6.15,13.85,4.76,3.08,10.94,33.85,60.61,12.31,1.56,18.46,0,14.69,60.61,15.940917,2412,594,1397,401.5,14,1.0660007,1.375,1397,262.5,14,0.6745452,1.375,1797,270,18,0.705483437,1.375,1797,1905.5,18,6.98032665,1.375,4042,314,40.5,0.789481044,1.375,4042,411.5,40.5,1.10605156,1.375,81.875,1.55,1.55,99.8092041
09/08/2026 11:43:05,34.38,17.19,34.38,14.52,20.31,39.68,45.31,31.25,25,20.31,20.31,20.31,26.91,45.31,20.20299,2335,1015,1397,929,14,2.18162036,1.35625,1397,930,14,2.20849586,1.35625,1397,1167,14,3.12239552,1.35625,1785,1407,17.88889,4.42505,1.35625,4017,901.5,40.25,2.27983928,1.35625,4017,757.5,40.25,1.50866485,1.35625,81.375,1.55,1.55,99.8092041
09/08/2026 11:43:07,28.12,12.5,31.25,9.23,17.19,9.38,35.94,7.69,20.31,14.06,32.81,20.31,19.9,35.94,16.3590412,3668,647,4042,675,40.5,1.88756239,1.34375,4042,710,40.5,2.23029923,1.34375,4042,419,40.5,1.0783211,1.34375,1797,687.5,18,2.26090956,1.34375,4042,486.5,40.5,1.33181024,1.34375,4042,905,40.5,2.947186,1.34375,80.375,1.55,1.55,99.80917
09/08/2026 11:43:09,9.52,3.23,7.81,4.84,1.59,22.22,18.75,36.76,4.69,4.69,15.62,14.29,12,36.76,14.277072,3619,478,3906,197.5,40.5,0.4960807,1.35625,3883,214.5,40.5,0.665374,1.35625,4042,492,40.5,1.66783273,1.35625,1797,1135.5,18,4.21871758,1.35625,4042,233,40.5,0.6245321,1.35625,4042,596.5,40.5,1.94242418,1.35625,80.25,1.55,1.55,99.80916
09/08/2026 11:43:11,15.62,10.94,7.81,1.59,1.59,11.11,51.56,43.94,6.25,6.35,14.29,28.12,16.6,51.56,15.8019533,2341,659,1397,515.5,14,1.35041761,1.35625,1370,130.5,14,0.37384966,1.35625,1397,180.5,14,0.443791181,1.35625,4042,2004,40.5,5.52686739,1.35625,4042,269.5,40.5,0.786796033,1.35625,1797,853.5,18,2.75248384,1.35625,81.625,1.55,1.55,99.80918
09/08/2026 11:43:13,15.38,7.69,12.31,1.54,6.06,6.15,24.62,15.15,3.08,18.46,40,20,14.2,40,14.4068222,3799,552,3743,338,37.5,0.905296147,1.34375,3928,208,39.5,0.401023179,1.29375,3693,325.5,37,0.708750963,1.35,3693,753.5,37,2.495536,1.35,3868,435,38.75,1.184802,1.18125,3868,1249.5,38.75,4.242463,1.18125,80.75,1.55,1.55,99.80912
09/08/2026 11:43:15,3.12,6.25,10.94,7.81,7.81,12.5,23.44,4.69,4.69,29.69,31.25,28.12,14.19,31.25,14.8735275,3668,549,4042,213.5,40.5,0.524103,1.34375,4042,444,40.5,1.41487455,1.34375,4042,224,40.5,0.5358521,1.35,4042,521,40.5,1.76086,1.35,4042,694.5,40.5,2.40334082,1.35,1797,1196,18,3.93761849,1.35,80,1.55,1.55,99.80919
09/08/2026 11:43:17,18.75,6.25,15.87,4.69,13.85,18.75,56.25,12.5,21.88,38.46,50,20.31,23.13,56.25,16.9392719,3574,640,1235,349.5,12.375,0.933029652,1.35,4042,283.5,40.5,0.764337063,1.3625,4042,310,40.5,0.8185164,1.3625,4042,1075,40.5,3.85171366,1.36875,4042,814.5,40.5,2.63621283,1.36875,4042,1010,40.5,3.289063,1.36875,80.625,1.55,1.55,99.809166
09/08/2026 11:43:19,13.64,4.62,20,3.08,3.03,15.38,51.52,18.18,10.77,16.67,33.85,9.09,16.65,51.52,13.3962431,2014,457,1235,177,12.375,0.482114047,1.34375,1235,207.5,12.375,0.6488334,1.34375,1976,130.5,19.8,0.291616231,1.34375,1797,1112.5,18,4.017932,1.34375,4042,495,40.5,1.62964725,1.35625,1797,621,18,2.09071445,1.35625,79.75,1.55,1.55,99.80917
09/08/2026 11:43:21,7.81,3.12,9.38,4.69,4.69,29.69,21.88,12.5,9.38,23.44,12.5,14.06,12.76,29.69,14.4545507,2545,501,1797,186,18,0.4487038,1.325,4042,215,40.5,0.6012896,1.325,1797,640.5,18,2.059989,1.325,4042,733,40.5,2.57033324,1.325,1797,625,18,2.05705667,1.3375,1797,605,18,2.0684216,1.3375,80,1.55,1.55,99.809166
09/08/2026 11:43:23,4.69,3.12,15.62,6.35,3.12,7.81,26.56,0,10.94,14.06,28.12,21.88,11.86,28.12,13.0300817,2635,449,1976,191,19.8,0.534861,1.3375,1976,307,19.8,1.01319933,1.3375,1976,192.5,19.8,0.502710462,1.34375,1797,541,18,1.94294143,1.34375,4042,445,40.5,1.34269655,1.34375,4042,1015,40.5,3.64308047,1.34375,79.375,1.55,1.55,99.80916
09/08/2026 11:43:25,12.12,1.52,15.15,0,3.03,4.62,21.21,20,9.09,22.73,31.82,19.7,13.41,31.82,14.5020428,2545,492,1797,196.5,18,0.4800268,1.31875,4042,276.5,40.5,0.8343136,1.31875,1797,145,18,0.316271245,1.325,1797,769.5,18,2.78986287,1.325,4042,596.5,40.5,1.91615355,1.325,1797,968.5,18,3.332313,1.325,79.125,1.55,1.55,99.80926
09/08/2026 11:43:27,7.81,3.12,23.44,0,3.03,20.31,17.19,3.03,10.77,20.97,21.88,15.62,12.26,23.44,12.9236593,2345,440,1397,191,14,0.5330151,1.3375,1397,382,14,1.27364314,1.3375,1397,440,14,1.41811347,1.3375,4042,381,40.5,1.32315,1.35,1797,553.5,18,1.85463428,1.35,4042,693.5,40.5,2.31808519,1.35,78.00001,1.55,1.55,99.8092041
09/08/2026 11:43:29,7.81,0,25.4,4.76,1.61,9.38,40.62,11.67,12.5,18.75,31.25,12.31,14.67,40.62,14.2742691,2345,470,1397,180.5,14,0.492687166,1.34375,1397,355.5,14,1.17322123,1.34375,1397,141.5,14,0.3137274,1.34375,1797,948.5,18,3.49653268,1.35,4042,417.5,40.5,1.2496177,1.35,4042,775.5,40.5,2.75780916,1.35,78.37501,1.55,1.55,99.80922
09/08/2026 11:43:31,9.38,3.23,7.81,1.56,3.23,7.81,1.56,12.9,6.25,18.46,31.25,32.81,11.35,32.81,13.13847,2345,445,1397,205.5,14,0.569721937,1.33125,1397,156.5,14,0.444286644,1.34375,1397,179,14,0.415739059,1.34375,1797,324.5,18,1.14756,1.34375,4042,510.5,40.5,1.69015455,1.34375,4042,1296,40.5,4.619673,1.34375,77.87501,1.55,1.55,99.80922
09/08/2026 11:43:33,3.12,1.56,15.62,1.56,7.81,15.62,15.62,0,9.38,17.46,43.75,12.5,12,43.75,14.1604548,3668,473,4042,167,40.5,0.3988383,1.3375,4042,296.5,40.5,0.8673374,1.3375,4042,453.5,40.5,1.43699729,1.3375,1797,347.5,18,1.21654248,1.35625,4042,479.5,40.5,1.51619053,1.35625,4042,1095,40.5,3.90575266,1.35625,77.62501,1.55,1.55,99.80918
09/08/2026 11:43:35,6.25,1.56,15.62,0,1.61,7.69,42.19,0,9.38,25.4,9.23,12.5,10.95,42.19,13.3638182,2332,453,1315,133,14,0.333462268,1.3375,1397,334,14,1.00266075,1.3375,1397,162,14,0.390555263,1.3375,1797,866.5,18,3.116659,1.34375,4042,736.5,40.5,2.63636637,1.34375,4042,483.5,40.5,1.65705287,1.34375,77.87501,1.55,1.55,99.80922
09/08/2026 11:43:37,10.94,20,12.5,1.64,20.63,7.81,21.88,26.56,12.5,9.23,20.31,12.5,14.71,26.56,14.3566751,2388,498,1235,656,12.375,2.1284802,1.34375,1235,167,12.375,0.405612379,1.35625,1976,531.5,19.8,1.7137872,1.35625,4042,782.5,40.5,2.72890568,1.35625,4042,319.5,40.5,0.875092745,1.35625,1797,534,18,1.82387924,1.35625,77.37501,1.55,1.55,99.80922
09/08/2026 11:43:39,7.81,6.25,17.19,3.17,4.76,9.38,10.94,32.81,6.25,7.81,35.94,31.25,14.46,35.94,14.5550528,2392,524,1397,236,14,0.630630434,1.3375,1397,262,14,0.7575637,1.3375,1677,185,16.8,0.426459223,1.3375,1797,823,18,2.84417772,1.35,4042,300,40.5,0.7272923,1.35,4042,1341,40.5,4.69531727,1.35,77.75001,1.55,1.55,99.80916
09/08/2026 11:43:41,12.5,1.54,9.23,1.54,9.38,24.62,4.69,0,12.5,60.94,6.15,0,11.92,60.94,13.201395,3506,440,1797,220.5,18,0.63257,1.34375,3577,99,40.5,0.2477862,1.35,4042,673.5,40.5,2.26355839,1.35,3537,63,40.5,0.178631708,1.35,4042,1482,40.5,5.39365625,1.35,4042,105,40.5,0.249029428,1.35,79.625,1.55,1.55,99.80926
09/08/2026 11:43:43,18.75,14.06,26.56,4.69,17.19,9.38,17.19,43.75,18.75,26.56,21.88,31.25,20.83,43.75,17.3083286,4042,714,4042,532.5,40.5,1.39149022,1.375,4042,485.5,40.5,1.282865,1.375,4042,429,40.5,1.20039678,1.35625,4042,1122.5,40.5,3.86500931,1.35625,4042,778,40.5,2.50527215,1.35625,4042,934,40.5,2.99798346,1.35625,80,1.55,1.55,99.8092041
09/08/2026 11:43:45,45.31,23.44,50,23.44,46.88,21.88,42.19,40.62,43.75,26.56,45.31,29.69,36.59,50,24.1000118,2171,1442,1797,1309.5,18,2.88024926,1.3625,1797,1440,18,3.34136367,1.3625,1797,1269.5,18,2.89134383,1.375,4042,1812.5,40.5,4.70028353,1.375,1797,1375.5,18,3.182905,1.375,1797,1446.5,18,3.44195,1.375,79.75,1.55,1.55,99.8092041
09/08/2026 11:43:47,9.38,3.12,15.62,10.94,9.38,15.62,7.81,17.19,9.38,17.19,12.5,20.31,12.37,20.31,14.1632357,2920,496,1797,181,18,0.4627438,1.3375,1797,430,18,1.32105708,1.3375,4042,503,40.5,1.67387891,1.3375,4042,556,40.5,1.9422822,1.3375,1797,571.5,18,1.80015588,1.3375,4042,734,40.5,2.57399654,1.3375,79.75,1.55,1.55,99.80912
09/08/2026 11:43:49,7.81,7.58,17.19,0,1.56,7.69,46.88,1.56,6.25,12.5,18.46,15.62,11.93,46.88,13.6224756,2137,464,1797,262,18,0.789172351,1.33125,1797,253.5,18,0.7721228,1.33125,4042,153.5,40.5,0.374357343,1.33125,1235,1003,12.375,3.66523981,1.33125,1976,452,19.8,1.50911236,1.33125,1976,658.5,19.8,2.239238,1.33125,79.25,1.55,1.55,99.8092346
09/08/2026 11:43:51,39.06,10.94,28.12,12.5,17.19,17.19,31.25,10.94,32.81,51.56,28.12,45.31,27.08,51.56,20.4653282,2920,869,4042,773,40.5,2.72391367,1.33125,4042,534.5,40.5,1.95467794,1.33125,1797,453.5,18,1.11792135,1.36875,4042,799.5,40.5,2.58473325,1.3625,1797,1547.5,18,5.0922327,1.3625,1797,1106.5,18,4.53545761,1.3625,81.625,1.55,1.55,99.80919
09/08/2026 11:43:53,28.12,14.06,10.94,26.56,14.06,15.62,35.94,50,21.88,17.19,17.19,25,23.05,50,18.6422386,2920,802,4042,489,40.5,1.232791,1.35625,1797,674,18,1.93641388,1.3625,4042,436,40.5,1.01539123,1.3625,1797,1589.5,18,5.203035,1.3625,1797,831,18,2.58471346,1.3625,4042,790,40.5,2.51511431,1.3625,82.25,1.55,1.55,99.8092346
09/08/2026 11:43:55,20,12.31,12.31,21.54,1.54,9.23,56.92,3.08,6.15,1.56,4.69,1.54,12.57,56.92,13.6837654,3294,473,1797,560,18,1.71484435,1.3625,1797,597,18,1.957951,1.3625,4042,142,40.5,0.300695628,1.3625,4042,1227,40.5,4.534352,1.3625,4042,118.5,40.5,0.2754429,1.3625,4042,195.5,40.5,0.629493237,1.3625,81.875,1.55,1.55,99.80916
09/08/2026 11:43:57,10.94,6.25,6.25,0,37.5,39.06,7.81,0,4.69,20.31,3.12,0,11.33,39.06,13.8342552,2336,485,1235,348,12.375,0.93265295,1.3625,1235,163.5,12.375,0.400622755,1.3625,1797,1617.5,18,5.6159,1.36875,1664,105,18,0.2670104,1.36875,4042,581,40.5,2.00221515,1.36875,4042,93.5,40.5,0.210974365,1.36875,80.875,1.55,1.55,99.80921
09/08/2026 11:43:59,18.46,3.08,7.69,1.54,9.23,15.38,27.69,53.85,3.08,7.69,1.54,0,12.44,53.85,13.9338264,2903,474,4042,305,40.5,0.8262905,1.3375,1699,130.5,18,0.340791076,1.3375,4042,481.5,40.5,1.62439728,1.3375,1797,1589.5,18,5.81050253,1.3375,1797,256.5,18,0.7752019,1.3375,4042,80,40.5,0.207534343,1.3375,80.375,1.55,1.55,99.8092346
09/08/2026 11:44:01,4.62,3.08,10.77,0,0,9.23,3.08,3.03,6.15,6.15,35.38,55.38,11.41,55.38,13.3672533,3241,465,3854,219,40.5,0.546485,1.3375,1797,144,18,0.3851375,1.3375,4042,132.5,40.5,0.288518816,1.3375,1670,135,18,0.4206057,1.3375,4042,228.5,40.5,0.665582657,1.3375,4042,1930.5,40.5,6.92402029,1.3375,79.625,1.55,1.55,99.80921
09/08/2026 11:44:03,20.31,26.56,10.94,1.54,4.69,7.81,28.12,6.25,10.94,6.25,37.5,28.12,15.75,37.5,12.9331312,2366,447,1235,586.5,12.375,1.84742415,1.3625,1101,98.5,12.375,0.246445328,1.3625,1976,111.5,19.8,0.2421868,1.3625,4042,515,40.5,1.84858418,1.375,1797,204,18,0.5753318,1.375,4042,1168.5,40.5,4.124169,1.375,78.75001,1.55,1.55,99.8092
09/08/2026 11:44:05,10.94,3.12,20.31,3.12,4.69,15.62,31.25,14.06,4.69,25,6.25,15.62,12.89,31.25,14.1316662,2920,504,1797,267,18,0.658866346,1.34375,1797,414.5,18,1.28263509,1.34375,4042,398.5,40.5,1.214349,1.34375,1797,898.5,18,3.08686376,1.34375,4042,573,40.5,1.95560789,1.34375,4042,475.5,40.5,1.59738517,1.34375,78.87501,1.55,1.55,99.80917
09/08/2026 11:44:07,7.58,7.58,16.67,0,1.52,12.12,30.3,9.09,4.55,25.76,15.15,10.61,11.74,30.3,13.0777884,2575,438,1797,249.5,18,0.7920354,1.3375,4042,191.5,40.5,0.5536855,1.3375,1976,121,19.8,0.265159816,1.3375,1797,843,18,3.13815737,1.34375,1797,639,18,2.240365,1.34375,4042,582.5,40.5,2.03579855,1.34375,78.62501,1.55,1.55,99.80919
09/08/2026 11:44:09,9.38,3.12,9.38,0,14.06,20.31,28.12,7.94,20.31,12.5,10.94,12.5,12.38,28.12,13.650034,3633,456,4042,180,40.5,0.50430125,1.35625,3835,192,40.5,0.490428478,1.35625,4042,647.5,40.5,2.198933,1.35625,1797,711,18,2.6169126,1.35625,4042,561.5,40.5,2.02607512,1.35625,4042,443,40.5,1.51430225,1.35625,78.25001,1.55,1.55,99.80918
09/08/2026 11:44:11,6.25,4.69,9.38,0,9.38,31.25,32.81,8.06,3.12,25,18.75,7.81,13.04,32.81,13.2830086,2830,442,3746,114.5,40.5,0.289079547,1.35,1556,101,18,0.250472575,1.35,4042,730.5,40.5,2.48298264,1.35,1797,726,18,2.67246485,1.35,4042,529.5,40.5,1.852753,1.35625,1797,448,18,1.49723959,1.35625,77.87501,1.55,1.55,99.8092041
09/08/2026 11:44:13,15.62,4.69,9.38,9.38,6.25,4.69,14.06,10.94,4.69,23.44,10.94,25,11.59,25,13.01619,3294,447,4042,359,40.5,1.10788226,1.34375,4042,378.5,40.5,1.21826816,1.34375,4042,188.5,40.5,0.490816474,1.34375,1797,504.5,18,1.76467526,1.34375,1797,488,18,1.6405983,1.34375,4042,762,40.5,2.70439339,1.35625,77.00001,1.55,1.55,99.809166
09/08/2026 11:44:15,10.77,9.23,18.46,3.08,3.12,15.62,33.85,4.62,6.15,6.15,17.19,12.31,11.71,33.85,13.0992575,2720,444,1397,361,14,1.17936909,1.35,1397,320,14,1.01199985,1.3625,1397,321,14,0.940131664,1.3625,4042,815.5,40.5,2.96943545,1.3625,4042,264.5,40.5,0.753077269,1.3625,4042,582.5,40.5,2.053191,1.3625,76.62501,1.55,1.55,99.8092041
09/08/2026 11:44:17,23.44,13.85,26.56,10.77,26.56,15.62,45.31,16.42,20,26.15,17.19,25,22.24,45.31,16.8581219,3294,835,1797,634.5,18,1.39547181,1.3625,1797,662,18,1.30952883,1.3625,4042,784.5,40.5,1.81148458,1.3625,4042,1260,40.5,3.9104805,1.3625,4042,794,40.5,1.97627974,1.31875,4042,873,40.5,2.13656044,1.31875,77.25001,1.55,1.55,99.80921
09/08/2026 11:44:19,15.38,16.67,15.38,13.64,12.31,13.85,23.08,19.7,15.38,20,21.54,33.85,18.4,33.85,13.94433,3668,531,4042,411.5,40.5,1.19757533,1.3375,4042,420,40.5,1.13338339,1.3375,1797,412.5,18,1.2256974,1.3375,4042,649.5,40.5,1.99664438,1.3375,4042,453,40.5,1.41930139,1.3375,4042,839,40.5,2.82105923,1.3375,77.37501,1.55,1.55,99.80921
09/08/2026 11:44:21,14.06,16.92,9.38,12.5,11.11,12.5,7.81,12.5,12.5,10.94,15.62,20.31,13.01,20.31,13.4372044,2038,495,1397,500,14,1.570485,1.3125,1397,379.5,14,1.15104055,1.3125,1797,432,18,1.2522949,1.3125,1797,510.5,18,1.66735792,1.325,1797,436.5,18,1.39425671,1.325,4042,709,40.5,2.34270072,1.325,77.87501,1.55,1.55,99.80924
09/08/2026 11:44:23,10.77,6.15,4.62,1.47,3.12,7.69,21.54,26.87,7.69,13.85,13.85,23.08,11.72,26.87,13.1695395,2513,462,1797,283,18,0.864914358,1.3375,1602,135.5,18,0.36751312,1.3375,4042,136.5,40.5,0.2816374,1.3375,1797,1002,18,3.6611495,1.3375,1797,383,18,1.11171532,1.3375,4042,829,40.5,2.74250221,1.3375,77.62501,1.55,1.55,99.80922
09/08/2026 11:44:25,18.75,4.69,9.38,9.38,14.06,14.06,14.06,9.38,3.12,12.5,14.06,12.5,11.33,18.75,13.380537,3277,456,4042,411.5,40.5,1.3336966,1.35625,1696,272.5,18,0.881278455,1.35625,4042,534,40.5,1.77845538,1.35625,1797,558,18,1.90647709,1.35625,4042,402,40.5,1.24015343,1.35625,4042,557,40.5,1.93326962,1.35625,77.25001,1.55,1.55,99.80922
09/08/2026 11:44:27,6.25,1.56,15.62,4.62,15.38,14.06,25,12.7,6.25,9.38,15.62,10.94,11.45,25,13.2938719,2920,465,1797,145.5,18,0.383913815,1.33125,1797,410,18,1.33874118,1.33125,4042,568,40.5,1.83395958,1.33125,4042,758,40.5,2.783715,1.34375,1797,322,18,0.984204054,1.34375,4042,588,40.5,1.964482,1.34375,77.00001,1.55,1.55,99.8092
09/08/2026 11:44:29,15.62,4.76,12.5,6.35,7.94,9.52,20.31,23.44,6.25,14.29,32.81,32.81,15.55,32.81,13.1653681,2345,453,1397,195.5,14,0.575585365,1.3125,1397,335,14,1.06857646,1.31875,1397,215.5,14,0.584549665,1.31875,1797,527.5,18,1.71929348,1.31875,4042,304,40.5,0.9533276,1.31875,4042,1138,40.5,4.06362343,1.31875,76.62501,1.55,1.55,99.80918
09/08/2026 11:44:31,20.63,16.13,15.87,9.68,17.74,23.81,30.16,41.27,22.22,17.46,31.75,14.29,21.75,41.27,17.3512878,2388,810,1235,633,12.375,1.38551664,1.35,1235,555,12.375,1.18616807,1.35,1976,782.5,19.8,1.98790109,1.35,4042,1401.5,40.5,4.51248169,1.35,1797,732,18,2.042217,1.35,4042,753.5,40.5,1.80707586,1.35,77.25001,1.55,1.55,99.80925
09/08/2026 11:44:33,19.7,10.45,13.64,1.49,8.96,26.87,6.06,3.03,12.12,19.7,19.7,42.42,15.34,42.42,13.0228643,2886,447,4042,317,40.5,1.00182676,1.35,1797,132.5,18,0.367904663,1.35,1797,476,18,1.58324969,1.35,1594,70.5,18,0.2046564,1.35,4042,487,40.5,1.49962091,1.35,4042,1201,40.5,4.275882,1.35,77.00001,1.55,1.55,99.8092041
09/08/2026 11:44:35,7.81,3.12,15.62,4.69,3.12,32.81,23.44,3.12,7.81,4.69,42.19,3.12,12.63,42.19,13.8153982,2920,508,1797,221.5,18,0.5889339,1.3375,1797,329.5,18,0.982593834,1.3375,4042,717.5,40.5,2.27222466,1.3375,1797,551,18,1.92374337,1.3375,4042,326,40.5,0.7700157,1.3375,4042,902,40.5,3.1593864,1.3375,76.62501,1.55,1.55,99.80919
09/08/2026 11:44:37,6.25,6.35,7.94,6.35,9.52,11.11,35.94,0,4.69,17.19,35.94,1.56,11.9,35.94,13.2291145,2313,459,1397,142.5,14,0.3548579,1.325,1201,218.5,14,0.6926036,1.3375,1397,326.5,14,0.96078,1.3375,1797,777,18,2.76191878,1.3375,4042,522,40.5,1.67208588,1.3375,4042,765.5,40.5,2.65700459,1.3375,76.62501,1.55,1.55,99.809166
09/08/2026 11:44:39,11.11,3.17,9.52,0,0,9.52,14.29,7.69,12.7,26.98,30.16,15.87,11.75,30.16,13.0000772,2920,448,4042,242,40.5,0.730819464,1.375,1797,129,18,0.3446486,1.375,1797,127,18,0.294058353,1.375,1797,491.5,18,1.76572514,1.375,4042,760.5,40.5,2.63299346,1.36875,4042,938,40.5,3.153431,1.36875,77.25001,1.55,1.55,99.80918
09/08/2026 11:44:41,9.38,7.58,9.23,0,7.81,12.31,42.19,14.06,3.12,14.06,21.54,6.25,12.29,42.19,13.5654659,2899,474,4042,262.5,40.5,0.8044741,1.33125,1675,120,18,0.2980866,1.33125,1797,375,18,1.16364741,1.33125,1797,1132,18,4.00452375,1.33125,4042,323,40.5,0.94365263,1.33125,4042,629.5,40.5,2.10156035,1.33125,77.12501,1.55,1.55,99.8092346
09/08/2026 11:44:43,9.38,1.54,9.38,1.56,0,20,14.06,25.76,4.69,20,20.31,9.38,11.34,25.76,13.3515158,4008,470,4042,234.5,40.5,0.6526162,1.36875,3835,204,40.5,0.52709794,1.36875,4042,411,40.5,1.28584611,1.36875,4042,786.5,40.5,2.86288071,1.36875,4042,542.5,40.5,1.72330856,1.36875,4042,640,40.5,2.24948525,1.36875,77.00001,1.55,1.55,99.8092041
09/08/2026 11:44:45,9.52,6.25,12.7,4.76,9.09,7.81,39.68,1.69,3.17,17.19,20.63,4.76,11.44,39.68,13.4728584,2479,464,1797,266,18,0.8302738,1.325,4042,374.5,40.5,1.12587059,1.325,1797,319,18,0.9811278,1.325,1397,778,14,2.77749515,1.325,4042,510.5,40.5,1.76577616,1.33125,1797,537,18,1.83315969,1.33125,77.00001,1.55,1.55,99.8092
09/08/2026 11:44:47,16.92,3.12,21.54,1.54,7.46,18.46,18.46,7.69,9.23,23.08,30.77,3.08,13.45,30.77,14.2865229,2720,530,1397,277,14,0.744413,1.35625,1397,438,14,1.36210263,1.35625,1397,533.5,14,1.70496571,1.35625,4042,523,40.5,1.75599885,1.35625,4042,684,40.5,2.20387483,1.35,4042,726.5,40.5,2.39759946,1.35,76.62501,1.55,1.55,99.80918
09/08/2026 11:44:49,19.05,7.94,25.4,9.38,7.94,14.29,38.1,12.7,19.05,28.57,41.27,14.29,19.83,41.27,16.9299812,2920,668,1797,383.5,18,1.00473,1.3625,4042,484.5,40.5,1.30521154,1.3625,1797,339,18,0.946266949,1.3625,4042,876.5,40.5,2.91114283,1.35,1797,786.5,18,2.43835831,1.35,4042,1139.5,40.5,3.654015,1.35,77.75001,1.55,1.55,99.80925
09/08/2026 11:44:51,12.5,1.59,10.94,7.94,13.85,31.25,26.56,1.64,4.69,15.62,4.69,10.94,11.85,31.25,12.979907,2920,444,1797,231.5,18,0.6594157,1.34375,1797,338.5,18,1.06279862,1.34375,4042,776,40.5,2.61362052,1.34375,1797,525.5,18,1.90428448,1.34375,4042,473,40.5,1.4735769,1.34375,4042,319,40.5,1.08543289,1.34375,77.62501,1.55,1.55,99.809166
09/08/2026 11:44:53,7.81,10.94,9.38,1.56,7.81,9.38,4.69,0,7.81,18.75,23.44,34.38,11.33,34.38,13.1341619,2892,464,1976,378,19.8,1.09524989,1.38125,3695,161,40.5,0.422671944,1.35625,1797,268.5,18,0.745271862,1.35625,1797,99,18,0.267995745,1.35625,4042,635,40.5,2.06571436,1.35625,4042,1241,40.5,4.287643,1.35625,77.12501,1.55,1.55,99.80917
09/08/2026 11:44:55,20.31,0,9.38,3.12,21.88,31.25,31.25,21.88,15.62,12.5,28.12,29.69,18.75,31.25,16.9479256,2920,755,1797,351,18,0.8952356,1.33125,1797,181.5,18,0.497915953,1.33125,4042,1093.5,40.5,2.82777786,1.33125,1797,1051,18,2.96034122,1.33125,4042,611.5,40.5,1.87737715,1.33125,4042,1243.5,40.5,3.166151,1.33125,78.25001,1.55,1.55,99.80946
09/08/2026 11:44:57,14.06,1.56,17.19,10.94,6.25,12.5,23.44,15.62,7.81,25,20.31,3.12,13.15,25,13.8591642,2920,480,4042,194,40.5,0.502350569,1.33125,1797,415.5,18,1.29100239,1.3375,4042,344.5,40.5,0.9930861,1.33125,1797,764,18,2.78268528,1.3375,1797,648,18,2.227046,1.3375,4042,511.5,40.5,1.70124745,1.3375,77.75001,1.55,1.55,99.809166
09/08/2026 11:44:59,13.85,15.38,10.77,1.54,1.54,7.69,30.77,4.62,7.69,13.85,23.08,20,12.56,30.77,12.9693527,2502,442,1797,431,18,1.3165139,1.3375,1534,117.5,18,0.347727925,1.3375,4042,113,40.5,0.244065478,1.3375,1797,706.5,18,2.571248,1.3375,4042,410.5,40.5,1.35999489,1.3375,1797,874.5,18,3.03560567,1.35,77.25001,1.55,1.55,99.80921
09/08/2026 11:45:01,7.81,4.69,14.06,7.81,0,6.15,23.44,26.98,6.35,9.38,31.25,14.06,12.67,31.25,13.9179525,2482,476,4042,141.5,40.5,0.353666842,1.3375,4042,412.5,40.5,1.23403418,1.3375,1797,157.5,18,0.360817462,1.3375,1976,971.5,19.8,3.55279255,1.3375,1235,247,12.375,0.6934312,1.3375,1797,927,18,3.29484272,1.3375,76.87501,1.55,1.55,99.8092041
09/08/2026 11:45:03,10.94,1.54,9.38,1.54,28.12,6.25,56.25,9.23,6.25,13.85,12.5,3.12,13.25,56.25,13.61282,2510,465,4042,187.5,40.5,0.499681324,1.31875,1585,113,18,0.288252473,1.31875,4042,602.5,40.5,1.91211092,1.34375,1797,1306,18,4.84082556,1.34375,1797,345.5,18,1.09958076,1.34375,1797,236.5,18,0.6466366,1.34375,77.37501,1.55,1.55,99.80917
09/08/2026 11:45:05,10.77,0,12.31,0,3.08,13.85,10.77,9.23,9.23,30.77,30.77,9.23,11.67,30.77,13.0878105,4038,458,4042,202,40.5,0.552709758,1.325,4042,214,40.5,0.6635106,1.325,4042,270.5,40.5,0.7727645,1.325,4042,434,40.5,1.44640136,1.325,4042,833,40.5,2.87021,1.325,4017,794.5,40.25,2.61680675,1.325,77.00001,1.55,1.55,99.80916
09/08/2026 11:45:07,6.35,4.62,7.94,1.54,11.11,12.7,9.52,46.15,11.11,18.75,12.7,1.59,12.01,46.15,13.8378134,3971,473,4042,186.5,40.5,0.48659566,1.33125,3618,139.5,40.5,0.377461821,1.33125,4042,402,40.5,1.27785087,1.33125,4042,1104,40.5,4.07835,1.33125,4042,621.5,40.5,1.9385289,1.33125,4042,382.5,40.5,1.19971478,1.33125,77.00001,1.55,1.55,99.8092041
09/08/2026 11:45:09,10.94,6.25,15.62,9.38,20.31,18.75,62.5,6.25,9.38,11.11,6.25,7.81,15.38,62.5,13.66544,2545,503,4042,258,40.5,0.668253362,1.30625,1797,380,18,1.11462581,1.30625,1797,569.5,18,1.79504788,1.30625,1797,1231,18,4.36503124,1.3375,1797,278,18,0.6889181,1.3375,4042,302,40.5,0.9535369,1.3375,76.87501,1.55,1.55,99.80923
09/08/2026 11:45:11,12.5,15.62,10.94,0,1.56,7.81,20.63,12.31,9.38,15.62,18.75,18.75,11.99,20.63,13.3828268,2365,461,1235,596,12.375,1.95423,1.31875,1096,105,12.375,0.261169016,1.31875,1976,152.5,19.8,0.340154856,1.31875,1797,689.5,18,2.48984838,1.31875,4042,431.5,40.5,1.28212547,1.325,4042,792.5,40.5,2.74980378,1.325,76.37501,1.55,1.55,99.8091
09/08/2026 11:45:13,12.5,1.56,9.38,9.38,4.69,9.38,9.38,7.81,4.69,7.81,28.12,21.88,10.55,28.12,12.6667824,3668,439,4042,244.5,40.5,0.700095057,1.3375,4042,353,40.5,1.169266,1.3375,4042,211,40.5,0.5952527,1.3375,1797,372,18,1.28634989,1.3375,4042,436,40.5,1.30455065,1.3375,4042,1016,40.5,3.5616827,1.3375,76.25001,1.55,1.55,99.80922
09/08/2026 11:45:15,9.38,3.17,14.06,3.17,11.11,17.19,17.19,3.12,6.25,15.87,29.69,25,12.93,29.69,13.3734322,2920,462,1797,164,18,0.431972921,1.35625,1797,191.5,18,0.5082653,1.35625,4042,571,40.5,1.85941327,1.35625,4042,435,40.5,1.52826333,1.35625,4042,349,40.5,1.072239,1.35625,1797,1063,18,3.609426,1.36875,76.25001,1.55,1.55,99.809166
09/08/2026 11:45:17,14.06,6.25,3.12,0,10.94,4.69,29.69,22.95,6.35,9.38,17.19,14.29,11.57,29.69,13.5393763,1960,472,1397,303.5,14,0.898275733,1.35625,1331,124.5,14,0.289712,1.35625,1397,317,14,0.9583499,1.35625,1797,1096,18,3.94941878,1.35625,4042,405.5,40.5,1.14834261,1.35625,1797,587.5,18,2.01996946,1.35625,76.50001,1.55,1.55,99.809166
09/08/2026 11:45:19,9.09,13.64,16.67,7.58,6.06,9.09,18.18,43.94,9.09,12.12,22.73,6.06,14.52,43.94,14.2860794,3668,539,1797,377.5,18,1.12098253,1.34375,4042,341.5,40.5,0.9508263,1.34375,4042,191.5,40.5,0.4611303,1.34375,4042,1269,40.5,4.0093236,1.34375,4042,466.5,40.5,1.344033,1.34375,4042,586.5,40.5,2.01005054,1.34375,76.87501,1.55,1.55,99.80917
09/08/2026 11:45:21,14.06,3.12,3.12,0,1.56,10.94,26.56,9.38,9.38,6.25,35.94,29.69,12.5,35.94,13.431735,3282,488,1797,287.5,18,0.73420316,1.35,1729,143,18,0.321613163,1.35,4042,190.5,40.5,0.4482602,1.35,4042,750.5,40.5,2.62649727,1.35,4042,232,40.5,0.5442461,1.35,4042,1323.5,40.5,4.597898,1.35,76.12501,1.55,1.55,99.8092
09/08/2026 11:45:23,14.29,6.35,14.29,12.7,14.29,12.7,26.98,28.12,11.11,30.16,14.29,4.76,15.84,30.16,13.4685793,3668,461,4042,242,40.5,0.658355653,1.35,1797,447,18,1.42513847,1.35,4042,477.5,40.5,1.53801656,1.35,4042,904.5,40.5,3.27278829,1.35,4042,509,40.5,1.65471435,1.35,4042,186,40.5,0.5597394,1.36875,75.62501,1.55,1.55,99.8092
09/08/2026 11:45:25,7.94,3.28,6.45,1.59,0,12.7,12.7,34.92,3.17,15.87,15.87,28.57,11.92,34.92,13.2827559,2859,457,1673,185.5,18,0.46073997,1.3375,1559,109,18,0.262350768,1.3375,4042,196.5,40.5,0.497692078,1.3375,1797,920,18,3.35297084,1.3375,4042,414,40.5,1.32877183,1.34375,4042,919.5,40.5,3.22262383,1.34375,75.87501,1.55,1.55,99.8092346
09/08/2026 11:45:27,12.31,3.12,4.62,12.31,9.23,24.62,21.54,21.54,10.77,29.23,23.08,8.06,15.04,29.23,13.224165,2583,451,1665,128.5,18,0.3188465,1.35,4042,268.5,40.5,0.8335848,1.35,1797,562,18,1.83982158,1.35,4042,621,40.5,2.09799123,1.35,1976,556,19.8,1.84877288,1.35,1976,569.5,19.8,1.936273,1.36875,76.00001,1.55,1.55,99.8092346
09/08/2026 11:45:29,10.61,6.15,13.64,4.62,13.85,25.76,10.61,6.15,15.15,18.46,63.08,16.67,17.06,63.08,13.314642,2482,476,1797,184.5,18,0.47941494,1.34375,4042,209,40.5,0.5536778,1.34375,4042,592.5,40.5,1.937167,1.34375,1797,136,18,0.343598962,1.34375,1235,287,12.375,0.740783036,1.35,1976,1445.5,19.8,5.067357,1.35,75.75001,1.55,1.55,99.80917
09/08/2026 11:45:31,15.62,3.12,10.94,0,0,7.81,40.62,0,1.56,29.69,20.31,10.94,11.72,40.62,13.1944237,2920,449,4042,242.5,40.5,0.6987769,1.3625,4042,183,40.5,0.452190548,1.325,1797,166,18,0.341220945,1.33125,1797,888.5,18,3.218165,1.33125,4042,625,40.5,2.072599,1.33125,1797,588,18,1.90803242,1.33125,75.75001,1.55,1.55,99.80919
09/08/2026 11:45:33,11.11,7.94,7.94,0,14.29,9.52,34.92,0,3.17,12.7,26.98,9.52,11.51,34.92,12.8920746,2358,453,1797,303.5,18,0.90462923,1.34375,4042,173,40.5,0.4597109,1.3375,4042,489,40.5,1.4756422,1.3375,1797,683,18,2.40837383,1.3375,1235,292.5,12.375,0.8527616,1.34375,1235,777,12.375,2.65297437,1.34375,75.50001,1.55,1.55,99.80918
09/08/2026 11:45:35,9.23,13.85,10.77,10.77,12.31,12.31,29.23,13.85,10.77,30.77,29.23,4.62,15.64,30.77,14.103508,2920,506,1797,326.5,18,0.876888156,1.3125,4042,214.5,40.5,0.5396808,1.3125,4042,314,40.5,0.9170053,1.3125,1797,796.5,18,2.816686,1.3125,1797,712.5,18,2.37125587,1.3125,4042,672,40.5,2.212242,1.3125,75.87501,1.55,1.55,99.8092041
09/08/2026 11:45:37,9.52,3.17,9.52,5.88,9.52,9.52,23.81,8.82,7.94,36.51,26.98,3.17,12.87,36.51,13.1715479,3270,456,1797,214,18,0.553177357,1.31875,3924,185,40.5,0.4834313,1.31875,4042,265.5,40.5,0.760939538,1.31875,1797,673.5,18,2.46154976,1.31875,4017,811.5,40.25,2.855268,1.31875,4042,586,40.5,1.87555838,1.33125,75.87501,1.55,1.55,99.80916
09/08/2026 11:45:39,13.64,1.52,6.06,1.52,1.52,10.61,16.67,15.15,4.55,13.64,50,4.55,11.62,50,13.3683052,2919,489,1797,214,18,0.599803448,1.33125,1792,158,18,0.387838244,1.33125,4042,206.5,40.5,0.5522863,1.33125,1797,718,18,2.33748627,1.3375,4042,454,40.5,1.36013174,1.3375,4042,1185,40.5,3.88621855,1.3375,75.75001,1.55,1.55,99.80929
09/08/2026 11:45:41,18.75,0,15.62,10.77,14.06,7.81,17.19,15.38,14.06,6.25,6.25,14.06,11.68,18.75,13.416173,2920,485,4042,376.5,40.5,1.10866058,1.34375,1797,494,18,1.60285759,1.34375,1797,417,18,1.29956114,1.34375,1797,737.5,18,2.52712321,1.34375,4042,408.5,40.5,1.14064908,1.35625,4042,476.5,40.5,1.59282839,1.35625,75.25001,1.55,1.55,99.80924
09/08/2026 11:45:43,12.5,10.94,15.62,6.45,3.08,9.38,35.94,51.56,18.75,9.38,14.06,3.12,15.9,51.56,14.8266563,2545,587,4042,375.5,40.5,1.00443161,1.33125,1797,350.5,18,1.09261441,1.33125,1797,153.5,18,0.3821059,1.33125,4042,1770,40.5,5.099555,1.33125,1797,527.5,18,1.61435854,1.33125,1797,343.5,18,1.12467659,1.33125,78.75001,1.55,1.55,99.8092041
09/08/2026 11:45:45,12.5,1.49,7.81,4.48,4.69,10.94,7.81,8.96,12.5,30.77,20.31,23.44,12.14,30.77,13.0144482,1984,452,1797,215,18,0.639454246,1.34375,1797,249,18,0.7881172,1.34375,4042,199.5,40.5,0.528496563,1.34375,1235,324,12.375,1.12249482,1.34375,1235,928,12.375,3.16196728,1.34375,1797,796.5,18,2.60313249,1.3375,77.50001,1.55,1.55,99.80918
09/08/2026 11:45:47,6.25,1.56,6.25,0,10.94,10.94,45.31,1.56,4.69,14.06,20.31,9.38,10.94,45.31,13.0971336,2515,454,1792,145,18,0.354271322,1.325,1620,106.5,18,0.262206763,1.33125,4042,479.5,40.5,1.47504234,1.33125,1797,929.5,18,3.371521,1.33125,1797,383,18,1.12331271,1.33125,4042,680,40.5,2.352573,1.33125,76.62501,1.55,1.55,99.8092041
09/08/2026 11:45:49,17.19,6.25,14.06,15.38,6.25,28.12,4.69,10.77,10.77,20,16.92,6.25,13.05,28.12,13.5992041,3294,515,1797,502,18,1.37937057,1.35,4042,374.5,40.5,1.09940732,1.35,4042,641,40.5,1.91047537,1.35,4042,327.5,40.5,1.0314424,1.35,1797,730.5,18,2.45358753,1.35,4042,515,40.5,1.64513624,1.35,76.50001,1.55,1.55,99.80917
09/08/2026 11:45:51,21.54,21.88,9.23,3.17,14.29,10.94,4.62,18.46,7.69,16.92,4.62,0,11.11,21.88,12.8323059,2345,447,1397,740,14,2.38975334,1.35625,1397,250,14,0.745606065,1.35625,1397,549.5,14,1.77115464,1.35625,4042,468,40.5,1.65117073,1.35625,4042,556,40.5,1.781998,1.35625,1797,120.5,18,0.331097215,1.35625,76.12501,1.55,1.55,99.8092
09/08/2026 11:45:53,12.5,3.12,6.25,0,12.5,13.85,7.81,13.64,7.81,18.75,9.23,31.25,11.39,31.25,12.8026371,4030,444,4042,303,40.5,0.948165834,1.3375,4042,127,40.5,0.337858617,1.3375,4042,505.5,40.5,1.57751238,1.3375,3968,359,40.5,1.25232649,1.3375,4042,507.5,40.5,1.62304938,1.3375,4042,860.5,40.5,2.92515731,1.34375,75.50001,1.55,1.55,99.80916
09/08/2026 11:45:55,7.81,4.69,12.5,0,25,6.35,15.62,21.88,4.69,11.11,23.44,10.94,12,25,13.4235048,2888,465,3854,173,40.5,0.467002571,1.35625,1797,203.5,18,0.6181323,1.35625,1797,619.5,18,2.03955531,1.35625,4042,781.5,40.5,2.551876,1.35625,4042,312,40.5,0.9924039,1.3625,1797,701,18,2.41915035,1.3625,76.00001,1.55,1.55,99.8092957
09/08/2026 11:45:57,4.69,3.12,9.38,0,17.19,10.94,18.75,23.44,3.12,7.81,21.88,17.19,11.46,23.44,13.0742474,3270,451,1654,114,18,0.280081034,1.3125,4042,122,40.5,0.310152024,1.3125,4042,580.5,40.5,1.90916336,1.3125,1797,832,18,2.95722532,1.3125,4042,284.5,40.5,0.747594357,1.3125,4042,774.5,40.5,2.74464965,1.3125,75.75001,1.55,1.55,99.8092041
09/08/2026 11:45:59,21.54,12.5,15.62,19.67,15.38,7.81,7.69,16.92,12.31,27.69,12.5,20,15.8,27.69,13.1220436,2720,452,1397,376.5,14,1.16394353,1.35,1397,472,14,1.56317008,1.35,1397,384,14,1.22053611,1.35,4042,386,40.5,1.35145354,1.35,4042,610.5,40.5,1.99756467,1.35,4042,482,40.5,1.57102537,1.3625,75.62501,1.55,1.55,99.80913
09/08/2026 11:46:01,7.81,3.03,6.15,4.55,1.54,9.23,18.75,7.58,10.94,31.25,18.75,17.19,11.4,31.25,13.2744818,4042,483,4042,241,40.5,0.6610037,1.3625,4042,259.5,40.5,0.8137668,1.3625,4042,133,40.5,0.286160082,1.3625,4042,533.5,40.5,1.78534973,1.3625,4042,863,40.5,2.83599472,1.3625,4042,866.5,40.5,2.82382965,1.3625,75.37501,1.55,1.55,99.80923
09/08/2026 11:46:03,9.38,6.25,10.94,1.56,21.88,14.06,31.25,1.56,4.69,18.75,23.44,3.12,12.24,31.25,13.02068,2453,456,4042,310,40.5,0.9008488,1.325,1645,114.5,18,0.266464233,1.325,1797,679.5,18,2.25707936,1.325,1397,668,14,2.321506,1.325,4042,447.5,40.5,1.34950161,1.33125,1797,518.5,18,1.70642209,1.33125,75.12501,1.55,1.55,99.80918
09/08/2026 11:46:05,7.81,6.35,10.94,0,3.12,11.11,26.56,17.19,9.38,11.11,45.31,7.81,13.06,45.31,13.4492884,2491,498,1976,296,19.8,0.73959595,1.3375,1293,144.5,14,0.344941348,1.3375,4042,198.5,40.5,0.477039427,1.3375,1797,813,18,2.75477648,1.3375,1797,446.5,18,1.34510136,1.3375,4042,1089.5,40.5,3.627236,1.3375,75.12501,1.55,1.55,99.80918
09/08/2026 11:46:07,9.38,4.62,11.11,9.23,11.11,9.52,1.56,1.59,18.75,21.88,23.44,26.56,12.4,26.56,13.13312,2319,461,1386,174.5,14,0.446316957,1.31875,1397,396,14,1.22484243,1.33125,1397,334,14,0.984296,1.33125,1648,76.5,18,0.2031056,1.33125,4042,696.5,40.5,2.32628918,1.33125,4042,1088.5,40.5,3.66066933,1.33125,75.12501,1.55,1.55,99.80917
09/08/2026 11:46:09,12.31,1.54,15.38,4.62,4.62,9.23,13.85,20,6.15,13.64,36.92,4.62,11.91,36.92,12.98147,2920,460,4042,188.5,40.5,0.5086976,1.33125,1797,397,18,1.21323,1.33125,4042,233,40.5,0.633297861,1.33125,1797,705,18,2.4502902,1.33125,1797,377.5,18,1.17585146,1.33125,4042,858,40.5,2.885184,1.33125,75.12501,1.55,1.55,99.80918
09/08/2026 11:46:11,3.12,4.69,9.38,4.69,1.54,12.5,18.75,4.62,3.12,18.75,32.81,28.12,11.84,32.81,13.07464,3147,456,1318,126,14,0.3033122,1.34375,1397,216.5,14,0.6526508,1.34375,4042,254,40.5,0.665810943,1.34375,4042,421.5,40.5,1.34559309,1.34375,4042,506.5,40.5,1.69054151,1.34375,4042,1213,40.5,4.21617031,1.34375,75.12501,1.55,1.55,99.80915
09/08/2026 11:46:13,7.81,1.56,12.5,0,0,7.81,23.44,10.94,6.25,37.5,6.25,17.19,10.94,37.5,13.0454893,2757,448,1203,136.5,12.375,0.34590435,1.35,1235,258,12.375,0.8070392,1.35,1976,126.5,19.8,0.2622585,1.35,4042,752,40.5,2.67648268,1.35,4042,899.5,40.5,3.1291666,1.35,4042,517.5,40.5,1.70319963,1.35,75.50001,1.55,1.55,99.8092346
09/08/2026 11:46:15,29.69,0,12.5,1.56,10.94,18.75,9.38,1.56,4.69,23.44,28.12,15.62,13.02,29.69,13.0870266,4042,457,4042,312.5,40.5,0.8807808,1.34375,4042,274,40.5,0.84051,1.34375,4042,493.5,40.5,1.604846,1.34375,4042,168,40.5,0.5030568,1.34375,4042,541,40.5,1.76629579,1.34375,4042,950.5,40.5,3.26114154,1.34375,75.25001,1.55,1.55,99.80927
09/08/2026 11:46:17,12.5,19.05,31.75,0,6.25,12.5,25,0,3.12,10.77,24.62,0,12.13,31.75,12.838109,2345,450,1397,526.5,14,1.67203045,1.31875,1397,611,14,2.01776862,1.34375,1397,350,14,1.06976473,1.34375,1797,396.5,18,1.38797033,1.34375,4042,315.5,40.5,0.895031,1.34375,4042,499.5,40.5,1.70630491,1.34375,75.37501,1.55,1.55,99.80916
09/08/2026 11:46:19,14.06,3.12,28.12,12.5,20.31,26.56,17.19,6.25,7.81,18.75,25,3.12,15.23,28.12,14.1815939,3294,543,1797,219,18,0.545053244,1.3375,1797,776.5,18,2.11811924,1.3375,4042,858.5,40.5,2.794108,1.3375,4042,498,40.5,1.5589242,1.35,4042,455,40.5,1.33253753,1.35,4042,450.5,40.5,1.49836946,1.35,75.50001,1.55,1.55,99.809166
09/08/2026 11:46:21,10.94,4.69,10.94,3.12,1.56,9.38,53.12,4.69,12.5,7.81,31.25,4.69,12.89,53.12,13.4888191,3294,494,1797,231,18,0.593267143,1.35,1797,252,18,0.7148613,1.35,4042,194,40.5,0.453455478,1.35,4042,1114,40.5,3.9337492,1.3625,4042,397,40.5,1.17958915,1.3625,4042,776.5,40.5,2.63389921,1.3625,75.25001,1.55,1.55,99.8092
09/08/2026 11:46:23,20,4.62,12.31,3.03,4.62,10.77,24.62,15.38,15.38,19.7,32.31,21.54,15.36,32.31,13.1096849,3291,463,1797,314.5,18,0.9649622,1.35,1781,172.5,18,0.450479835,1.35,4042,188,40.5,0.455449849,1.35,4042,550.5,40.5,1.79545927,1.35,4042,577.5,40.5,1.88926792,1.35,4042,977.5,40.5,3.340762,1.35,74.87501,1.55,1.55,99.80919
09/08/2026 11:46:25,7.69,1.52,9.09,1.52,3.03,15.15,12.31,41.54,3.08,18.18,18.18,20,12.61,41.54,13.2478542,3950,461,3877,147.5,40.5,0.369698763,1.3625,3658,129,40.5,0.3215973,1.3625,4042,344.5,40.5,1.039759,1.3625,4042,956.5,40.5,3.431302,1.3625,4042,458.5,40.5,1.505377,1.3625,4042,730.5,40.5,2.44969487,1.3625,75.37501,1.55,1.55,99.80922
